minutesPlayed;appearances;started;goals;totalShots;shotsOnTarget;shotsOffTarget;blockedShots;assists;keyPasses;bigChancesCreated;bigChancesMissed;successfulDribbles;penaltiesWon;penaltiesTaken;penaltyGoals;offsides;tackles;interceptions;clearances;dribbledPast;penaltiesCommitted;fouls;wasFouled;aerialDuelsWon;groundDuelsWon;totalPasses;accuratePasses;accurateFinalThirdPasses;accurateLongBalls;accurateCrosses;possessionLost;dispossessed;yellowCards;redCards;tm_id;ss_id;season_origen;season_futuro_id;tipo_dato
2278;39;26;1;31;8;16;7;1;25;4;0;8;0;0;0;2;88;43;71;58;1;37;7;52;102;1264;1001;255;115;12;345;16;4;0;55164;41834;2017_2018;16007;futuro_real
3803;43;43;1;16;4;9;3;0;10;0;3;18;0;0;0;1;48;67;206;21;2;55;36;97;95;2320;2059;173;217;0;292;8;10;1;56032;34134;2017_2018;16007;futuro_real
2488;31;28;0;27;3;18;6;3;29;1;3;10;0;0;0;2;61;33;42;39;1;70;25;69;93;1315;1093;202;64;0;288;17;9;6;76717;249305;2017_2018;16007;futuro_real
99;2;1;1;1;1;0;0;0;0;0;0;2;0;0;0;2;1;1;0;1;0;1;3;1;6;22;18;7;1;0;11;3;0;0;84111;355874;2017_2018;16007;futuro_real
2466;32;28;13;97;35;46;16;3;42;11;10;14;1;3;2;34;19;7;32;17;1;73;24;16;55;811;609;279;33;3;346;36;12;1;89317;339855;2017_2018;16007;futuro_real
2949;34;33;3;41;13;24;4;0;6;1;8;4;0;0;0;3;29;61;156;7;1;57;17;100;48;816;634;33;60;0;198;1;7;1;90674;147293;2017_2018;16007;futuro_real
657;11;7;2;17;6;5;6;3;22;5;2;22;0;0;0;3;7;1;0;3;1;6;14;3;43;372;299;153;14;16;128;5;0;0;102810;248291;2018_2019;22349;futuro_real
1763;21;21;0;8;2;5;1;0;11;0;1;5;0;0;0;0;41;33;33;7;0;34;11;23;57;509;382;101;28;6;226;12;5;1;103111;873694;2018_2019;22349;futuro_real
995;21;8;6;46;19;17;10;4;27;8;3;6;0;1;1;8;13;4;3;5;0;16;37;5;56;324;250;115;31;19;206;15;5;0;104392;249511;2018_2019;22349;futuro_real
1565;28;17;4;48;11;22;15;8;40;11;1;43;0;0;0;3;16;9;2;6;0;21;41;7;99;649;517;215;52;25;304;27;3;0;119365;882851;2018_2019;22349;futuro_real
2086;26;25;0;15;2;12;1;1;35;8;2;7;1;0;0;1;39;22;13;22;0;22;58;10;104;1145;980;274;93;4;237;27;1;0;123418;107388;2018_2019;22349;futuro_real
2109;25;25;4;32;16;10;6;5;38;10;3;45;3;0;0;6;19;12;3;19;0;27;74;11;136;774;603;275;26;15;331;38;3;1;126019;83951;2018_2019;22349;futuro_real
2456;28;28;0;5;0;4;1;0;12;1;0;11;0;0;0;0;69;30;47;49;0;46;49;27;125;1510;1276;137;69;0;278;8;12;0;135139;839571;2018_2019;22349;futuro_real
995;23;11;2;7;6;1;0;3;15;2;2;3;1;0;0;5;7;9;6;7;0;23;14;8;23;259;189;62;14;2;133;15;3;0;142588;147587;2018_2019;22349;futuro_real
1992;32;23;8;38;17;16;5;4;18;5;9;5;0;3;3;8;13;2;23;14;0;22;19;80;33;368;233;83;10;1;187;15;2;0;144111;180071;2018_2019;22349;futuro_real
737;9;8;1;12;3;5;4;0;1;0;1;5;0;0;0;1;23;6;13;9;0;21;7;6;35;303;261;66;23;0;69;4;3;1;149771;339841;2018_2019;22349;futuro_real
543;8;6;0;1;0;1;0;0;1;1;1;0;0;0;0;1;4;11;22;8;0;6;5;10;9;192;155;11;21;0;38;0;2;1;160317;248215;2018_2019;22349;futuro_real
1585;18;18;0;6;1;3;2;0;4;0;0;5;0;0;0;0;16;20;48;5;0;32;17;24;37;932;791;84;116;1;156;1;9;0;168987;324939;2018_2019;22349;futuro_real
1860;25;22;4;33;7;21;5;1;30;2;0;5;0;0;0;1;27;22;15;21;0;21;18;29;49;922;793;168;71;9;213;12;3;1;169992;786311;2018_2019;22349;futuro_real
1171;21;13;0;9;3;5;1;0;5;0;1;8;0;0;0;1;31;14;27;15;2;37;26;31;62;542;445;56;23;0;125;9;10;0;170616;176289;2018_2019;22349;futuro_real
1676;26;19;3;42;20;14;8;4;27;1;1;32;0;0;0;4;12;4;4;4;0;21;23;14;65;804;700;313;13;14;230;22;2;0;176400;220931;2018_2019;22349;futuro_real
1510;19;18;3;32;12;14;6;0;10;0;2;7;1;0;0;3;35;16;33;24;0;48;26;45;66;526;384;95;44;2;188;12;7;1;186903;248229;2018_2019;22349;futuro_real
1329;17;16;1;26;10;13;3;1;15;2;7;28;0;0;0;1;18;6;10;20;0;19;42;9;86;390;290;140;16;4;210;32;2;0;196037;340077;2018_2019;22349;futuro_real
2415;32;28;6;69;21;33;15;2;85;13;7;108;0;0;0;2;11;5;2;16;0;24;90;17;207;659;462;230;26;75;535;66;5;0;198027;189207;2018_2019;22349;futuro_real
2243;26;25;1;12;2;9;1;1;6;3;1;12;0;0;0;1;30;41;101;13;0;26;13;53;55;1005;782;61;96;2;255;6;3;0;201043;358202;2018_2019;22349;futuro_real
430;10;4;3;19;6;7;6;0;3;0;1;3;0;1;1;3;3;0;5;3;0;9;11;1;16;90;59;25;4;0;68;11;2;0;201397;34133;2018_2019;22349;futuro_real
2030;32;25;8;41;22;12;7;7;56;11;9;44;2;8;5;2;46;9;6;32;0;24;47;8;137;709;538;220;33;50;414;26;5;0;202906;339657;2018_2019;22349;futuro_real
954;12;11;0;0;0;0;0;0;4;2;0;1;0;0;0;0;12;5;29;3;0;7;3;18;15;391;332;23;26;0;61;0;3;0;211417;18305;2018_2019;22349;futuro_real
2961;33;33;9;130;46;65;19;7;59;11;7;35;2;1;1;33;39;12;10;21;0;34;80;18;154;1070;786;374;74;59;628;41;5;0;212434;830663;2018_2019;22349;futuro_real
690;19;6;1;16;6;8;2;2;19;4;0;15;1;1;1;2;7;8;3;6;0;14;24;4;46;264;207;83;6;12;138;15;1;1;214654;574464;2018_2019;22349;futuro_real
2095;26;23;3;29;5;16;8;0;4;0;1;8;0;0;0;0;35;29;100;12;0;40;26;84;66;775;596;44;53;1;191;3;11;0;214719;220929;2018_2019;22349;futuro_real
2051;25;24;3;56;19;24;13;0;57;10;5;100;0;0;0;6;14;7;5;28;0;29;80;9;194;776;639;251;35;35;439;64;8;0;216291;925308;2018_2019;22349;futuro_real
2690;30;30;1;18;6;6;6;2;29;7;3;18;0;0;0;5;85;50;56;29;1;45;45;35;146;1118;884;217;63;29;476;25;9;1;224652;925176;2018_2019;22349;futuro_real
2085;29;24;0;16;6;7;3;0;11;0;1;10;0;0;0;0;84;25;20;41;1;63;49;38;139;1007;868;134;75;3;211;27;13;0;224669;378808;2018_2019;22349;futuro_real
1047;17;11;2;11;3;7;1;3;19;3;1;4;0;0;0;3;23;18;24;9;0;13;8;37;34;354;260;65;24;8;172;2;1;0;224670;339177;2018_2019;22349;futuro_real
1881;27;21;5;22;10;8;4;6;34;4;3;42;1;0;0;10;18;5;9;16;0;30;29;12;88;684;551;260;15;14;288;35;6;0;224677;588144;2018_2019;22349;futuro_real
2404;27;27;1;9;2;5;2;0;6;0;0;8;0;0;0;1;43;53;136;15;1;41;14;45;64;770;555;49;85;2;244;10;5;1;224685;883391;2018_2019;22349;futuro_real
934;11;11;0;3;0;2;1;0;1;1;1;5;0;0;0;0;23;16;38;9;1;12;11;16;35;341;280;13;24;0;73;2;3;1;227771;312276;2018_2019;22349;futuro_real
1121;18;13;0;27;9;11;7;1;18;2;1;12;0;1;0;6;27;12;12;13;0;22;25;10;64;512;391;130;27;10;258;24;11;0;235508;982178;2018_2019;22349;futuro_real
2275;28;26;0;7;2;4;1;2;17;5;0;46;0;0;0;0;54;47;43;37;0;34;39;8;138;676;473;111;64;15;424;23;6;0;249923;883291;2018_2019;22349;futuro_real
677;17;7;1;8;2;4;2;0;6;1;0;0;0;0;0;0;10;7;5;11;0;12;18;10;26;448;389;93;34;2;74;2;4;0;249977;883294;2018_2019;22349;futuro_real
1381;18;16;6;53;17;29;7;2;17;2;5;27;1;0;0;6;26;9;2;14;0;53;68;13;121;393;330;148;12;7;219;29;3;0;250055;345779;2018_2019;22349;futuro_real
870;19;10;3;15;7;7;1;2;10;0;2;18;0;0;0;5;12;11;12;8;0;28;30;14;58;216;149;61;5;5;141;15;3;1;250482;805353;2018_2019;22349;futuro_real
2069;26;24;0;21;4;8;9;0;21;3;1;12;0;0;0;4;44;45;18;32;0;28;28;25;82;890;695;194;42;7;268;16;10;0;250737;805065;2018_2019;22349;futuro_real
2046;26;22;0;1;0;1;0;1;11;2;0;11;0;0;0;0;49;36;25;23;0;47;24;18;83;1124;974;122;77;0;202;15;8;1;250751;846375;2018_2019;22349;futuro_real
630;7;7;0;3;0;2;1;0;1;0;0;0;0;0;0;0;12;6;41;3;1;10;1;9;13;228;181;15;21;0;55;2;4;0;250915;358194;2018_2019;22349;futuro_real
687;15;6;0;4;1;2;1;0;3;1;0;2;0;0;0;0;22;10;13;10;0;16;7;8;30;384;333;55;31;0;65;4;5;1;250929;883298;2018_2019;22349;futuro_real
1034;12;12;7;27;10;13;4;1;9;3;1;2;1;1;1;15;6;1;14;2;0;25;15;45;22;206;133;52;4;1;125;14;3;0;251688;831815;2018_2019;22349;futuro_real
1734;22;19;0;3;0;1;2;1;15;2;0;6;0;0;0;1;22;17;37;13;0;27;14;12;41;430;293;85;37;11;274;9;3;0;260093;882838;2018_2019;22349;futuro_real
2569;31;30;1;26;8;11;7;8;25;4;0;22;0;0;0;1;53;50;42;24;3;46;12;18;87;927;706;209;54;16;377;19;6;2;260094;873704;2018_2019;22349;futuro_real
1586;20;18;0;13;2;10;1;1;13;0;0;13;0;0;0;1;48;31;24;27;0;40;18;27;77;446;342;53;21;0;143;17;6;1;260103;805351;2018_2019;22349;futuro_real
912;12;10;0;2;1;1;0;0;5;1;1;2;0;0;0;3;7;9;38;4;0;11;10;18;16;274;206;35;20;1;107;0;1;0;260318;338883;2018_2019;22349;futuro_real
2035;25;23;1;7;3;2;2;2;9;2;1;5;0;0;0;4;38;34;44;13;1;42;14;24;55;614;445;84;45;12;284;6;5;1;279380;883343;2018_2019;22349;futuro_real
630;16;7;1;11;4;4;3;0;11;1;1;9;0;0;0;2;18;4;0;5;0;22;16;4;43;178;140;49;6;11;132;15;4;0;279387;339475;2018_2019;22349;futuro_real
1484;18;17;10;52;16;23;13;0;22;4;7;13;1;7;6;3;7;0;32;6;0;21;27;60;44;471;349;136;15;1;229;44;4;0;30873;37269;2018_2019;22349;futuro_real
1867;23;22;0;17;3;12;2;1;4;1;0;2;0;0;0;2;11;23;101;6;0;42;17;31;27;454;340;34;43;0;123;4;7;1;317056;820980;2018_2019;22349;futuro_real
1741;27;22;4;33;13;15;5;2;27;4;1;24;0;1;1;1;19;16;5;25;0;23;27;7;70;592;485;183;34;12;225;20;4;0;325696;805056;2018_2019;22349;futuro_real
515;13;4;0;9;2;5;2;0;0;0;2;10;1;1;0;5;6;1;5;4;0;14;10;15;26;149;110;36;1;0;91;12;2;0;325726;846366;2018_2019;22349;futuro_real
985;18;11;1;17;9;5;3;3;26;4;3;15;0;0;0;1;18;4;4;20;0;8;13;2;46;502;407;129;24;11;161;9;1;0;334104;805267;2018_2019;22349;futuro_real
1603;25;20;1;12;2;8;2;0;11;2;0;26;0;0;0;0;56;22;11;40;0;51;38;23;119;777;623;182;41;2;263;24;6;0;335217;883397;2018_2019;22349;futuro_real
2195;25;25;3;17;9;6;2;0;2;0;0;15;0;0;0;0;47;46;97;11;1;47;48;62;106;1091;887;58;100;0;234;7;14;0;335677;874985;2018_2019;22349;futuro_real
546;7;6;0;4;0;4;0;0;1;0;0;1;0;0;0;0;7;7;14;8;0;11;3;9;11;125;83;19;9;0;87;2;3;0;347416;883732;2018_2019;22349;futuro_real
518;10;6;0;5;2;0;3;0;6;1;0;7;0;0;0;0;15;3;5;5;0;6;4;4;26;250;210;32;15;0;51;4;1;1;351561;831183;2018_2019;22349;futuro_real
2024;27;24;9;40;22;9;9;3;35;2;3;28;1;5;4;3;14;8;11;8;0;12;62;32;101;684;557;214;9;23;272;20;3;0;353038;805143;2018_2019;22349;futuro_real
235;6;2;0;9;4;5;0;0;3;0;1;5;0;0;0;0;2;0;1;6;0;7;5;17;12;70;40;18;3;0;53;6;2;0;356379;847241;2018_2019;22349;futuro_real
1998;24;23;1;12;1;7;4;0;12;3;0;8;0;0;0;3;35;38;29;22;1;49;19;21;61;674;518;122;37;10;265;13;3;1;356381;873703;2018_2019;22349;futuro_real
753;16;8;3;23;7;11;5;0;5;0;3;14;1;1;0;7;3;2;11;2;0;18;12;14;29;202;153;59;7;1;116;20;1;0;357124;805366;2018_2019;22349;futuro_real
863;14;10;0;1;0;0;1;0;0;0;0;2;0;0;0;0;14;16;41;3;3;22;5;18;21;304;256;23;31;0;55;0;3;2;362579;830020;2018_2019;22349;futuro_real
1786;22;20;0;9;3;4;2;0;7;1;0;10;2;0;0;8;35;27;31;29;0;43;53;13;98;661;543;118;41;5;208;10;8;0;368844;924924;2018_2019;22349;futuro_real
321;8;2;1;6;1;2;3;2;6;0;2;2;0;0;0;3;1;1;1;3;0;5;5;12;8;117;84;25;3;0;54;7;1;0;37999;18848;2018_2019;22349;futuro_real
814;12;11;0;11;3;5;3;0;11;1;2;18;0;0;0;2;10;6;9;6;0;8;30;4;58;241;180;61;3;4;158;15;0;0;398023;836280;2018_2019;22349;futuro_real
1043;23;8;2;25;8;13;4;0;19;3;4;12;0;0;0;13;5;4;2;4;0;19;17;22;34;276;222;109;2;2;120;12;3;0;41301;26884;2018_2019;22349;futuro_real
1037;16;11;1;7;3;3;1;1;13;2;0;7;0;0;0;2;16;13;9;7;1;14;10;3;33;404;325;80;20;10;159;9;0;0;420949;836281;2018_2019;22349;futuro_real
1284;17;16;0;0;0;0;0;1;8;2;0;5;0;0;0;2;31;26;12;15;0;25;11;9;47;429;355;84;12;3;134;12;2;1;434562;883279;2018_2019;22349;futuro_real
2677;30;30;0;7;4;3;0;0;22;1;1;21;0;0;0;0;49;38;34;32;0;37;24;20;89;1635;1447;212;91;0;237;13;6;0;440020;874986;2018_2019;22349;futuro_real
1889;24;21;6;61;18;31;12;5;50;6;7;14;1;2;1;20;9;2;44;14;0;35;37;45;54;611;468;233;22;1;251;31;5;2;45474;11583;2018_2019;22349;futuro_real
2044;25;23;1;20;8;9;3;2;16;2;3;28;0;0;0;1;45;27;44;33;1;51;25;28;97;704;567;162;19;10;290;13;8;0;473579;876928;2018_2019;22349;futuro_real
1184;22;13;7;48;15;21;12;3;16;2;6;9;1;1;1;19;4;0;6;2;0;23;14;44;26;194;140;71;3;1;117;16;2;1;477383;883388;2018_2019;22349;futuro_real
2470;28;28;1;25;4;19;2;0;11;4;2;44;0;0;0;0;56;60;150;7;4;52;26;69;124;1246;943;113;154;2;369;12;10;0;482452;922007;2018_2019;22349;futuro_real
1300;28;12;3;38;14;22;2;2;23;3;9;3;1;0;0;14;8;1;10;5;0;16;28;60;36;270;180;82;5;0;128;7;3;0;51225;35621;2018_2019;22349;futuro_real
1271;23;14;1;35;9;15;11;1;28;2;1;17;0;0;0;3;12;8;9;12;0;7;17;7;44;388;260;100;16;24;294;23;0;0;54594;790020;2018_2019;22349;futuro_real
963;11;11;1;9;3;4;2;0;7;0;0;9;0;0;0;1;29;13;24;16;0;8;15;22;53;640;558;83;56;1;103;6;2;0;54818;47379;2018_2019;22349;futuro_real
2294;30;24;2;53;15;29;9;1;12;0;0;17;0;0;0;0;36;37;48;36;2;53;45;54;95;694;471;119;66;1;276;16;9;1;56004;590448;2018_2019;22349;futuro_real
1180;15;15;0;11;5;4;2;1;8;0;0;12;0;0;0;0;32;29;28;17;0;22;14;10;58;457;348;92;34;7;201;8;5;1;581174;888479;2018_2019;22349;futuro_real
1039;15;12;0;4;1;3;0;1;1;0;2;0;0;0;0;0;17;7;41;5;2;14;1;12;17;322;264;28;26;0;67;0;1;1;582317;931692;2018_2019;22349;futuro_real
2683;30;30;0;22;6;11;5;5;32;6;0;43;0;0;0;2;76;37;47;27;0;65;22;17;140;1078;862;191;73;25;416;23;9;0;582319;924932;2018_2019;22349;futuro_real
1135;24;13;1;18;11;4;3;1;31;4;2;13;0;0;0;0;20;7;4;13;0;29;30;6;63;337;252;117;6;24;209;28;7;0;582320;924878;2018_2019;22349;futuro_real
2188;27;24;1;8;2;6;0;1;7;1;2;11;0;0;0;0;32;38;54;12;1;49;25;43;61;975;816;69;83;1;179;4;9;1;59947;38516;2018_2019;22349;futuro_real
711;15;7;0;8;3;3;2;0;9;1;1;21;1;0;0;1;14;4;3;7;0;22;30;6;64;153;124;41;1;7;98;10;2;0;63451;26176;2018_2019;22349;futuro_real
1181;20;13;5;24;7;11;6;0;12;1;3;1;0;1;1;9;8;1;14;8;0;31;28;92;30;296;181;60;4;0;151;7;7;0;68910;45882;2018_2019;22349;futuro_real
2687;31;30;4;50;17;15;18;3;41;11;6;48;2;2;2;15;41;12;23;34;0;62;119;59;201;889;659;263;37;20;493;77;9;0;72677;33993;2018_2019;22349;futuro_real
1046;12;12;0;2;0;2;0;0;0;0;1;0;0;0;0;2;12;15;50;4;0;8;6;18;18;360;282;28;38;0;87;1;1;1;73609;33578;2018_2019;22349;futuro_real
2821;33;32;23;77;38;21;18;9;79;11;2;65;0;10;10;2;38;15;28;40;0;44;101;29;201;1373;1098;476;78;12;502;80;8;0;73705;249599;2018_2019;22349;futuro_real
1907;30;21;5;81;18;41;22;4;37;5;4;44;3;0;0;6;16;11;7;12;0;37;50;22;110;613;484;182;27;14;336;47;4;1;73780;38171;2018_2019;22349;futuro_real
2098;24;24;3;32;12;16;4;0;18;1;5;12;0;0;0;0;49;27;42;26;1;41;18;43;78;864;709;126;45;0;182;9;3;0;76717;249305;2018_2019;22349;futuro_real
430;7;5;0;3;1;1;1;0;8;0;0;6;0;0;0;0;10;3;10;4;0;4;6;2;22;220;191;61;18;3;49;3;1;0;82315;44904;2018_2019;22349;futuro_real
2242;25;25;3;13;7;5;1;0;3;0;4;0;0;0;0;0;14;28;139;4;0;25;13;65;25;828;701;49;79;0;146;4;4;0;82562;38023;2018_2019;22349;futuro_real
675;18;7;2;12;6;4;2;0;11;1;0;2;0;0;0;0;3;2;7;8;0;7;8;6;13;208;150;56;9;3;131;13;2;0;82567;47397;2018_2019;22349;futuro_real
1369;18;15;0;6;1;4;1;0;2;0;0;6;0;0;0;0;16;24;54;3;0;3;6;21;27;592;499;46;62;0;103;4;1;0;82570;924643;2018_2019;22349;futuro_real
2738;32;32;3;80;24;36;20;4;70;7;1;44;0;0;0;6;40;14;4;29;0;28;70;1;154;1108;848;386;52;56;594;46;5;0;82577;38024;2018_2019;22349;futuro_real
2430;27;27;1;9;3;6;0;1;6;1;1;22;0;0;0;3;21;16;115;9;3;45;20;59;56;1193;960;105;77;3;295;13;9;0;82584;883313;2018_2019;22349;futuro_real
745;18;5;0;17;2;10;5;1;26;4;0;17;0;0;0;0;16;4;7;6;0;26;29;5;62;489;387;163;29;8;189;23;3;1;84326;107328;2018_2019;22349;futuro_real
1629;19;18;0;35;7;18;10;0;30;3;0;22;0;0;0;0;22;21;18;11;0;26;14;14;58;765;632;222;91;18;214;7;5;0;84349;47413;2018_2019;22349;futuro_real
267;7;2;0;7;1;4;2;0;7;0;1;2;0;0;0;0;6;3;4;6;0;8;1;6;9;128;101;25;9;3;40;4;0;0;94440;125113;2018_2019;22349;futuro_real
212;11;1;0;5;0;3;2;1;4;0;1;2;0;0;0;0;10;0;2;7;0;7;6;2;18;78;58;28;3;1;47;5;3;0;94450;994148;2018_2019;22349;futuro_real
1802;23;20;1;18;2;10;6;0;5;1;1;7;1;0;0;0;41;29;23;27;0;38;14;23;61;607;472;96;44;1;167;5;4;0;94480;130393;2018_2019;22349;futuro_real
1989;23;22;1;8;2;5;1;0;7;1;1;6;0;0;0;2;29;30;62;19;1;33;10;70;43;754;588;80;114;0;175;3;4;1;94741;169925;2018_2019;22349;futuro_real
307;11;0;2;16;6;5;5;2;12;1;0;8;0;1;1;0;4;3;1;10;0;4;3;1;15;259;220;77;20;5;76;5;0;0;94766;46983;2018_2019;22349;futuro_real
1225;17;13;0;14;3;10;1;0;9;1;0;12;0;0;0;0;28;21;27;21;1;26;13;14;51;475;389;65;27;0;122;10;4;1;95852;123238;2018_2019;22349;futuro_real
644;18;6;1;19;4;13;2;3;10;4;0;14;0;0;0;2;34;9;6;10;0;30;8;11;56;322;231;88;10;6;154;14;5;0;99520;805425;2018_2019;22349;futuro_real
1673;20;20;0;5;2;1;2;0;7;2;1;14;1;0;0;1;50;32;37;20;0;47;36;21;100;913;782;149;52;1;184;19;9;1;100197;162603;2019_2020;27096;futuro_real
1067;12;14;0;10;5;4;1;1;14;2;2;18;0;0;0;0;30;19;16;13;1;23;17;12;64;426;333;78;11;10;176;14;4;0;100501;247951;2019_2020;27096;futuro_real
1822;26;23;1;20;6;8;6;1;42;6;0;26;1;0;0;9;32;14;2;9;0;36;35;24;91;673;504;200;42;40;371;37;4;0;102810;248291;2019_2020;27096;futuro_real
1909;25;23;4;25;9;13;3;1;18;1;2;9;0;0;0;4;55;43;28;23;0;29;26;16;89;705;541;197;49;23;334;16;5;0;103817;311524;2019_2020;27096;futuro_real
1255;23;16;0;25;9;12;4;1;15;2;1;5;0;0;0;0;26;20;11;25;0;30;10;13;40;870;709;176;83;10;239;15;2;0;106283;220935;2019_2020;27096;futuro_real
2188;25;25;15;81;32;36;13;5;23;5;8;4;1;7;6;25;15;5;32;5;1;36;20;42;38;417;276;108;19;3;219;22;8;0;120964;578352;2019_2020;27096;futuro_real
1468;20;16;7;65;22;29;14;7;37;8;5;31;2;3;3;9;20;8;3;14;0;44;47;7;98;476;348;155;24;14;357;52;3;4;124747;789238;2019_2020;27096;futuro_real
647;15;8;3;21;11;4;6;0;4;0;3;2;0;0;0;4;2;0;6;0;0;16;15;17;18;122;102;31;0;0;45;4;1;0;125481;789932;2019_2020;27096;futuro_real
1179;20;16;3;21;8;7;6;1;10;2;3;6;0;1;1;24;15;1;7;7;0;21;17;37;36;229;157;58;5;4;130;13;0;0;133737;992484;2019_2020;27096;futuro_real
1516;20;20;0;8;1;5;2;1;19;1;0;9;0;0;0;1;34;25;20;11;0;46;20;33;61;752;601;173;56;11;214;18;7;1;142476;339159;2019_2020;27096;futuro_real
1244;20;16;2;16;4;10;2;0;11;1;0;8;0;2;2;0;23;16;20;14;0;19;8;32;39;619;490;114;69;1;165;12;2;0;146822;339169;2019_2020;27096;futuro_real
467;9;6;2;6;2;4;0;0;4;1;0;7;0;0;0;5;3;1;0;1;0;9;6;2;16;106;79;28;0;0;57;5;0;0;147482;180055;2019_2020;27096;futuro_real
266;5;3;1;6;3;3;0;1;2;1;2;0;1;0;0;0;0;0;2;0;0;6;12;5;10;39;29;13;0;0;20;3;1;0;159778;146615;2019_2020;27096;futuro_real
637;9;7;0;1;0;1;0;0;1;0;0;0;0;0;0;3;7;11;32;6;0;6;7;15;14;197;146;17;32;0;58;1;3;0;160317;248215;2019_2020;27096;futuro_real
1669;20;19;1;10;1;8;1;1;8;3;0;5;0;0;0;1;35;43;28;16;1;27;34;47;70;801;628;140;59;0;208;11;4;1;168974;842529;2019_2020;27096;futuro_real
1442;23;17;1;25;4;14;7;2;15;2;0;2;0;0;0;1;25;22;22;22;1;22;14;25;41;594;448;114;39;6;199;7;6;0;169992;786311;2019_2020;27096;futuro_real
757;16;9;0;4;0;4;0;2;6;1;1;4;0;0;0;0;17;11;18;3;0;16;7;12;28;377;314;31;23;1;80;3;4;0;170616;176289;2019_2020;27096;futuro_real
360;4;4;0;9;1;5;3;0;3;0;1;0;0;0;0;0;11;4;7;3;0;16;0;7;11;163;138;30;14;0;30;3;3;0;172630;147516;2019_2020;27096;futuro_real
1701;21;21;2;48;18;21;9;1;47;9;2;27;0;1;0;2;38;13;0;18;1;44;50;25;115;951;755;296;83;34;388;34;6;0;178893;590310;2019_2020;27096;futuro_real
1253;17;14;0;13;4;5;4;1;15;4;0;7;0;0;0;0;39;29;25;9;0;24;31;12;77;421;279;81;40;15;255;8;5;1;180911;789965;2019_2020;27096;futuro_real
1750;21;19;1;11;5;4;2;1;7;2;0;5;0;0;0;0;24;45;79;15;0;15;12;42;41;771;578;98;119;4;226;3;5;0;187161;560054;2019_2020;27096;futuro_real
1874;24;23;4;47;23;12;12;3;22;3;4;19;0;2;0;12;44;13;18;12;0;48;24;17;86;676;545;181;42;2;260;37;6;0;189283;220921;2019_2020;27096;futuro_real
984;11;11;0;5;1;2;2;1;16;4;0;0;0;0;0;0;28;17;26;10;1;33;8;13;36;283;188;51;26;13;147;4;4;0;195892;147517;2019_2020;27096;futuro_real
2160;24;24;0;15;6;9;0;0;4;0;3;4;0;0;0;3;20;29;115;5;0;40;16;61;36;682;471;66;98;1;232;1;4;0;202223;162713;2019_2020;27096;futuro_real
1882;22;21;4;35;10;14;11;1;24;4;4;14;3;0;0;8;11;16;28;14;0;30;68;33;92;550;418;147;12;6;281;31;3;0;208714;832001;2019_2020;27096;futuro_real
1743;20;21;0;6;2;4;0;0;0;0;1;4;0;0;0;2;20;22;71;11;1;24;10;31;32;735;608;28;47;0;136;1;5;0;211417;18305;2019_2020;27096;futuro_real
1581;19;20;0;10;2;5;3;0;6;0;0;9;0;0;0;1;22;36;35;16;0;26;25;17;55;573;461;91;49;0;138;7;5;0;214624;345787;2019_2020;27096;futuro_real
770;10;9;0;2;0;1;1;0;3;0;0;2;0;0;0;1;12;14;15;7;0;10;5;4;19;219;161;26;16;3;100;3;5;0;214810;339527;2019_2020;27096;futuro_real
450;5;5;0;1;0;1;0;0;4;2;0;0;0;0;0;0;5;6;18;4;0;7;3;11;8;125;87;14;16;0;39;0;3;0;214813;345769;2019_2020;27096;futuro_real
400;8;4;0;6;2;3;1;1;5;1;1;6;0;0;0;0;2;1;5;3;0;6;11;2;18;120;89;39;3;4;82;12;0;0;216280;312274;2019_2020;27096;futuro_real
151;6;1;0;2;2;0;0;0;2;0;0;8;0;0;0;1;7;1;0;2;0;4;3;0;18;55;45;16;4;0;34;10;0;0;216291;925308;2019_2020;27096;futuro_real
1659;20;19;0;9;2;6;1;1;15;3;0;19;0;0;0;9;37;35;41;11;0;22;16;19;71;741;609;178;19;18;315;18;2;1;224652;925176;2019_2020;27096;futuro_real
1532;18;19;1;19;5;8;6;1;18;1;1;7;0;1;0;0;38;18;25;15;0;30;36;13;80;787;658;129;74;10;184;6;1;0;224683;1022066;2019_2020;27096;futuro_real
802;11;10;0;3;1;2;0;0;2;0;0;0;0;0;0;1;23;15;41;10;1;23;5;15;28;272;196;11;23;0;85;1;6;0;224685;883391;2019_2020;27096;futuro_real
1611;19;20;1;12;4;5;3;1;10;2;1;12;0;0;0;0;35;32;33;17;1;15;15;16;61;657;508;102;71;11;256;16;7;2;226951;311418;2019_2020;27096;futuro_real
1121;19;11;1;14;2;8;4;0;15;4;0;17;0;1;1;4;23;14;11;10;0;36;27;7;66;569;431;140;30;15;289;29;9;0;235508;982178;2019_2020;27096;futuro_real
143;4;1;0;0;0;0;0;0;1;0;0;0;0;0;0;0;3;1;1;3;0;11;2;2;5;59;50;12;2;0;12;1;2;0;249977;883294;2019_2020;27096;futuro_real
1203;15;16;0;22;3;9;10;2;35;5;1;31;0;1;0;2;25;17;6;20;0;28;42;2;98;721;605;176;41;10;206;30;3;0;249978;590480;2019_2020;27096;futuro_real
1513;17;18;0;8;1;7;0;1;15;3;0;15;0;0;0;0;46;45;24;16;0;31;16;10;77;640;498;133;45;3;241;12;2;0;250004;312270;2019_2020;27096;futuro_real
2094;24;24;3;47;14;22;11;1;17;4;5;7;1;0;0;9;40;22;42;23;1;48;34;56;77;909;711;173;75;1;241;8;8;1;250437;589448;2019_2020;27096;futuro_real
918;27;7;3;26;11;7;8;2;13;0;2;8;0;0;0;24;9;3;5;5;0;32;22;11;38;211;160;65;9;7;124;17;4;0;250482;805353;2019_2020;27096;futuro_real
945;16;10;0;3;0;2;1;0;8;0;0;3;0;0;0;1;27;10;16;10;1;18;5;19;34;509;421;108;31;2;125;8;4;1;250737;805065;2019_2020;27096;futuro_real
1615;19;19;1;8;2;5;1;0;3;0;3;2;0;0;0;0;25;25;67;11;0;25;12;37;39;487;347;34;70;0;154;2;2;0;250915;358194;2019_2020;27096;futuro_real
1609;24;16;0;6;1;5;0;3;18;2;0;4;0;0;0;0;44;24;31;22;0;44;18;19;65;546;419;112;55;1;159;8;6;0;250929;883298;2019_2020;27096;futuro_real
471;6;5;0;9;2;3;4;1;2;0;1;9;0;0;0;1;4;1;2;2;0;9;4;16;17;83;57;24;1;1;62;6;1;0;252209;368422;2019_2020;27096;futuro_real
1384;18;16;0;1;0;1;0;0;8;0;0;0;1;0;0;1;13;17;35;14;0;18;11;7;24;377;276;70;33;5;167;4;5;0;260093;882838;2019_2020;27096;futuro_real
1849;22;20;1;6;4;1;1;0;0;0;0;6;0;0;0;1;15;34;111;9;1;22;13;54;31;713;546;52;78;0;186;3;3;0;260318;338883;2019_2020;27096;futuro_real
1817;25;22;4;36;9;21;6;6;38;5;4;25;0;0;0;15;13;12;9;15;0;15;24;25;62;682;533;236;15;25;336;30;4;0;267721;789878;2019_2020;27096;futuro_real
1702;20;20;3;30;14;12;4;4;19;7;2;36;1;0;0;3;22;17;4;21;0;15;33;5;89;589;452;173;23;14;263;26;5;0;268806;924877;2019_2020;27096;futuro_real
1555;19;18;1;14;5;6;3;0;8;0;0;4;0;0;0;1;55;37;45;20;0;35;26;21;83;452;327;87;46;6;226;12;7;0;271676;590468;2019_2020;27096;futuro_real
745;15;8;1;18;6;6;6;0;18;0;0;14;1;1;1;4;7;5;1;3;0;13;20;4;40;333;269;108;9;16;141;11;4;0;279387;339475;2019_2020;27096;futuro_real
1193;21;12;3;23;8;5;10;1;15;0;2;15;0;0;0;4;9;6;6;8;0;20;23;16;46;252;175;84;6;2;199;28;1;1;284162;790029;2019_2020;27096;futuro_real
2478;29;28;1;33;9;12;12;5;30;1;6;13;0;0;0;8;57;58;44;25;1;47;43;25;113;804;622;172;29;30;379;33;8;0;292729;384658;2019_2020;27096;futuro_real
831;12;10;0;2;0;2;0;0;1;0;0;4;0;0;0;0;7;17;36;2;1;15;14;28;24;437;359;20;41;0;85;1;2;1;30543;13527;2019_2020;27096;futuro_real
858;15;10;1;23;8;11;4;1;12;3;3;17;0;0;0;3;9;2;7;10;0;13;23;6;49;277;203;97;15;7;149;17;1;0;325696;805056;2019_2020;27096;futuro_real
1234;22;15;10;29;16;10;3;0;12;2;5;30;3;5;5;6;1;2;13;3;1;40;28;28;56;202;154;83;7;2;156;33;5;1;330169;805451;2019_2020;27096;futuro_real
532;10;7;0;1;0;1;0;0;1;0;0;4;0;0;0;0;6;4;7;3;0;9;11;5;21;237;203;24;20;0;51;1;3;0;330690;805068;2019_2020;27096;futuro_real
329;5;5;0;0;0;0;0;0;2;0;0;2;0;0;0;1;7;4;4;3;1;6;4;2;13;84;61;21;9;0;48;5;2;0;330691;339481;2019_2020;27096;futuro_real
1148;21;9;3;14;7;6;1;2;28;4;2;33;2;0;0;1;15;4;4;4;0;18;57;3;105;333;253;127;10;7;213;27;1;0;331818;805332;2019_2020;27096;futuro_real
2059;24;24;1;17;3;8;6;1;19;3;2;9;0;0;0;1;42;34;37;7;0;31;26;40;77;871;717;228;31;13;267;17;9;0;333025;805261;2019_2020;27096;futuro_real
864;14;8;3;17;4;9;4;3;28;4;0;9;0;1;1;9;9;3;0;6;0;6;16;5;33;387;298;127;19;17;165;19;4;0;334104;805267;2019_2020;27096;futuro_real
1779;25;20;0;12;4;6;2;1;15;2;1;13;0;0;0;0;37;31;9;16;1;53;40;24;88;888;740;213;68;2;214;19;5;0;335217;883397;2019_2020;27096;futuro_real
576;18;3;2;10;3;7;0;0;8;0;2;5;0;0;0;5;8;5;8;2;1;12;15;12;25;180;115;46;2;3;120;9;3;0;335720;876943;2019_2020;27096;futuro_real
597;8;7;1;7;2;4;1;0;2;1;1;0;0;0;0;0;11;14;20;6;0;15;2;17;12;203;145;16;25;0;63;0;2;0;338977;883406;2019_2020;27096;futuro_real
2152;26;25;0;6;3;2;1;1;21;3;1;6;0;0;0;1;41;32;19;14;0;56;25;11;72;571;443;96;38;6;164;12;7;0;351561;831183;2019_2020;27096;futuro_real
1960;22;23;2;13;5;6;2;1;7;2;0;2;0;0;0;2;26;36;100;7;0;16;17;41;43;777;645;53;80;1;158;4;2;0;353196;886579;2019_2020;27096;futuro_real
621;12;7;2;18;4;12;2;0;3;0;3;10;2;0;0;2;8;3;6;5;0;11;13;3;30;159;134;44;1;1;70;11;2;0;357124;805366;2019_2020;27096;futuro_real
1410;20;16;2;14;2;9;3;0;13;1;0;5;0;0;0;2;16;11;17;7;1;37;16;17;36;439;362;80;27;3;122;12;8;0;375353;1131302;2019_2020;27096;futuro_real
515;7;6;1;4;2;1;1;2;5;0;0;6;0;0;0;3;6;4;3;8;0;9;16;3;28;139;117;33;8;1;59;11;1;0;383611;831182;2019_2020;27096;futuro_real
584;8;8;0;3;0;3;0;0;3;1;0;1;0;0;0;0;7;10;7;5;0;8;7;9;13;262;196;60;23;6;107;6;2;1;390609;868711;2019_2020;27096;futuro_real
287;9;2;0;1;0;0;1;0;7;0;0;2;0;0;0;2;6;2;4;1;0;8;1;3;9;116;91;34;9;3;51;5;1;0;420869;883338;2019_2020;27096;futuro_real
1623;22;18;7;57;18;26;13;5;43;6;3;15;1;0;0;2;17;14;8;12;0;15;20;8;52;393;280;119;22;38;263;21;0;0;422934;876931;2019_2020;27096;futuro_real
1228;19;14;0;12;6;1;5;1;16;1;3;7;0;0;0;4;14;14;11;14;0;22;11;11;30;621;503;99;21;8;160;6;7;0;434192;883768;2019_2020;27096;futuro_real
405;6;4;0;0;0;0;0;0;1;0;0;1;0;0;0;0;4;5;5;4;0;3;10;3;14;159;115;22;8;0;58;2;0;0;434562;883279;2019_2020;27096;futuro_real
619;14;7;0;23;7;10;6;2;14;3;0;7;0;0;0;0;9;2;1;2;0;14;9;3;25;224;166;51;17;7;133;18;1;0;440005;892548;2019_2020;27096;futuro_real
344;7;5;0;0;0;0;0;1;1;0;0;1;0;0;0;0;11;3;5;7;1;7;2;4;14;177;142;32;14;0;56;1;1;0;443987;883743;2019_2020;27096;futuro_real
582;10;7;0;3;2;0;1;0;2;0;0;1;0;0;0;0;18;5;8;7;0;14;6;15;24;231;153;56;15;5;107;0;1;0;44603;26874;2019_2020;27096;futuro_real
1908;27;20;4;23;10;9;4;3;23;4;1;29;0;0;0;3;44;28;31;23;0;38;25;19;96;573;413;124;25;8;342;35;4;0;447934;882837;2019_2020;27096;futuro_real
610;20;2;1;11;4;5;2;1;14;2;1;10;0;0;0;1;17;10;3;14;0;12;9;1;36;447;380;133;16;7;113;11;2;2;453044;846808;2019_2020;27096;futuro_real
1188;18;14;8;45;21;11;13;1;19;2;1;17;0;1;1;6;14;8;6;3;0;16;22;6;53;326;260;107;7;6;158;27;1;0;458461;1020999;2019_2020;27096;futuro_real
30;2;0;0;0;0;0;0;0;0;0;0;0;0;0;0;0;1;1;0;0;0;2;1;1;2;7;4;1;0;0;6;0;0;0;470023;873706;2019_2020;27096;futuro_real
917;18;11;0;9;3;5;1;0;9;0;2;12;1;0;0;1;30;17;13;14;0;32;17;12;59;349;292;76;19;5;111;13;3;2;473579;876928;2019_2020;27096;futuro_real
758;14;7;0;7;4;2;1;0;8;0;2;10;0;0;0;1;21;18;11;5;0;16;9;5;40;367;294;83;20;3;127;5;3;1;477378;883396;2019_2020;27096;futuro_real
1798;21;22;11;42;21;17;4;0;8;1;3;6;0;4;4;27;12;1;23;6;0;11;19;47;36;337;251;90;8;0;176;24;3;0;477383;883388;2019_2020;27096;futuro_real
1750;20;20;2;17;4;11;2;3;7;3;1;24;0;0;0;0;37;39;78;9;3;33;22;50;80;864;662;73;105;0;231;8;3;1;482452;922007;2019_2020;27096;futuro_real
738;22;7;3;21;6;7;8;0;7;1;3;3;1;0;0;2;6;5;8;4;0;20;20;25;29;159;112;46;3;1;93;8;2;0;483715;883812;2019_2020;27096;futuro_real
1863;27;20;0;8;1;3;4;3;11;3;0;11;0;0;0;1;58;37;34;24;0;65;32;32;101;825;653;125;78;3;228;18;6;1;486265;882839;2019_2020;27096;futuro_real
2114;24;25;3;46;16;22;8;2;48;5;3;36;0;2;1;2;46;29;10;34;1;27;65;24;147;1247;988;369;99;18;448;48;1;0;490717;924783;2019_2020;27096;futuro_real
1829;23;20;0;7;0;3;4;1;16;1;0;1;0;0;0;0;39;60;52;25;0;31;20;25;59;682;488;85;45;6;338;5;4;0;501586;877910;2019_2020;27096;futuro_real
393;11;4;0;7;2;2;3;1;4;0;1;12;0;0;0;6;15;2;0;4;0;16;9;2;36;156;115;47;2;4;105;10;1;1;501653;874983;2019_2020;27096;futuro_real
697;13;8;4;8;6;2;0;1;7;1;2;1;2;2;2;6;4;2;5;0;0;11;16;45;20;168;108;46;2;0;82;4;0;0;51225;35621;2019_2020;27096;futuro_real
717;15;8;1;17;5;6;6;1;6;0;0;2;0;0;0;0;16;20;23;7;1;17;4;7;22;226;140;37;16;5;141;4;1;1;515413;874981;2019_2020;27096;futuro_real
178;3;2;0;0;0;0;0;0;5;0;0;0;0;0;0;1;1;0;1;0;0;3;6;1;7;76;62;16;6;3;32;5;1;0;52358;19110;2019_2020;27096;futuro_real
1980;23;24;6;59;23;21;15;8;48;4;2;16;1;2;2;1;11;9;4;12;0;24;55;9;82;717;509;226;56;33;391;25;3;0;54594;790020;2019_2020;27096;futuro_real
999;19;9;2;30;11;13;6;1;23;3;3;23;0;0;0;1;10;5;1;13;0;26;38;12;71;382;313;91;12;6;163;15;3;1;54934;868724;2019_2020;27096;futuro_real
713;9;9;0;7;2;5;0;0;0;0;2;3;0;0;0;1;12;15;18;3;1;19;11;18;26;333;244;44;32;0;123;7;1;1;56004;590448;2019_2020;27096;futuro_real
206;9;1;0;8;4;4;0;0;0;0;0;4;0;0;0;2;0;0;2;3;0;9;4;2;8;52;43;8;1;0;23;8;1;0;563397;922874;2019_2020;27096;futuro_real
643;10;9;1;5;1;3;1;0;0;0;0;0;0;0;0;0;13;14;2;2;0;19;8;8;21;386;345;36;19;0;50;2;3;1;582303;924782;2019_2020;27096;futuro_real
1976;24;24;0;16;5;7;4;1;11;2;2;8;0;0;0;0;36;33;32;23;0;24;16;16;59;1061;905;126;85;0;195;12;3;0;582318;924923;2019_2020;27096;futuro_real
978;14;12;0;3;0;2;1;0;2;0;1;2;0;0;0;0;29;24;42;5;1;19;4;14;35;428;364;28;35;0;69;3;3;1;59947;38516;2019_2020;27096;futuro_real
558;15;7;0;5;0;3;2;0;2;0;0;8;0;0;0;0;13;7;2;10;0;8;23;11;43;298;232;82;24;1;116;11;2;0;601307;941867;2019_2020;27096;futuro_real
973;12;12;2;15;6;7;2;0;5;1;0;3;1;0;0;0;9;24;56;4;1;16;14;23;26;406;284;36;60;2;154;1;3;1;63183;24651;2019_2020;27096;futuro_real
741;10;9;2;15;3;7;5;1;12;4;2;17;0;2;2;5;5;6;1;4;0;26;37;6;58;155;120;43;6;5;109;13;2;0;63451;26176;2019_2020;27096;futuro_real
241;9;2;1;7;0;4;3;0;1;0;0;2;0;0;0;2;3;1;1;0;0;12;5;4;10;81;54;17;2;1;46;6;4;1;641820;933730;2019_2020;27096;futuro_real
450;5;5;0;2;0;2;0;0;0;0;0;0;0;0;0;0;8;4;14;3;1;8;1;4;9;134;97;14;19;0;39;1;4;0;653365;804780;2019_2020;27096;futuro_real
400;5;5;0;2;0;0;2;0;5;0;0;3;0;0;0;1;12;6;5;7;0;6;8;4;23;189;156;17;10;1;45;4;1;0;653482;975238;2019_2020;27096;futuro_real
1234;18;13;0;2;0;2;0;0;9;0;0;5;0;0;0;1;52;33;21;15;1;22;24;11;81;445;340;81;16;3;208;14;0;0;653484;975241;2019_2020;27096;futuro_real
104;5;1;0;1;0;1;0;0;1;0;1;3;0;0;0;0;1;0;0;2;0;2;2;1;6;43;34;14;0;0;18;1;0;0;653691;976161;2019_2020;27096;futuro_real
848;10;10;0;4;0;4;0;0;4;0;0;4;0;0;0;0;20;14;13;14;0;23;8;10;32;339;257;64;20;4;150;11;3;0;656061;977086;2019_2020;27096;futuro_real
732;17;9;1;22;7;10;5;4;18;4;1;14;0;0;0;1;8;4;3;6;0;5;17;1;39;305;240;84;22;10;147;15;0;0;68542;83700;2019_2020;27096;futuro_real
927;22;11;2;23;7;12;4;1;3;1;2;1;0;1;1;10;4;3;16;3;0;26;12;38;17;198;120;40;3;0;108;10;5;0;68910;45882;2019_2020;27096;futuro_real
906;12;10;0;10;1;6;3;0;3;0;2;1;0;0;0;1;1;5;39;2;1;7;2;15;4;349;257;47;53;0;101;4;3;0;72659;33985;2019_2020;27096;futuro_real
360;4;4;0;6;1;3;2;0;0;0;3;2;0;0;0;0;4;3;18;4;0;4;1;9;7;133;100;15;32;0;35;0;1;0;72673;883342;2019_2020;27096;futuro_real
1650;21;19;1;17;7;6;4;5;26;4;1;16;0;0;0;0;36;21;14;12;1;33;48;35;100;811;629;205;55;10;276;27;3;0;72680;13532;2019_2020;27096;futuro_real
1376;23;15;0;20;6;11;3;4;30;5;2;27;0;0;0;3;17;6;5;10;0;7;27;5;71;410;291;128;16;27;287;17;0;0;72684;960217;2019_2020;27096;futuro_real
2239;26;25;1;16;4;5;7;1;17;0;2;14;0;0;0;0;60;44;23;22;0;46;18;22;91;1482;1304;279;116;4;240;19;4;0;72969;34016;2019_2020;27096;futuro_real
2224;25;27;0;15;1;7;7;3;31;4;0;31;0;0;0;1;28;32;30;13;0;26;28;17;87;844;648;148;49;22;323;10;5;0;72971;26172;2019_2020;27096;futuro_real
1933;27;23;4;39;12;18;9;1;32;4;2;17;0;2;2;2;29;13;15;23;0;43;50;19;96;1083;866;338;70;16;365;41;2;1;73705;249599;2019_2020;27096;futuro_real
683;12;8;1;19;6;7;6;0;8;0;0;15;0;0;0;2;11;1;5;7;0;8;22;12;48;269;210;45;21;6;117;20;2;0;73780;38171;2019_2020;27096;futuro_real
1559;19;19;3;28;8;18;2;0;13;1;4;11;0;0;0;1;26;18;30;15;0;36;30;26;67;535;429;115;38;2;188;15;5;1;74521;73331;2019_2020;27096;futuro_real
1833;22;20;0;18;6;8;4;1;4;1;2;6;0;0;0;0;32;22;61;12;0;22;24;59;59;950;797;89;55;2;185;8;7;1;76717;249305;2019_2020;27096;futuro_real
1623;19;18;0;20;2;13;5;0;8;2;0;11;0;0;0;0;26;27;23;18;0;41;40;29;75;861;709;122;55;1;192;13;8;1;78023;123245;2019_2020;27096;futuro_real
1698;23;18;1;10;3;3;4;2;12;1;0;17;0;0;0;0;28;29;51;6;0;18;8;16;53;688;541;124;41;7;239;12;3;1;82566;38020;2019_2020;27096;futuro_real
799;15;9;2;15;5;8;2;0;16;2;2;5;0;0;0;3;5;4;4;6;0;8;5;9;13;331;241;75;17;13;153;8;1;0;82567;47397;2019_2020;27096;futuro_real
1717;20;18;0;12;3;5;4;0;4;0;0;2;0;0;0;2;23;36;81;8;1;4;4;20;28;889;721;38;79;0;177;1;0;0;82570;924643;2019_2020;27096;futuro_real
948;11;12;1;7;3;3;1;1;4;0;0;2;0;0;0;0;12;20;43;1;0;14;10;24;21;347;276;30;38;0;83;2;1;1;82585;38017;2019_2020;27096;futuro_real
1198;24;14;5;37;13;17;7;2;19;4;7;14;0;0;0;30;8;2;7;4;0;23;29;32;47;438;342;152;7;4;175;16;2;0;82589;133862;2019_2020;27096;futuro_real
1835;22;23;3;33;12;13;8;0;29;4;0;13;0;0;0;1;34;26;38;10;0;23;16;18;63;584;443;130;67;26;247;6;1;1;84349;47413;2019_2020;27096;futuro_real
985;12;11;1;2;0;1;1;0;0;0;0;1;0;0;0;1;6;14;33;3;0;19;8;14;14;610;512;72;48;0;117;4;4;1;84506;47439;2019_2020;27096;futuro_real
1883;21;22;0;7;0;6;1;0;5;1;2;2;0;0;0;1;28;28;90;9;0;16;14;44;41;874;670;75;98;0;229;3;5;0;88042;805231;2019_2020;27096;futuro_real
1298;15;17;3;12;6;5;1;1;2;0;1;0;0;0;0;2;23;45;66;11;1;22;12;33;34;468;378;34;47;0;106;2;9;1;89576;819124;2019_2020;27096;futuro_real
695;20;6;3;25;12;7;6;1;9;3;2;0;0;0;0;5;5;3;4;1;0;16;11;24;14;199;127;60;2;0;117;14;3;0;90083;974455;2019_2020;27096;futuro_real
1054;19;11;4;37;18;12;7;3;11;3;5;6;0;0;0;7;9;0;15;1;0;38;18;52;32;225;146;60;5;2;132;13;2;0;94364;946014;2019_2020;27096;futuro_real
1230;17;16;0;11;1;7;3;0;7;0;2;3;0;0;0;2;24;28;45;22;0;18;11;30;37;517;347;55;76;2;186;4;2;0;94735;311734;2019_2020;27096;futuro_real
576;17;6;4;18;8;8;2;1;9;0;4;3;0;3;2;7;3;0;4;3;0;13;20;7;25;159;119;52;4;0;69;6;0;0;94761;883299;2019_2020;27096;futuro_real
1342;16;16;2;11;5;5;1;0;13;5;0;8;1;0;0;4;17;14;31;11;0;18;18;31;43;679;561;117;67;9;189;11;1;0;94877;106371;2019_2020;27096;futuro_real
1193;20;12;1;12;3;5;4;0;13;2;0;3;0;0;0;0;16;16;9;13;0;17;7;11;26;535;436;107;29;1;130;8;2;0;95852;123238;2019_2020;27096;futuro_real
1352;23;15;0;5;1;3;1;1;4;1;0;0;0;0;0;0;10;25;55;6;0;14;15;32;23;648;546;42;54;4;116;2;2;0;100497;46980;2020_2021;35813;futuro_real
1347;24;17;4;24;12;5;7;1;13;2;1;12;0;2;1;0;29;23;14;12;0;25;14;10;55;840;666;153;104;10;245;8;2;0;106283;220935;2020_2021;35813;futuro_real
608;16;6;0;6;1;3;2;2;12;0;0;2;0;0;0;0;18;7;5;7;0;11;27;4;47;339;243;90;24;2;126;8;1;1;108331;47449;2020_2021;35813;futuro_real
653;11;7;0;14;2;9;3;1;6;0;1;6;0;0;0;1;3;1;3;4;0;6;13;1;22;273;228;84;12;4;88;7;1;1;119365;882851;2020_2021;35813;futuro_real
1020;14;12;3;25;10;13;2;2;11;1;4;2;1;1;0;7;4;4;24;4;0;26;12;19;18;254;166;62;11;0;128;12;3;1;120964;578352;2020_2021;35813;futuro_real
1871;22;21;2;8;2;4;2;1;4;0;0;2;0;0;0;0;35;46;89;14;2;19;11;36;46;813;660;72;73;1;192;7;7;0;140003;339523;2020_2021;35813;futuro_real
1642;21;19;3;23;6;12;5;2;23;4;0;12;0;3;3;0;19;13;28;16;0;20;19;15;50;912;732;130;79;14;252;13;5;0;146822;339169;2020_2021;35813;futuro_real
1314;25;15;3;41;13;22;6;3;36;5;3;5;0;2;2;13;7;1;9;3;0;21;18;61;29;484;359;181;15;5;221;28;2;0;155041;123904;2020_2021;35813;futuro_real
1609;20;18;1;22;6;12;4;2;27;0;2;6;0;0;0;3;21;18;34;14;0;21;21;10;48;615;483;133;68;23;280;12;3;1;169992;786311;2020_2021;35813;futuro_real
937;15;9;2;6;3;1;2;3;5;3;0;5;0;0;0;0;7;4;3;0;0;11;18;10;30;326;275;99;10;6;116;16;0;0;176400;220931;2020_2021;35813;futuro_real
1652;19;19;2;9;3;4;2;1;9;1;0;8;0;0;0;0;28;34;71;15;1;22;14;58;50;925;701;105;116;2;264;8;6;1;187161;560054;2020_2021;35813;futuro_real
1227;16;15;2;20;8;6;6;1;11;2;2;4;0;0;0;4;20;11;15;8;0;15;17;14;41;419;334;70;37;2;147;13;0;0;189283;220921;2020_2021;35813;futuro_real
1540;20;17;3;26;8;6;12;5;77;6;0;43;1;1;1;1;29;15;3;12;0;15;16;3;88;935;723;275;95;49;399;37;1;0;194999;248059;2020_2021;35813;futuro_real
590;7;7;1;3;2;0;1;0;4;0;0;1;0;0;0;1;10;21;12;2;1;12;10;3;21;246;186;48;35;7;101;3;4;0;195858;826377;2020_2021;35813;futuro_real
1751;22;20;9;67;25;26;16;7;50;6;2;31;1;2;2;3;20;14;22;16;0;35;63;21;114;717;475;263;59;37;477;49;2;0;196037;340077;2020_2021;35813;futuro_real
841;14;9;0;1;0;0;1;1;3;1;0;3;0;0;0;1;12;19;26;6;0;14;10;18;24;348;255;27;46;0;108;3;2;0;201043;358202;2020_2021;35813;futuro_real
2186;25;25;12;35;21;8;6;10;52;10;2;26;2;7;5;0;31;15;3;18;0;17;57;7;113;716;518;195;60;54;476;44;4;1;202906;339657;2020_2021;35813;futuro_real
2351;26;27;7;55;23;18;14;1;40;3;5;17;0;2;1;6;23;10;33;13;0;24;30;17;70;1206;968;307;103;40;422;30;3;0;207246;249403;2020_2021;35813;futuro_real
708;23;5;4;16;5;8;3;3;12;3;2;1;0;0;0;8;14;3;4;7;0;24;29;19;44;235;184;72;5;3;98;15;3;0;208714;832001;2020_2021;35813;futuro_real
1178;20;12;9;39;18;16;5;4;33;4;5;8;2;8;7;7;19;8;1;8;0;15;29;1;55;470;374;157;31;30;254;16;3;0;212434;830663;2020_2021;35813;futuro_real
1421;18;16;1;29;7;17;5;0;6;0;1;3;0;0;0;1;26;16;47;15;1;57;26;72;53;607;447;96;61;2;185;6;9;0;214719;220929;2020_2021;35813;futuro_real
1098;16;12;1;14;4;9;1;1;11;1;0;3;0;0;0;2;13;14;7;5;0;7;6;21;22;303;224;73;15;6;138;2;1;0;224670;339177;2020_2021;35813;futuro_real
692;17;5;2;16;5;7;4;1;7;0;0;6;0;0;0;0;15;4;2;12;0;24;15;2;36;282;209;62;23;9;159;16;5;0;235508;982178;2020_2021;35813;futuro_real
1328;18;18;2;6;3;1;2;1;8;2;0;14;1;0;0;2;33;29;28;16;0;27;17;5;64;518;373;102;34;7;238;11;9;1;250004;312270;2020_2021;35813;futuro_real
1469;22;16;11;45;23;14;8;3;18;2;3;16;1;0;0;30;9;5;3;7;0;42;34;13;59;316;227;89;13;2;194;18;3;0;250482;805353;2020_2021;35813;futuro_real
1134;17;13;0;8;2;6;0;1;5;0;1;2;0;0;0;1;19;18;47;2;2;16;7;25;28;576;472;44;65;3;110;0;3;1;250915;358194;2020_2021;35813;futuro_real
1207;18;13;8;52;16;24;12;1;10;2;5;16;2;2;2;9;10;4;16;9;0;21;20;36;46;284;191;112;7;3;156;10;4;1;267638;790008;2020_2021;35813;futuro_real
1353;19;15;0;10;5;5;0;1;8;4;0;11;0;0;0;3;40;31;22;11;0;38;22;26;72;565;455;128;35;9;208;14;9;0;271676;590468;2020_2021;35813;futuro_real
935;15;11;4;22;8;9;5;1;15;1;2;12;0;0;0;12;19;8;8;9;0;23;23;25;54;211;143;71;5;2;139;14;2;0;275266;339171;2020_2021;35813;futuro_real
1580;22;17;1;4;1;3;0;0;7;1;1;1;0;0;0;0;38;43;64;10;1;35;12;34;50;524;370;67;46;3;189;4;7;0;279380;883343;2020_2021;35813;futuro_real
213;5;3;1;2;1;0;1;0;1;1;0;1;0;1;1;0;1;4;1;2;0;4;6;0;8;75;54;19;1;2;43;4;0;0;279387;339475;2020_2021;35813;futuro_real
911;12;10;0;12;4;4;4;1;12;0;1;8;0;0;0;2;25;15;14;3;0;12;21;13;53;256;201;48;7;17;143;13;3;0;292729;384658;2020_2021;35813;futuro_real
640;8;8;0;0;0;0;0;1;1;1;0;0;0;0;0;0;7;23;37;0;0;6;9;13;16;154;115;12;15;0;44;2;0;0;30543;13527;2020_2021;35813;futuro_real
1067;14;12;0;6;3;2;1;0;10;0;1;8;0;0;0;0;19;33;22;6;0;19;14;21;40;414;273;94;30;8;207;2;2;1;320749;385418;2020_2021;35813;futuro_real
1261;19;15;0;13;3;9;1;1;7;1;0;22;0;0;0;4;17;2;4;8;0;33;29;57;68;341;254;90;10;4;253;30;3;2;325591;875662;2020_2021;35813;futuro_real
1346;21;15;3;39;18;17;4;5;26;4;8;21;1;0;0;10;12;2;15;4;0;30;28;24;61;328;242;114;6;1;177;31;2;0;325726;846366;2020_2021;35813;futuro_real
960;20;9;3;31;8;14;9;0;9;0;2;16;0;1;0;4;3;1;8;0;0;19;32;17;51;180;127;54;7;1;151;30;1;0;330169;805451;2020_2021;35813;futuro_real
1369;17;16;0;5;2;0;3;1;11;0;0;2;0;0;0;0;26;13;15;9;0;26;10;18;38;449;347;80;33;3;127;7;4;0;330690;805068;2020_2021;35813;futuro_real
1434;17;16;0;7;2;3;2;1;7;2;0;0;0;0;0;3;24;32;50;11;0;30;3;27;27;629;426;85;95;4;225;4;3;0;338977;883406;2020_2021;35813;futuro_real
369;5;4;0;0;0;0;0;0;0;0;0;1;0;0;0;0;5;6;6;2;1;3;5;7;11;248;211;18;18;0;47;2;0;0;352344;876926;2020_2021;35813;futuro_real
462;15;4;0;11;2;5;4;0;5;0;1;5;1;0;0;4;4;4;4;1;0;11;11;7;20;125;95;26;2;2;64;5;1;0;357124;805366;2020_2021;35813;futuro_real
1312;18;14;1;18;3;4;11;3;38;3;0;2;0;0;0;1;20;19;14;11;0;18;27;14;49;774;610;168;79;28;247;8;6;0;35805;20820;2020_2021;35813;futuro_real
795;14;13;0;6;0;4;2;0;0;0;0;1;0;0;0;1;28;21;7;11;1;12;21;10;50;369;283;50;26;0;111;6;2;0;366028;826376;2020_2021;35813;futuro_real
996;14;12;0;3;1;2;0;0;4;1;0;2;0;0;0;2;29;14;15;4;0;20;24;5;55;377;280;63;26;4;157;4;6;0;368844;924924;2020_2021;35813;futuro_real
1141;14;13;0;9;1;4;4;0;3;0;0;5;0;0;0;1;15;23;49;4;1;14;16;36;35;505;402;34;69;0;123;3;5;0;375178;805270;2020_2021;35813;futuro_real
916;18;10;3;34;11;14;9;2;26;2;1;8;0;0;0;0;18;9;3;6;0;29;34;7;60;433;311;130;37;9;227;22;4;1;375364;805259;2020_2021;35813;futuro_real
1174;15;14;0;5;0;3;2;1;10;1;0;4;0;0;0;3;17;26;16;7;0;8;8;15;29;446;324;63;30;7;210;10;1;2;390609;868711;2020_2021;35813;futuro_real
187;6;1;1;5;3;1;1;1;1;1;0;1;0;0;0;1;6;3;0;1;0;1;5;1;12;85;69;26;0;2;30;4;0;0;398023;836280;2020_2021;35813;futuro_real
1854;21;22;5;21;8;10;3;0;2;0;0;5;0;1;1;0;43;41;91;20;1;25;20;46;66;724;530;54;84;1;245;5;4;1;409092;926640;2020_2021;35813;futuro_real
815;16;8;2;8;3;3;2;0;7;0;0;7;1;0;0;0;16;20;12;8;0;16;16;4;39;363;296;84;26;5;127;14;0;1;422855;883329;2020_2021;35813;futuro_real
1806;21;20;7;55;21;26;8;3;38;4;2;27;1;0;0;2;11;21;6;6;0;17;31;10;69;801;605;252;71;28;413;35;1;0;422934;876931;2020_2021;35813;futuro_real
1850;22;22;0;15;3;7;5;2;18;1;0;12;0;0;0;4;47;45;31;17;0;24;16;13;75;800;631;125;64;12;271;9;2;1;433698;887125;2020_2021;35813;futuro_real
1525;23;18;2;14;3;5;6;1;9;0;0;5;0;0;0;2;28;24;15;15;0;18;11;11;44;668;522;102;48;1;178;8;2;0;434192;883768;2020_2021;35813;futuro_real
490;16;3;3;26;10;10;6;2;11;2;1;10;1;0;0;4;6;2;1;3;0;7;15;8;31;178;133;68;10;3;106;12;2;0;439631;876929;2020_2021;35813;futuro_real
1309;16;14;0;5;2;3;0;0;1;0;0;7;1;0;0;1;17;18;49;8;1;16;19;28;43;544;433;46;56;0;127;2;3;0;441758;879621;2020_2021;35813;futuro_real
1110;14;12;1;13;5;5;3;1;5;1;0;4;0;0;0;0;19;17;32;6;0;24;8;30;31;524;402;106;46;2;174;8;2;1;44603;26874;2020_2021;35813;futuro_real
252;5;3;0;3;1;1;1;0;7;0;0;1;0;0;0;0;6;7;1;3;0;2;2;0;9;137;112;46;7;1;48;3;2;0;453044;846808;2020_2021;35813;futuro_real
375;16;1;1;14;4;6;4;2;14;2;1;14;1;0;0;1;6;1;0;4;0;13;14;1;34;139;108;60;7;11;85;10;1;0;483713;882860;2020_2021;35813;futuro_real
1662;24;20;4;34;9;12;13;4;37;5;0;24;0;0;0;3;19;14;4;12;0;20;52;8;95;626;497;173;23;26;297;36;0;0;483714;883296;2020_2021;35813;futuro_real
884;18;12;5;15;6;8;1;1;7;1;0;5;2;2;2;7;7;2;8;9;0;18;13;29;24;197;129;44;3;0;129;10;3;0;483715;883812;2020_2021;35813;futuro_real
1204;19;14;0;4;1;3;0;0;1;0;0;3;0;0;0;0;28;20;16;17;0;36;16;11;47;524;419;74;45;1;127;5;8;0;486265;882839;2020_2021;35813;futuro_real
1930;24;22;1;37;12;13;12;3;27;4;2;17;1;0;0;5;27;20;21;9;1;24;35;15;79;972;798;242;76;9;272;23;4;0;486641;879628;2020_2021;35813;futuro_real
631;8;7;0;2;2;0;0;0;2;0;0;7;0;0;0;0;13;8;9;4;0;13;3;6;23;201;143;26;8;4;124;11;3;0;489993;875661;2020_2021;35813;futuro_real
540;17;6;1;5;2;3;0;0;4;2;0;0;2;0;0;2;11;3;3;6;0;7;10;12;20;209;166;60;9;2;66;4;0;0;491560;975540;2020_2021;35813;futuro_real
630;7;7;0;5;2;2;1;0;0;0;0;0;0;0;0;0;3;12;36;3;0;8;6;14;8;234;156;22;33;0;87;1;3;0;492973;862216;2020_2021;35813;futuro_real
1060;19;11;0;5;1;2;2;0;5;1;0;3;0;0;0;0;37;16;24;31;0;40;20;11;59;468;367;84;45;1;130;7;8;1;494597;922869;2020_2021;35813;futuro_real
714;15;9;3;14;5;8;1;1;7;1;0;0;0;0;0;3;2;1;4;1;0;7;12;22;14;133;91;42;1;0;55;7;2;0;51225;35621;2020_2021;35813;futuro_real
545;15;5;0;8;1;2;5;1;17;2;2;6;0;0;0;0;7;2;3;7;0;5;10;3;23;367;314;110;20;12;98;9;2;0;516242;914294;2020_2021;35813;futuro_real
1293;17;14;0;5;1;3;1;0;1;0;0;1;0;0;0;0;18;22;53;2;1;14;19;36;37;781;627;48;74;0;159;1;5;1;528367;893067;2020_2021;35813;futuro_real
1799;24;24;3;41;12;16;13;2;31;6;1;21;0;0;0;7;33;11;9;19;0;27;42;8;95;476;302;119;15;15;374;35;4;0;537255;895364;2020_2021;35813;futuro_real
2144;28;24;10;74;32;29;13;8;40;9;2;13;0;2;2;9;32;6;45;10;0;49;42;74;87;671;450;218;44;4;385;55;3;0;53847;31175;2020_2021;35813;futuro_real
899;14;10;5;26;11;12;3;2;11;1;2;6;0;4;4;1;3;1;10;8;0;9;14;4;23;274;210;94;17;14;145;7;2;0;54594;790020;2020_2021;35813;futuro_real
1084;19;13;0;6;1;4;1;0;2;0;1;1;0;0;0;0;35;20;17;18;0;28;14;10;49;516;448;64;29;1;84;5;6;0;581201;924791;2020_2021;35813;futuro_real
1536;20;18;0;8;3;4;1;0;0;0;1;2;0;0;0;3;35;20;56;5;0;26;9;31;46;735;589;71;86;0;162;4;6;1;582098;924787;2020_2021;35813;futuro_real
1786;21;20;0;6;0;4;2;1;16;0;0;17;0;0;0;1;29;30;25;9;0;32;6;13;52;791;620;189;42;18;302;15;3;0;582319;924932;2020_2021;35813;futuro_real
736;16;7;4;21;10;8;3;0;16;3;3;22;0;0;0;6;12;6;1;5;1;17;32;2;66;199;152;80;13;7;183;28;2;0;582617;925154;2020_2021;35813;futuro_real
516;11;7;0;4;3;1;0;0;0;0;0;0;1;0;0;0;5;18;27;0;0;13;8;6;12;135;95;10;18;0;44;1;2;1;59947;38516;2020_2021;35813;futuro_real
1701;20;20;1;20;4;15;1;0;5;0;0;3;0;0;0;0;28;36;85;3;0;17;16;82;45;906;689;81;94;1;235;4;4;1;610248;943995;2020_2021;35813;futuro_real
615;10;10;0;5;2;1;2;0;7;0;1;7;0;0;0;2;8;1;2;2;0;4;26;2;41;247;185;47;18;5;126;16;2;1;63273;40927;2020_2021;35813;futuro_real
591;12;8;2;4;3;0;1;0;5;0;0;6;0;0;0;1;10;4;4;3;0;16;13;5;29;146;119;23;3;4;91;13;3;0;63451;26176;2020_2021;35813;futuro_real
2302;27;25;4;31;9;14;8;2;41;6;2;6;0;0;0;6;38;45;37;9;0;23;32;32;75;949;683;211;59;48;494;21;4;1;653364;973682;2020_2021;35813;futuro_real
759;10;9;0;0;0;0;0;0;0;0;0;0;0;0;0;0;10;7;35;4;0;11;1;16;11;327;277;15;27;0;55;1;2;0;653365;804780;2020_2021;35813;futuro_real
234;4;2;0;1;1;0;0;0;1;0;0;0;0;0;0;0;2;4;4;0;0;3;0;2;2;65;53;13;4;2;31;1;1;0;664863;957298;2020_2021;35813;futuro_real
1459;18;18;0;17;8;4;5;1;8;1;1;5;0;0;0;0;11;24;59;5;0;10;13;29;28;532;375;81;66;2;172;2;2;0;72659;33985;2020_2021;35813;futuro_real
1590;21;17;1;2;1;1;0;1;4;1;0;4;0;0;0;1;24;43;58;13;0;20;14;39;41;642;488;54;54;0;177;0;5;0;72672;33989;2020_2021;35813;futuro_real
1536;21;18;7;48;16;20;12;2;16;3;4;12;0;3;2;7;15;7;13;12;0;31;31;54;57;547;386;143;25;3;271;36;1;0;72984;34033;2020_2021;35813;futuro_real
941;16;11;2;9;5;2;2;1;24;0;0;8;0;0;0;1;16;0;9;4;0;14;20;12;44;522;413;131;30;9;180;20;0;1;73705;249599;2020_2021;35813;futuro_real
234;5;3;0;2;1;0;1;0;1;0;0;3;0;0;0;0;2;1;1;2;0;6;3;0;8;77;65;29;3;3;29;3;0;0;738715;1016979;2020_2021;35813;futuro_real
1761;24;21;11;59;28;26;5;6;24;4;6;18;0;1;0;6;3;1;27;7;0;34;21;56;38;476;326;148;15;6;266;41;2;0;738716;1016972;2020_2021;35813;futuro_real
2247;25;25;2;14;6;5;3;1;3;0;2;2;0;0;0;1;46;28;79;12;1;34;20;29;68;722;574;41;85;2;179;11;7;0;76605;107591;2020_2021;35813;futuro_real
2294;27;26;2;18;7;9;2;1;7;1;0;5;0;0;0;0;44;39;118;11;0;23;18;63;66;935;772;73;90;0;182;4;3;0;76717;249305;2020_2021;35813;futuro_real
812;16;8;0;2;0;1;1;0;0;0;0;0;0;0;0;0;12;10;31;2;0;13;3;12;15;381;298;39;62;0;93;1;3;0;76942;108190;2020_2021;35813;futuro_real
2051;27;23;8;47;18;20;9;10;42;13;4;31;2;2;1;22;21;4;1;10;0;40;45;28;97;881;700;300;32;16;349;27;4;0;82589;133862;2020_2021;35813;futuro_real
1235;18;15;1;8;3;4;1;0;18;0;0;18;0;0;0;0;15;23;25;6;0;14;18;20;51;482;332;131;66;20;239;8;1;0;84349;47413;2020_2021;35813;futuro_real
865;11;13;1;2;2;0;0;0;2;0;0;1;0;0;0;1;25;20;61;6;2;17;7;21;33;387;314;16;32;0;76;0;5;2;89576;819124;2020_2021;35813;futuro_real
493;12;4;2;9;4;4;1;0;5;1;4;2;0;2;1;2;3;1;4;2;0;5;14;9;19;111;75;32;2;0;60;6;1;0;90506;33798;2020_2021;35813;futuro_real
2003;23;23;4;19;10;7;2;0;5;0;0;1;1;0;0;3;19;31;93;4;2;28;18;63;38;895;743;38;56;1;162;3;7;1;90674;147293;2020_2021;35813;futuro_real
1393;17;15;9;45;20;18;7;2;10;0;10;3;0;2;1;8;5;1;11;3;0;23;29;53;34;227;154;59;3;0;112;19;0;0;94328;34031;2020_2021;35813;futuro_real
386;14;4;1;14;2;9;3;0;7;0;1;0;0;0;0;3;1;1;7;0;0;10;11;30;12;101;60;29;0;0;66;5;3;0;94364;946014;2020_2021;35813;futuro_real
360;14;1;1;8;5;2;1;1;8;1;1;4;0;0;0;0;8;2;4;3;0;7;7;5;19;144;110;44;7;6;70;14;1;1;94450;994148;2020_2021;35813;futuro_real
448;5;5;0;2;0;1;1;0;1;0;0;2;0;0;0;2;5;4;6;1;0;6;11;4;18;175;145;26;4;1;50;2;0;1;94451;1120309;2020_2021;35813;futuro_real
1373;20;15;0;9;4;3;2;0;5;0;0;5;0;0;0;3;39;34;64;19;0;30;22;36;66;580;381;76;107;4;236;11;4;1;94735;311734;2020_2021;35813;futuro_real
1352;25;13;5;35;14;13;8;1;17;3;2;5;0;0;0;14;9;6;14;3;0;20;24;46;35;361;260;132;10;0;173;15;3;0;94761;883299;2020_2021;35813;futuro_real
1617;21;19;0;6;3;1;2;0;8;0;0;1;0;0;0;3;29;30;42;10;0;40;10;17;40;479;350;80;24;3;207;10;7;1;94820;125100;2020_2021;35813;futuro_real
1461;18;16;2;12;4;6;2;0;4;0;2;8;1;0;0;0;18;36;27;10;0;20;14;24;40;674;547;83;40;1;147;7;4;0;95852;123238;2020_2021;35813;futuro_real
1592;22;19;11;33;17;13;3;4;26;3;6;3;1;3;3;10;8;5;17;4;0;29;21;83;30;412;256;101;8;1;212;16;0;0;96309;897009;2020_2021;35813;futuro_real
890;15;13;5;15;6;7;2;0;5;1;0;1;0;2;2;12;2;0;10;1;0;17;9;39;12;181;112;44;1;1;105;10;3;0;99329;46971;2020_2021;35813;futuro_real
2383;29;28;0;5;1;2;2;2;18;3;1;22;0;0;0;1;72;32;30;24;0;52;46;23;140;1246;1052;223;57;1;264;31;10;1;100197;162603;2021_2022;40118;futuro_real
2407;29;28;1;3;2;0;1;0;4;1;0;1;0;0;0;0;15;49;95;23;2;25;18;37;33;823;651;80;83;1;196;4;7;0;100497;46980;2021_2022;40118;futuro_real
2877;32;32;3;93;31;41;21;4;47;1;2;26;0;1;1;0;71;36;59;49;1;54;28;21;125;1972;1605;411;305;28;530;31;10;0;106283;220935;2021_2022;40118;futuro_real
931;19;9;5;22;12;9;1;0;14;2;5;2;0;0;0;7;8;4;12;4;0;25;13;51;23;203;129;51;0;0;106;4;2;0;111130;115187;2021_2022;40118;futuro_real
1043;27;8;2;21;6;11;4;1;26;1;0;16;0;0;0;3;8;7;1;12;0;8;18;1;42;501;403;133;47;14;218;26;2;1;119365;882851;2021_2022;40118;futuro_real
1079;18;11;7;27;9;14;4;0;7;0;4;2;0;1;1;15;4;2;18;5;1;24;20;31;26;219;137;45;6;0;130;11;3;0;120964;578352;2021_2022;40118;futuro_real
821;10;11;0;4;0;3;1;0;4;0;0;13;0;0;0;0;15;15;3;15;0;7;17;4;45;355;293;65;26;2;93;7;4;0;123418;107388;2021_2022;40118;futuro_real
2294;27;26;1;25;7;14;4;1;6;1;0;4;0;0;0;2;27;37;84;14;0;29;10;54;41;1214;963;112;139;1;271;1;9;0;124244;122618;2021_2022;40118;futuro_real
1721;30;21;8;29;14;10;5;10;55;11;1;12;0;4;4;1;16;9;2;16;0;31;16;7;44;785;561;216;65;40;401;24;3;0;126042;110856;2021_2022;40118;futuro_real
1413;34;9;9;45;17;20;8;0;18;1;5;13;0;0;0;8;12;3;13;1;0;19;24;23;49;332;249;96;12;0;177;20;0;0;127459;169935;2021_2022;40118;futuro_real
2420;27;27;1;12;4;8;0;0;10;0;1;23;0;0;0;0;81;56;99;14;5;48;13;42;117;894;671;98;90;3;296;8;12;1;140931;107596;2021_2022;40118;futuro_real
1550;31;15;2;39;13;16;10;2;26;1;5;35;2;0;0;10;22;4;3;7;0;25;35;8;92;287;180;120;2;15;258;15;6;0;149527;249875;2021_2022;40118;futuro_real
2776;31;31;0;13;2;10;1;1;6;1;0;1;0;0;0;6;25;51;140;6;2;28;12;69;38;956;743;37;109;0;223;3;3;0;149622;176285;2021_2022;40118;futuro_real
1799;25;19;0;8;2;5;1;2;16;2;0;10;0;0;0;1;42;20;39;17;0;43;10;24;62;813;694;123;44;2;147;5;10;1;170616;176289;2021_2022;40118;futuro_real
1065;15;14;7;33;11;15;7;7;15;5;0;18;0;2;2;9;10;1;14;3;0;30;34;58;59;228;133;42;11;0;185;32;4;2;178104;340349;2021_2022;40118;futuro_real
2489;31;29;5;79;27;33;19;8;85;12;2;33;0;0;0;8;38;13;10;18;0;36;62;26;133;1212;944;423;83;43;544;58;6;1;178893;590310;2021_2022;40118;futuro_real
2168;27;25;0;17;3;10;4;0;38;5;0;16;1;0;0;2;45;48;38;24;1;26;45;16;105;829;557;154;95;60;510;19;9;1;180911;789965;2021_2022;40118;futuro_real
2442;29;29;0;14;8;5;1;0;7;0;1;16;0;0;0;0;22;54;103;10;2;46;18;28;56;1223;998;106;96;2;291;24;9;1;189283;220921;2021_2022;40118;futuro_real
2248;26;26;0;14;2;8;4;1;16;1;0;10;0;0;0;1;37;35;72;14;0;25;29;24;75;875;633;212;102;11;411;30;6;0;195858;826377;2021_2022;40118;futuro_real
2649;35;30;11;61;30;22;9;10;77;9;4;34;0;2;2;6;37;22;9;19;0;44;67;22;136;921;645;261;37;73;656;55;3;0;196037;340077;2021_2022;40118;futuro_real
2321;37;29;9;57;25;23;9;3;26;3;4;15;0;0;0;5;28;11;6;6;0;26;24;24;66;1074;878;272;75;18;314;31;4;0;207246;249403;2021_2022;40118;futuro_real
2085;28;22;4;35;16;12;7;2;12;3;0;4;0;0;0;4;41;18;37;11;0;57;58;54;102;854;678;107;83;2;231;11;16;1;214719;220929;2021_2022;40118;futuro_real
1739;21;20;3;9;3;6;0;0;4;0;2;3;0;0;0;1;29;28;55;14;0;15;8;42;40;647;497;61;66;1;206;3;5;0;224670;339177;2021_2022;40118;futuro_real
2818;32;31;0;13;2;9;2;1;8;1;1;4;0;0;0;1;45;47;135;14;0;33;13;63;62;1091;848;82;119;1;258;0;6;0;242546;1100345;2021_2022;40118;futuro_real
2091;35;23;5;44;19;15;10;4;27;2;3;21;0;0;0;7;24;10;16;17;0;8;39;15;84;812;671;275;37;18;279;28;1;0;248094;828836;2021_2022;40118;futuro_real
509;9;4;0;1;0;1;0;0;0;0;0;2;0;0;0;3;8;3;14;0;0;13;9;13;19;213;174;13;15;1;49;5;3;0;249967;925232;2021_2022;40118;futuro_real
1837;33;21;3;39;14;15;10;5;22;6;3;17;0;1;1;17;27;9;17;12;0;37;40;41;84;503;379;144;6;5;267;31;4;0;249975;339843;2021_2022;40118;futuro_real
1325;18;15;0;8;3;4;1;1;18;2;0;6;0;0;0;1;32;24;16;36;0;31;14;3;52;514;369;128;36;16;258;10;5;2;250004;312270;2021_2022;40118;futuro_real
1438;31;14;3;22;6;11;5;2;10;1;0;1;0;0;0;2;29;15;15;19;0;39;21;28;50;709;578;127;62;1;155;8;5;2;250437;589448;2021_2022;40118;futuro_real
1773;31;16;0;10;2;4;4;0;10;0;0;14;0;0;0;0;46;43;46;27;0;24;11;22;71;940;739;176;63;4;286;15;4;0;260094;873704;2021_2022;40118;futuro_real
2392;31;26;1;32;2;20;10;7;66;6;1;14;0;0;0;4;40;30;40;18;2;35;12;28;66;919;703;204;78;49;452;14;9;1;260324;339163;2021_2022;40118;futuro_real
720;8;8;0;3;1;1;1;0;4;0;0;1;0;0;0;1;13;14;33;7;1;15;2;14;16;227;158;31;17;5;106;7;2;0;267549;589438;2021_2022;40118;futuro_real
1621;21;19;1;14;5;4;5;3;17;2;0;9;0;0;0;2;53;36;32;30;0;40;16;16;78;558;422;103;42;10;252;13;5;1;271676;590468;2021_2022;40118;futuro_real
2290;27;25;3;20;8;8;4;0;8;0;1;5;0;0;0;1;45;40;92;10;0;24;20;31;69;831;610;77;88;2;257;8;7;0;288320;602184;2021_2022;40118;futuro_real
826;20;9;0;8;1;6;1;0;10;2;3;3;0;0;0;0;18;19;9;5;0;15;11;9;32;262;202;42;18;9;121;6;2;0;292729;384658;2021_2022;40118;futuro_real
1666;21;18;9;31;11;13;7;2;21;3;2;14;1;0;0;4;16;4;9;12;0;24;51;8;81;417;320;140;30;9;217;30;7;0;312151;826380;2021_2022;40118;futuro_real
2771;31;31;3;22;6;10;6;3;26;3;3;14;0;0;0;0;51;47;62;22;1;32;20;23;85;919;667;193;67;22;402;14;10;1;320749;385418;2021_2022;40118;futuro_real
1217;24;13;2;27;7;17;3;0;15;0;1;13;1;0;0;7;17;5;11;5;2;22;25;30;54;286;199;91;10;9;180;17;2;0;325591;875662;2021_2022;40118;futuro_real
457;19;3;0;7;2;2;3;1;11;1;1;4;0;0;0;2;8;5;5;8;0;15;17;12;29;233;174;53;10;7;91;9;5;1;325706;883389;2021_2022;40118;futuro_real
1404;19;16;1;4;1;3;0;3;14;2;0;4;0;0;0;3;37;26;31;16;0;38;12;14;52;458;330;105;34;11;254;12;8;0;325711;790018;2021_2022;40118;futuro_real
1062;15;13;0;4;1;2;1;1;4;0;0;4;0;0;0;2;20;16;29;2;1;18;7;14;31;295;207;42;17;5;143;5;1;0;330691;339481;2021_2022;40118;futuro_real
297;4;2;1;4;2;1;1;0;12;0;0;1;0;0;0;1;5;1;0;2;0;3;3;3;9;196;155;50;9;4;75;4;1;0;334104;805267;2021_2022;40118;futuro_real
1585;30;22;2;21;6;10;5;0;15;1;0;6;1;0;0;3;28;15;17;14;0;20;26;17;60;464;348;121;38;13;237;16;4;1;356381;873703;2021_2022;40118;futuro_real
861;14;12;4;6;2;3;1;1;13;1;1;15;0;0;0;2;14;6;14;5;1;14;5;8;34;210;163;43;4;5;110;7;1;0;357124;805366;2021_2022;40118;futuro_real
516;8;7;0;2;1;1;0;1;2;1;0;2;0;0;0;0;10;15;14;9;0;10;7;4;19;152;97;23;8;2;87;1;4;0;368844;924924;2021_2022;40118;futuro_real
1392;16;15;2;6;2;3;1;1;5;2;0;2;0;0;0;1;10;23;42;1;1;21;13;29;25;566;473;42;81;0;106;2;7;0;375178;805270;2021_2022;40118;futuro_real
268;14;3;1;8;3;3;2;0;8;0;0;1;0;0;0;0;5;2;4;4;1;9;7;1;13;121;86;29;8;8;83;10;2;1;375364;805259;2021_2022;40118;futuro_real
68;1;1;0;1;0;0;1;0;0;0;0;0;0;0;0;0;2;1;0;0;0;1;0;0;2;10;5;2;2;0;9;1;0;0;390609;868711;2021_2022;40118;futuro_real
1749;29;18;12;65;25;33;7;1;13;0;7;20;0;0;0;15;16;11;8;8;0;17;32;24;68;287;188;76;10;6;240;28;1;0;420864;879629;2021_2022;40118;futuro_real
855;19;9;0;18;7;5;6;2;23;5;0;24;0;0;0;2;18;7;2;11;0;16;12;5;54;255;190;94;17;11;155;11;6;0;425260;1016015;2021_2022;40118;futuro_real
1699;21;20;2;9;5;2;2;1;8;2;2;27;0;0;0;1;42;23;18;17;0;40;24;8;92;1073;964;159;47;0;180;33;2;0;434955;883293;2021_2022;40118;futuro_real
2887;32;32;0;32;4;23;5;1;12;2;6;7;0;1;0;5;31;28;87;7;3;32;10;46;48;1435;1136;114;161;2;333;3;6;1;442677;896879;2021_2022;40118;futuro_real
1075;17;10;0;2;1;1;0;0;0;0;0;0;0;0;0;0;21;14;58;5;0;16;5;21;25;423;305;28;30;0;129;1;11;0;446662;883813;2021_2022;40118;futuro_real
1694;31;16;7;57;20;25;12;2;24;3;3;18;1;1;1;9;20;7;9;8;0;17;35;17;73;405;334;136;17;5;185;33;4;1;458461;1020999;2021_2022;40118;futuro_real
2128;26;24;0;14;3;5;6;1;16;2;0;26;0;0;0;3;63;46;47;20;2;34;34;16;122;588;452;109;29;25;309;16;7;0;473579;876928;2021_2022;40118;futuro_real
1273;27;14;3;41;15;16;10;4;16;6;2;14;1;1;1;10;33;6;8;14;0;29;55;20;101;317;225;98;9;13;214;32;6;0;475116;883142;2021_2022;40118;futuro_real
1850;30;24;1;7;1;4;2;4;34;6;0;29;0;0;0;6;45;24;20;12;0;13;20;11;94;790;603;168;40;13;349;12;0;0;477378;883396;2021_2022;40118;futuro_real
90;1;1;0;1;0;1;0;0;0;0;0;0;0;0;0;0;1;0;7;0;0;0;0;2;1;27;22;3;8;0;7;0;0;0;481192;876304;2021_2022;40118;futuro_real
950;30;9;6;33;15;11;7;1;16;1;3;4;0;0;0;20;8;2;9;3;0;13;13;33;25;247;169;56;7;1;127;9;2;0;483715;883812;2021_2022;40118;futuro_real
1498;21;17;0;0;0;0;0;1;8;0;0;5;0;0;0;0;53;34;52;22;1;16;11;17;69;677;507;93;60;4;230;9;5;0;486264;883339;2021_2022;40118;futuro_real
1225;17;14;1;11;4;6;1;0;9;1;0;6;0;0;0;0;33;23;25;12;0;23;5;16;44;491;358;83;39;10;220;13;5;0;489993;875661;2021_2022;40118;futuro_real
441;11;5;0;3;0;1;2;0;1;0;0;3;2;0;0;0;20;8;5;5;0;15;7;7;30;170;127;20;15;1;49;3;2;1;494597;922869;2021_2022;40118;futuro_real
891;18;10;7;21;9;8;4;0;8;1;5;1;0;0;0;8;6;0;11;3;0;11;13;55;20;153;97;37;2;1;83;4;2;1;51225;35621;2021_2022;40118;futuro_real
1471;20;17;0;21;6;11;4;4;30;5;1;14;0;0;0;0;17;2;4;11;0;19;32;5;63;668;526;190;61;31;305;27;2;0;516242;914294;2021_2022;40118;futuro_real
743;22;9;1;32;5;17;10;4;28;5;1;6;0;1;0;0;7;2;1;7;0;6;13;5;26;332;246;131;25;10;158;17;0;0;54594;790020;2021_2022;40118;futuro_real
2233;30;24;1;31;9;17;5;0;10;0;2;13;1;0;0;1;50;39;70;16;0;47;40;62;101;1161;905;129;91;1;320;15;6;1;56004;590448;2021_2022;40118;futuro_real
1200;14;15;3;6;1;5;0;0;8;0;0;5;0;2;2;1;42;19;25;34;0;22;18;4;65;473;382;57;48;0;116;11;7;2;581201;924791;2021_2022;40118;futuro_real
1226;16;16;1;8;3;5;0;0;1;0;1;2;0;0;0;1;17;32;48;4;0;12;5;11;24;319;247;26;47;0;85;1;8;0;59947;38516;2021_2022;40118;futuro_real
1530;25;16;1;12;1;6;5;0;13;0;0;7;0;0;0;1;30;21;15;13;0;30;22;10;59;603;481;92;45;0;178;15;7;0;621023;975924;2021_2022;40118;futuro_real
1790;27;21;2;26;6;11;9;0;17;1;1;34;0;0;0;3;41;12;6;20;0;29;28;7;103;612;496;190;27;10;267;31;5;0;628328;932088;2021_2022;40118;futuro_real
459;11;4;3;7;3;2;2;2;5;1;0;11;0;2;1;1;10;2;1;5;0;6;12;4;32;125;109;42;4;4;93;18;1;0;63451;26176;2021_2022;40118;futuro_real
2092;26;26;7;41;16;21;4;3;27;1;7;22;2;1;1;6;29;19;9;18;0;26;58;16;109;378;262;100;9;14;286;34;2;0;653476;973650;2021_2022;40118;futuro_real
947;12;13;2;9;2;4;3;0;8;0;0;5;0;0;0;1;20;21;26;9;1;12;8;9;33;285;207;40;22;4;123;1;3;0;653689;973635;2021_2022;40118;futuro_real
2100;30;27;4;37;16;17;4;2;37;4;2;19;0;1;0;2;33;15;26;19;0;36;48;26;100;684;516;188;32;31;358;35;6;1;662699;973664;2021_2022;40118;futuro_real
165;8;1;0;4;2;1;1;1;1;1;1;0;0;0;0;0;3;2;0;1;0;4;2;3;5;53;35;11;0;0;34;3;0;0;662708;988299;2021_2022;40118;futuro_real
323;9;4;0;0;0;0;0;0;1;0;0;2;0;0;0;0;4;6;8;1;1;4;4;5;10;151;118;9;10;1;45;1;2;0;664362;931772;2021_2022;40118;futuro_real
1284;34;10;9;55;22;19;14;0;15;0;6;8;3;3;2;8;2;2;6;3;0;27;43;13;53;252;197;96;4;2;150;29;1;0;670060;1090706;2021_2022;40118;futuro_real
1151;24;11;0;15;3;9;3;1;12;2;0;1;0;0;0;0;31;18;20;17;1;29;13;14;45;711;604;122;53;3;126;3;6;0;671538;975958;2021_2022;40118;futuro_real
1105;20;13;0;19;3;13;3;0;5;1;0;5;0;0;0;1;25;22;30;14;0;21;19;21;49;482;372;77;27;1;141;9;8;1;671879;1049088;2021_2022;40118;futuro_real
2058;32;21;2;27;7;16;4;2;49;4;2;27;0;0;0;2;84;21;20;17;1;41;78;9;189;1058;872;258;72;34;335;33;7;1;67439;974451;2021_2022;40118;futuro_real
2677;30;30;1;7;2;1;4;2;30;2;0;36;0;0;0;0;38;39;24;11;1;19;32;24;106;963;805;212;39;20;341;25;3;0;72971;26172;2021_2022;40118;futuro_real
2131;26;25;6;39;16;11;12;6;54;4;1;30;1;7;6;4;38;7;21;20;0;28;42;19;109;1050;816;306;76;35;399;26;7;0;73705;249599;2021_2022;40118;futuro_real
1175;23;14;0;6;0;1;5;1;9;0;0;16;1;0;0;6;21;16;10;9;0;25;47;7;84;430;338;83;24;4;216;15;3;0;741727;1018255;2021_2022;40118;futuro_real
561;12;7;1;3;1;2;0;0;1;0;0;0;0;0;0;0;8;8;22;6;0;14;5;6;13;271;207;15;23;0;69;2;3;0;789198;1017747;2021_2022;40118;futuro_real
2772;31;31;3;23;8;8;7;2;15;3;0;21;0;0;0;1;48;37;84;8;1;26;12;50;81;928;646;165;44;13;441;12;6;0;82566;38020;2021_2022;40118;futuro_real
876;11;11;0;5;0;2;3;0;2;0;0;1;0;0;0;1;14;8;57;3;2;7;5;12;20;329;258;26;34;0;84;4;4;0;82570;924643;2021_2022;40118;futuro_real
583;12;7;2;6;2;0;4;3;15;0;0;5;0;0;0;1;14;0;2;5;0;6;14;0;33;273;205;94;12;12;138;4;3;0;82577;38024;2021_2022;40118;futuro_real
1641;22;19;0;8;0;5;3;0;2;0;0;1;0;0;0;0;14;20;48;4;1;33;7;25;22;702;596;72;75;1;117;5;6;0;84506;47439;2021_2022;40118;futuro_real
1438;24;18;3;36;11;15;10;1;32;6;1;9;0;1;1;1;8;11;21;8;0;11;12;11;29;478;342;120;77;23;247;18;5;1;94406;73666;2021_2022;40118;futuro_real
659;11;6;0;2;2;0;0;0;2;0;1;2;0;0;0;0;27;12;22;12;1;13;2;7;31;220;167;28;11;0;68;4;5;0;94447;960216;2021_2022;40118;futuro_real
1738;24;19;4;17;7;5;5;0;6;0;0;7;0;0;0;3;45;33;68;26;1;21;21;32;72;609;417;79;60;1;234;13;6;0;94735;311734;2021_2022;40118;futuro_real
1976;26;22;15;64;28;27;9;2;31;1;6;2;0;2;2;19;9;3;4;8;1;32;33;31;44;418;312;127;7;0;187;16;1;2;94761;883299;2021_2022;40118;futuro_real
996;16;13;2;17;10;7;0;1;21;3;3;7;0;2;1;1;25;14;4;20;0;16;26;7;58;778;690;219;62;16;173;13;6;0;94880;46988;2021_2022;40118;futuro_real
2039;24;23;2;11;3;6;2;0;11;0;0;11;0;0;0;0;43;27;35;17;0;33;24;23;77;1007;857;149;88;0;206;17;3;2;95852;123238;2021_2022;40118;futuro_real
964;17;10;0;5;1;2;2;1;0;0;0;1;0;0;0;2;7;22;63;1;0;18;2;23;10;230;180;13;25;0;58;4;5;1;96295;46992;2021_2022;40118;futuro_real
978;17;11;6;27;15;9;3;1;12;2;7;3;1;2;2;12;2;3;13;4;0;10;17;50;22;230;159;60;4;0;102;13;1;1;96309;897009;2021_2022;40118;futuro_real
2739;32;31;0;3;0;3;0;0;14;0;0;24;0;0;0;0;96;34;31;41;1;48;42;25;161;1095;926;147;56;0;228;25;9;1;100197;162603;2022_2023;48078;futuro_real
1920;33;21;1;31;6;16;9;5;39;3;0;30;1;0;0;2;30;13;2;22;0;28;24;9;84;862;701;308;48;23;373;47;5;0;102784;107293;2022_2023;48078;futuro_real
1387;23;15;0;10;3;4;3;3;16;1;0;7;0;0;0;1;43;22;26;23;0;30;12;7;62;540;445;110;64;9;188;10;7;1;103817;311524;2022_2023;48078;futuro_real
408;12;4;0;7;2;3;2;0;5;0;0;1;0;0;0;2;6;1;1;0;0;5;5;7;12;110;75;23;6;2;93;10;1;0;105834;1018128;2022_2023;48078;futuro_real
160;9;1;0;7;1;6;0;1;3;0;2;0;0;0;0;1;1;1;2;2;0;7;3;8;4;38;25;13;0;1;28;3;2;0;111130;115187;2022_2023;48078;futuro_real
425;15;4;0;7;2;4;1;1;13;1;0;7;0;0;0;0;4;2;1;7;0;2;6;2;17;262;222;80;25;10;83;7;1;0;119365;882851;2022_2023;48078;futuro_real
701;12;10;2;10;4;5;1;2;11;3;1;14;0;2;2;2;18;8;2;6;0;22;6;3;38;341;277;88;17;4;114;10;3;0;120093;248065;2022_2023;48078;futuro_real
2219;29;24;3;35;12;18;5;6;40;7;4;29;0;0;0;15;18;5;2;9;0;22;65;10;112;749;610;240;31;14;312;31;4;0;126019;83951;2022_2023;48078;futuro_real
2383;29;28;0;14;3;10;1;0;11;0;0;0;0;0;0;0;34;35;23;22;0;28;26;12;60;841;665;119;77;2;222;7;5;0;135139;839571;2022_2023;48078;futuro_real
1846;22;20;1;5;1;2;2;2;16;1;1;3;0;0;0;0;36;29;33;14;0;26;23;9;62;661;514;127;24;18;222;2;10;0;138110;129520;2022_2023;48078;futuro_real
1250;21;16;0;9;0;7;2;0;8;1;0;9;0;0;0;0;14;14;16;12;1;12;10;4;32;656;533;107;77;1;145;8;1;0;146822;339169;2022_2023;48078;futuro_real
1191;15;13;1;8;1;5;2;0;2;0;0;0;0;0;0;5;12;15;52;3;0;11;4;26;16;327;234;19;41;0;117;1;3;0;149622;176285;2022_2023;48078;futuro_real
1272;21;14;1;14;4;6;4;0;12;0;0;0;0;0;0;0;26;16;14;9;1;32;4;6;30;448;360;83;47;1;110;4;8;0;149771;339841;2022_2023;48078;futuro_real
1426;20;17;0;10;2;6;2;0;13;0;0;4;0;0;0;0;32;21;18;11;0;22;19;11;55;679;580;75;52;2;117;5;5;0;168974;842529;2022_2023;48078;futuro_real
2409;29;28;2;20;6;7;7;0;9;0;0;7;0;0;0;0;43;25;65;20;1;37;17;34;67;963;808;123;50;2;217;15;3;1;170616;176289;2022_2023;48078;futuro_real
1433;25;15;0;7;0;6;1;0;5;1;0;6;0;0;0;1;21;13;70;16;1;21;7;16;34;657;535;65;79;3;157;8;9;1;170787;869721;2022_2023;48078;futuro_real
1945;33;25;2;55;16;28;11;5;28;4;4;26;1;0;0;8;23;14;8;13;0;13;69;16;118;484;367;145;27;29;265;33;2;1;171151;805289;2022_2023;48078;futuro_real
2446;34;28;1;26;6;8;12;4;26;3;0;12;0;0;0;1;18;11;16;10;0;23;24;8;54;766;665;199;26;6;224;19;4;0;176400;220931;2022_2023;48078;futuro_real
1312;17;15;4;35;13;15;7;1;12;2;4;24;0;1;1;9;8;0;19;5;0;29;51;51;81;266;149;47;12;0;230;41;2;1;178104;340349;2022_2023;48078;futuro_real
1097;24;9;0;9;4;3;2;3;32;1;0;11;0;0;0;0;19;15;19;16;0;8;14;9;44;448;307;108;27;42;281;12;4;1;180911;789965;2022_2023;48078;futuro_real
817;24;8;1;17;5;8;4;0;4;1;0;0;0;0;0;1;12;5;23;3;1;23;7;10;19;281;219;48;27;0;79;3;3;1;186903;248229;2022_2023;48078;futuro_real
1332;21;15;1;23;9;10;4;2;42;4;3;27;1;1;0;2;33;9;2;14;0;19;17;7;77;665;472;211;41;25;321;24;2;0;194999;248059;2022_2023;48078;futuro_real
657;14;7;1;4;2;2;0;0;4;0;0;7;0;0;0;0;13;9;21;5;1;18;4;16;24;331;280;34;33;3;74;6;6;0;195002;175977;2022_2023;48078;futuro_real
482;11;5;1;4;1;0;3;1;6;0;0;1;0;0;0;1;8;7;5;2;0;4;7;6;16;203;155;48;13;5;80;7;2;0;195858;826377;2022_2023;48078;futuro_real
271;6;3;0;6;2;3;1;2;4;2;0;9;0;0;0;1;0;0;0;3;0;3;11;1;20;98;74;28;15;2;56;8;1;0;198027;189207;2022_2023;48078;futuro_real
1002;14;12;0;6;0;3;3;0;1;0;0;2;0;0;0;1;14;18;45;3;0;16;5;35;21;382;270;30;37;0;126;0;5;0;201043;358202;2022_2023;48078;futuro_real
1536;28;18;5;38;13;15;10;3;30;3;3;20;0;1;1;8;32;6;6;17;0;35;20;12;72;502;390;150;16;23;271;28;8;0;203385;590312;2022_2023;48078;futuro_real
2800;36;35;3;68;19;32;17;1;33;7;7;21;0;0;0;12;42;22;18;21;0;34;26;21;89;1232;997;306;95;11;362;24;5;0;207246;249403;2022_2023;48078;futuro_real
1159;18;14;2;15;7;8;0;0;2;0;1;5;0;0;0;2;24;4;58;7;0;18;9;33;38;444;354;46;63;0;103;5;4;2;210481;339737;2022_2023;48078;futuro_real
1318;19;15;0;6;0;4;2;0;1;0;0;4;0;0;0;1;33;22;21;19;0;20;11;6;48;346;259;55;27;0;106;3;3;0;214624;345787;2022_2023;48078;futuro_real
2079;31;25;1;24;6;12;6;1;38;3;1;34;0;0;0;2;35;16;11;19;0;34;28;6;97;800;629;228;37;11;336;45;4;0;224677;588144;2022_2023;48078;futuro_real
2832;34;33;1;33;5;20;8;2;39;7;0;15;0;0;0;0;68;48;29;29;0;34;34;23;117;1838;1455;431;256;4;450;13;9;3;226327;220465;2022_2023;48078;futuro_real
427;10;4;0;0;0;0;0;0;1;0;0;0;0;0;0;0;11;10;10;4;0;4;4;8;15;214;171;9;20;0;51;1;0;0;227771;312276;2022_2023;48078;futuro_real
1847;24;18;0;15;3;11;1;1;3;1;2;4;0;0;0;0;23;41;108;11;0;34;16;49;43;722;543;64;104;0;206;6;9;1;246548;333585;2022_2023;48078;futuro_real
508;15;6;0;1;0;1;0;0;2;0;0;2;0;0;0;0;8;6;3;6;0;9;3;4;13;228;191;28;15;1;47;1;3;0;249977;883294;2022_2023;48078;futuro_real
818;13;8;0;2;0;2;0;2;8;1;0;3;1;0;0;0;16;8;18;11;0;17;4;0;23;267;194;49;23;4;113;3;1;0;250004;312270;2022_2023;48078;futuro_real
207;12;0;1;4;1;1;2;0;2;0;0;1;0;1;1;7;1;1;0;3;0;6;4;2;6;35;26;13;1;0;26;5;1;0;250482;805353;2022_2023;48078;futuro_real
2378;29;28;1;22;6;13;3;3;23;3;0;18;0;0;0;4;40;37;45;19;1;39;19;20;77;819;589;108;89;20;407;14;9;0;260324;339163;2022_2023;48078;futuro_real
477;7;5;0;1;0;1;0;0;3;0;0;1;0;0;0;0;10;10;11;1;0;8;5;3;16;162;135;23;8;2;42;2;3;0;267549;589438;2022_2023;48078;futuro_real
1932;29;25;6;71;19;38;14;7;48;10;2;28;0;0;0;6;27;3;4;15;0;20;36;8;91;792;654;323;53;30;343;42;4;0;271438;330867;2022_2023;48078;futuro_real
1157;28;11;2;12;7;3;2;1;4;1;1;5;1;0;0;8;17;3;12;8;1;23;10;14;32;285;203;73;3;3;159;12;5;1;275266;339171;2022_2023;48078;futuro_real
2323;27;27;0;11;3;7;1;2;11;3;1;2;0;0;0;2;39;52;62;6;0;30;10;25;51;611;458;62;49;2;196;1;10;0;279380;883343;2022_2023;48078;futuro_real
1265;27;14;3;20;8;4;8;2;20;3;1;7;0;0;0;10;17;4;10;7;0;28;21;5;45;366;287;127;5;15;181;20;1;0;279387;339475;2022_2023;48078;futuro_real
2075;26;23;1;22;3;12;7;2;34;3;0;4;0;0;0;1;51;52;69;25;1;22;11;30;66;665;490;98;38;36;388;12;5;0;292729;384658;2022_2023;48078;futuro_real
1957;24;24;1;17;5;10;2;1;6;1;1;0;0;0;0;0;36;25;77;16;2;20;15;35;51;798;624;45;90;1;180;2;9;1;296211;882909;2022_2023;48078;futuro_real
534;15;4;2;10;6;1;3;0;7;0;0;6;1;0;0;2;9;3;6;4;0;14;14;15;29;174;131;44;6;2;94;14;2;0;325591;875662;2022_2023;48078;futuro_real
348;11;2;0;7;2;4;1;1;3;0;0;5;0;0;0;1;15;3;1;4;0;8;8;3;28;88;64;31;1;0;52;7;1;0;325726;846366;2022_2023;48078;futuro_real
2327;33;28;0;7;1;3;3;1;12;1;0;8;0;0;0;1;31;15;18;12;0;21;17;11;56;858;759;112;83;1;141;18;8;0;330690;805068;2022_2023;48078;futuro_real
2580;32;30;1;22;7;13;2;1;19;0;0;17;1;0;0;0;61;42;25;37;0;46;37;23;115;1094;893;156;80;2;266;23;8;1;335217;883397;2022_2023;48078;futuro_real
2008;26;23;1;9;3;6;0;0;3;0;1;0;0;0;0;2;31;48;91;9;0;16;12;33;43;757;598;55;60;1;185;3;4;2;352344;876926;2022_2023;48078;futuro_real
2556;31;28;0;13;7;5;1;6;29;6;0;6;1;0;0;6;31;23;45;12;0;16;24;20;61;954;755;196;51;16;331;9;0;1;356381;873703;2022_2023;48078;futuro_real
1191;22;13;0;7;1;5;1;0;7;0;0;2;0;0;0;2;36;10;17;30;0;30;43;5;80;325;256;74;20;2;117;10;10;0;358338;925309;2022_2023;48078;futuro_real
467;17;3;0;10;3;3;4;0;6;2;2;5;0;0;0;2;5;7;0;4;0;4;10;2;20;170;146;52;5;6;55;11;1;0;398023;836280;2022_2023;48078;futuro_real
646;17;5;0;8;5;3;0;2;17;1;1;5;0;0;0;4;8;2;3;2;0;9;4;7;17;132;106;50;5;3;54;5;0;0;41301;26884;2022_2023;48078;futuro_real
2668;32;32;14;103;40;50;13;4;29;2;16;8;3;1;0;32;17;8;19;12;0;31;61;25;86;422;281;137;9;12;274;20;1;0;415544;830746;2022_2023;48078;futuro_real
723;23;5;2;14;8;4;2;1;4;1;3;5;0;0;0;5;6;6;3;7;0;11;9;9;19;117;80;19;7;3;80;9;3;0;420864;879629;2022_2023;48078;futuro_real
1089;20;13;9;41;19;18;4;1;9;1;2;9;1;1;1;15;6;2;8;2;0;30;22;23;37;241;156;67;9;4;179;24;7;0;426325;819114;2022_2023;48078;futuro_real
1424;24;15;0;14;0;6;8;2;18;2;0;6;0;0;0;0;46;14;18;16;0;20;11;13;63;516;393;142;23;22;246;17;1;0;433698;887125;2022_2023;48078;futuro_real
1772;30;21;0;15;5;7;3;5;41;3;0;4;0;0;0;3;22;10;8;13;0;23;15;7;41;832;701;140;55;29;206;5;2;0;434192;883768;2022_2023;48078;futuro_real
1928;30;22;13;48;21;16;11;4;26;4;7;12;2;4;4;18;9;4;14;6;0;29;43;20;63;482;362;130;26;0;191;28;3;0;435046;840208;2022_2023;48078;futuro_real
2435;31;29;8;100;37;36;27;3;48;6;5;49;0;0;0;4;15;8;9;4;0;15;38;13;102;570;434;212;19;10;338;52;4;0;439631;876929;2022_2023;48078;futuro_real
1490;25;18;4;34;14;13;7;1;20;3;4;47;1;0;0;5;18;3;0;9;0;19;37;8;102;370;280;140;13;5;230;35;5;1;440312;883747;2022_2023;48078;futuro_real
2792;33;33;1;15;2;9;4;2;4;1;2;6;0;0;0;1;43;57;90;6;1;59;7;79;56;1360;1049;146;155;0;365;4;13;1;441344;884997;2022_2023;48078;futuro_real
1048;26;13;3;33;11;15;7;1;7;1;3;11;1;0;0;2;9;6;0;2;0;22;33;1;53;202;157;62;6;5;135;22;0;0;458461;1020999;2022_2023;48078;futuro_real
2420;30;27;0;14;1;10;3;1;5;1;0;21;0;0;0;1;58;49;32;16;1;50;38;19;117;705;587;109;27;9;292;33;9;1;473579;876928;2022_2023;48078;futuro_real
1927;25;24;1;12;3;6;3;4;22;2;0;22;0;0;0;1;48;22;27;19;0;29;18;8;88;779;584;148;47;15;363;18;4;3;477378;883396;2022_2023;48078;futuro_real
1812;28;18;2;30;6;20;4;1;16;1;0;6;0;0;0;2;28;26;32;24;0;42;36;46;70;776;634;145;40;4;212;24;7;1;480523;876927;2022_2023;48078;futuro_real
1519;31;20;3;21;7;10;4;0;17;0;3;11;1;0;0;2;46;13;4;9;0;27;33;12;89;342;264;95;16;8;236;33;2;0;480527;973681;2022_2023;48078;futuro_real
1358;32;15;1;34;10;15;9;0;11;0;5;6;0;1;0;14;13;5;11;7;0;23;22;21;40;296;199;58;10;1;155;11;1;0;483715;883812;2022_2023;48078;futuro_real
687;12;7;0;1;0;0;1;1;10;1;0;0;0;0;0;0;10;22;22;6;0;6;5;8;15;246;174;41;30;6;106;0;0;0;486264;883339;2022_2023;48078;futuro_real
1619;24;16;0;5;0;3;2;0;10;1;0;15;0;0;0;0;45;22;37;11;2;24;12;16;72;544;382;103;36;12;300;13;5;1;489993;875661;2022_2023;48078;futuro_real
1020;16;12;0;7;1;4;2;0;6;0;0;0;0;0;0;0;19;17;25;9;2;18;10;18;28;373;288;54;38;2;135;6;4;0;501586;877910;2022_2023;48078;futuro_real
2128;29;23;1;19;8;6;5;0;8;0;0;7;0;0;0;1;24;41;47;18;0;19;14;30;45;715;490;75;67;5;297;4;6;0;515413;874981;2022_2023;48078;futuro_real
767;17;5;1;14;5;8;1;1;23;2;2;9;0;0;0;1;12;5;5;5;0;4;8;7;28;441;377;131;46;15;123;9;1;0;516242;914294;2022_2023;48078;futuro_real
1175;20;12;1;6;4;2;0;1;3;1;1;2;0;0;0;0;18;19;40;3;0;12;7;37;26;560;447;57;58;1;133;2;4;0;528367;893067;2022_2023;48078;futuro_real
1466;20;17;2;9;3;4;2;0;1;0;1;0;0;0;0;0;24;16;45;9;0;27;24;23;48;711;589;79;49;2;145;6;8;1;53533;31611;2022_2023;48078;futuro_real
1570;23;20;4;24;10;6;8;3;56;12;0;18;0;0;0;0;30;13;4;14;1;8;14;1;62;929;721;241;67;54;358;13;2;1;565193;925119;2022_2023;48078;futuro_real
1928;33;20;0;13;7;2;4;0;28;1;0;20;1;0;0;5;47;38;39;23;2;36;17;2;84;804;623;169;58;13;321;19;5;0;581174;888479;2022_2023;48078;futuro_real
1376;20;16;1;6;3;2;1;1;7;3;1;8;0;0;0;0;34;9;25;22;0;24;21;6;63;616;539;91;42;1;95;2;2;0;581201;924791;2022_2023;48078;futuro_real
1462;19;19;0;5;1;4;0;0;3;0;0;3;0;0;0;1;12;18;69;10;0;13;6;22;21;464;351;43;70;0;122;4;3;2;582098;924787;2022_2023;48078;futuro_real
1026;14;12;0;3;1;0;2;1;17;5;1;6;0;0;0;0;17;15;14;14;0;20;14;23;36;532;403;104;44;5;167;12;2;1;582655;978543;2022_2023;48078;futuro_real
2026;31;28;3;33;12;12;9;5;30;3;3;27;0;0;0;4;27;12;26;14;1;25;20;5;74;715;585;186;42;20;278;32;6;1;621026;929014;2022_2023;48078;futuro_real
895;15;11;0;1;0;1;0;1;11;1;0;4;0;0;0;0;38;20;16;10;0;10;17;6;59;249;179;39;16;8;145;9;3;0;621028;980889;2022_2023;48078;futuro_real
1437;24;12;1;5;1;3;1;0;6;1;0;4;0;0;0;0;24;31;55;9;0;26;8;21;36;440;310;27;35;0;183;9;2;0;621036;973653;2022_2023;48078;futuro_real
2767;31;31;3;38;8;22;8;0;7;1;1;10;1;0;0;3;66;39;113;11;1;46;30;79;105;1457;1249;88;104;1;248;6;11;0;624291;958382;2022_2023;48078;futuro_real
767;18;7;0;21;8;9;4;3;23;3;1;19;0;0;0;2;11;4;1;7;0;16;6;2;36;401;330;107;25;11;139;18;2;0;628328;932088;2022_2023;48078;futuro_real
2209;29;27;1;8;2;4;2;1;6;1;0;15;0;0;0;2;37;19;54;19;3;36;20;18;72;504;342;82;39;3;366;23;7;1;639467;924881;2022_2023;48078;futuro_real
2175;32;27;11;70;28;29;13;5;48;10;4;39;1;2;2;6;37;20;16;15;0;41;58;18;133;742;597;241;30;18;345;35;5;0;641820;933730;2022_2023;48078;futuro_real
2143;26;26;3;18;8;10;0;2;10;1;4;7;0;0;0;3;35;45;89;14;1;35;6;37;48;898;726;77;97;0;204;7;7;3;647304;830085;2022_2023;48078;futuro_real
1787;23;19;0;5;1;3;1;3;15;4;0;16;0;0;0;0;42;23;52;17;0;27;20;18;78;577;414;120;29;16;286;7;2;0;653484;975241;2022_2023;48078;futuro_real
1143;21;13;3;26;7;12;7;4;18;3;3;11;0;0;0;0;22;10;3;13;0;18;45;10;78;371;298;93;26;3;149;16;3;0;654297;973563;2022_2023;48078;futuro_real
1909;28;20;0;5;1;1;3;2;9;1;0;6;0;0;0;1;67;21;16;26;0;36;16;14;89;900;799;162;62;1;134;9;6;0;665116;978545;2022_2023;48078;futuro_real
2290;34;25;6;80;21;45;14;0;17;3;5;26;0;0;0;9;20;3;21;7;1;35;52;43;97;365;270;101;12;2;283;51;8;0;670060;1090706;2022_2023;48078;futuro_real
1996;30;23;1;17;4;6;7;0;13;1;1;8;0;0;0;2;48;22;46;22;2;47;27;31;82;712;529;89;53;2;215;11;8;1;671879;1049088;2022_2023;48078;futuro_real
968;19;11;0;12;3;3;6;1;12;1;0;17;0;0;0;4;20;13;15;10;0;9;7;9;44;484;406;100;27;8;158;4;0;0;672263;960225;2022_2023;48078;futuro_real
560;13;5;0;1;0;0;1;0;1;0;0;4;0;0;0;0;19;8;11;9;0;10;9;5;32;230;188;50;17;1;68;6;1;1;696726;1018388;2022_2023;48078;futuro_real
1466;25;16;1;13;6;4;3;1;17;4;0;21;0;0;0;6;14;8;8;8;0;33;38;9;73;524;409;147;23;4;208;26;4;0;72680;13532;2022_2023;48078;futuro_real
1811;22;21;1;2;1;1;0;2;24;1;0;25;0;0;0;1;22;18;35;7;1;8;18;15;65;615;480;142;43;16;254;20;2;0;72971;26172;2022_2023;48078;futuro_real
460;14;5;0;12;3;7;2;0;7;1;1;6;0;0;0;1;9;3;5;9;0;11;13;2;28;348;296;120;19;0;84;6;3;0;73705;249599;2022_2023;48078;futuro_real
246;9;2;1;8;1;4;3;0;4;0;0;3;0;0;0;1;2;1;0;0;0;2;4;0;9;63;48;24;5;2;42;1;0;0;740619;1050816;2022_2023;48078;futuro_real
1456;27;19;0;4;0;3;1;0;12;2;0;16;0;0;0;4;15;14;7;6;0;26;53;2;84;508;443;132;19;6;184;35;5;1;741727;1018255;2022_2023;48078;futuro_real
1905;31;19;1;20;8;5;7;2;31;4;3;53;1;1;0;5;27;13;15;10;1;26;26;5;106;602;485;213;14;15;358;40;3;0;741728;1017760;2022_2023;48078;futuro_real
1342;20;15;0;5;0;5;0;0;4;0;0;6;0;0;0;1;24;30;75;10;1;11;12;23;42;455;338;44;55;1;142;6;4;1;74351;76814;2022_2023;48078;futuro_real
1421;37;12;4;21;7;10;4;3;42;3;3;4;0;0;0;1;27;15;1;22;0;22;52;11;82;712;571;218;56;20;226;19;6;0;77125;312264;2022_2023;48078;futuro_real
506;9;6;0;2;1;0;1;0;3;0;0;0;0;0;0;0;3;7;16;3;0;9;3;8;6;175;137;15;19;0;42;0;1;1;789198;1017747;2022_2023;48078;futuro_real
2225;28;26;0;8;3;3;2;0;13;2;0;7;0;0;0;0;54;32;64;16;1;18;14;18;75;592;392;127;33;15;399;14;6;0;805862;1017755;2022_2023;48078;futuro_real
621;18;5;1;16;4;9;3;2;9;2;0;8;0;0;0;0;10;5;3;4;0;16;13;2;31;281;236;75;21;6;85;12;4;0;810550;1065267;2022_2023;48078;futuro_real
1082;16;13;0;4;1;3;0;1;6;0;0;3;0;0;0;1;26;20;31;2;0;13;2;7;31;295;221;53;21;3;132;1;4;0;814636;989258;2022_2023;48078;futuro_real
1487;26;17;0;15;2;5;8;0;12;2;0;12;0;0;0;0;31;26;29;16;0;17;14;15;57;415;296;52;27;6;213;18;7;0;817656;1068656;2022_2023;48078;futuro_real
1346;21;14;0;10;1;7;2;0;3;0;0;2;0;0;0;1;24;23;53;4;0;12;2;23;28;477;343;43;59;0;144;1;4;0;82570;924643;2022_2023;48078;futuro_real
2689;31;31;0;10;2;8;0;0;6;1;0;7;0;0;0;4;22;31;96;6;1;27;18;67;47;1098;862;73;128;0;262;6;8;1;82584;883313;2022_2023;48078;futuro_real
2409;28;28;0;4;0;4;0;0;2;0;0;1;0;0;0;1;17;34;112;5;1;27;12;28;30;719;542;60;108;0;190;4;11;1;84506;47439;2022_2023;48078;futuro_real
1364;27;12;1;33;18;9;6;4;23;2;2;24;0;0;0;2;22;5;5;18;0;31;24;6;69;598;479;205;37;15;230;36;5;0;866488;1107888;2022_2023;48078;futuro_real
1567;19;20;1;11;3;7;1;0;3;1;1;2;0;0;0;0;26;38;66;8;0;16;12;15;40;709;606;67;63;0;130;3;4;0;90489;121657;2022_2023;48078;futuro_real
379;11;4;0;7;2;2;3;0;12;1;1;0;0;0;0;0;6;3;3;1;0;10;6;2;12;167;127;39;26;9;74;8;3;0;94406;73666;2022_2023;48078;futuro_real
452;10;4;0;5;1;3;1;0;3;0;0;1;0;0;0;1;10;7;13;7;1;4;4;9;15;138;91;14;12;0;55;2;1;0;94735;311734;2022_2023;48078;futuro_real
2584;34;29;13;68;30;28;10;2;32;3;8;12;1;1;1;25;15;5;7;8;0;36;44;64;71;596;415;172;18;2;332;30;7;0;94761;883299;2022_2023;48078;futuro_real
322;7;3;0;0;0;0;0;0;1;0;0;0;0;0;0;2;4;4;12;2;0;8;3;3;7;116;93;23;9;1;43;2;3;0;94820;125100;2022_2023;48078;futuro_real
1126;22;14;0;14;5;5;4;1;21;2;0;19;0;0;0;8;14;5;2;14;0;20;26;0;59;512;437;169;28;8;167;18;5;1;95280;47447;2022_2023;48078;futuro_real
2895;33;33;3;20;5;12;3;1;10;1;1;2;0;0;0;3;40;37;113;14;1;36;15;45;57;975;820;37;92;1;165;3;11;1;96295;46992;2022_2023;48078;futuro_real
859;13;9;0;4;0;2;2;1;4;0;0;2;0;0;0;0;7;5;16;10;0;18;9;4;18;326;274;33;20;2;73;8;3;0;966369;1170472;2022_2023;48078;futuro_real
103;2;2;0;0;0;0;0;0;0;0;0;0;0;0;0;0;0;1;3;6;0;3;0;0;0;25;18;3;2;1;11;0;1;0;103817;311524;2023_2024;57741;futuro_real
1468;21;18;0;36;7;17;12;1;24;5;1;9;0;1;0;0;16;10;19;10;0;23;8;0;33;758;605;173;86;5;228;13;2;1;106283;220935;2023_2024;57741;futuro_real
1945;27;22;5;56;24;25;7;3;38;3;5;16;0;0;0;5;8;2;11;6;0;35;38;22;60;383;276;139;12;1;231;27;6;1;1095971;1466382;2023_2024;57741;futuro_real
12;3;0;0;1;0;0;1;0;1;0;0;0;0;0;0;0;0;0;0;0;0;0;0;0;0;11;10;1;1;0;3;0;0;0;1102800;1466374;2023_2024;57741;futuro_real
2911;33;33;2;57;15;25;17;7;83;13;3;14;0;1;0;0;68;26;22;14;0;28;31;19;113;1747;1454;431;117;72;488;26;4;0;131114;47418;2023_2024;57741;futuro_real
2684;30;30;1;21;2;15;4;2;13;1;0;12;0;0;0;1;93;48;93;26;1;58;18;37;123;1290;1007;168;105;5;371;15;13;0;140931;107596;2023_2024;57741;futuro_real
2970;33;33;0;9;1;6;2;0;9;1;0;3;0;0;0;0;29;24;82;6;1;24;9;45;41;1669;1361;160;130;2;340;2;8;0;146292;932870;2023_2024;57741;futuro_real
2694;33;31;6;86;30;35;21;3;68;5;6;21;0;0;0;9;39;6;12;17;0;24;72;14;132;691;500;158;47;56;500;48;6;1;147105;339117;2023_2024;57741;futuro_real
1320;26;14;1;20;2;8;10;1;10;0;0;6;0;0;0;1;28;9;17;4;2;35;13;10;47;455;342;90;44;2;146;7;4;0;149771;339841;2023_2024;57741;futuro_real
1053;19;11;0;32;9;17;6;3;23;1;0;13;0;0;0;2;24;4;7;4;0;19;39;9;76;320;231;92;22;13;188;21;5;0;160906;339529;2023_2024;57741;futuro_real
1897;25;24;0;13;4;8;1;0;7;0;1;2;0;0;0;0;44;23;25;10;0;42;15;22;61;557;418;76;29;0;171;9;4;0;170616;176289;2023_2024;57741;futuro_real
1746;28;23;4;39;13;22;4;3;45;5;1;5;1;1;1;0;19;12;12;16;0;4;27;9;51;643;484;204;37;21;307;18;3;0;170785;309126;2023_2024;57741;futuro_real
1935;22;22;0;6;1;4;1;0;3;0;0;7;0;0;0;0;20;26;91;8;0;27;4;49;31;720;587;23;66;0;158;5;8;0;175208;243515;2023_2024;57741;futuro_real
1115;15;13;5;30;19;8;3;0;5;0;9;5;2;1;0;1;9;2;5;3;0;14;21;19;34;171;123;52;3;3;99;11;3;0;177064;159931;2023_2024;57741;futuro_real
2149;32;29;9;72;23;29;20;6;38;2;4;11;1;0;0;10;23;7;6;11;0;29;29;19;63;499;369;169;16;8;241;20;5;0;194998;176139;2023_2024;57741;futuro_real
707;19;7;2;33;11;11;11;2;26;4;6;7;0;1;1;1;11;2;2;5;0;8;13;2;31;236;185;101;19;10;121;12;3;0;196037;340077;2023_2024;57741;futuro_real
1822;34;18;11;44;17;19;8;0;17;4;1;7;3;2;2;15;8;4;19;7;0;20;29;30;43;347;240;78;4;4;175;13;4;0;210553;923196;2023_2024;57741;futuro_real
276;9;3;0;3;1;2;0;0;2;0;0;5;0;0;0;1;4;1;0;3;0;1;18;0;27;142;126;32;11;0;39;5;0;0;213399;830004;2023_2024;57741;futuro_real
1607;21;20;2;32;8;20;4;0;7;0;2;5;2;0;0;1;24;13;68;4;0;14;19;49;48;453;316;63;47;2;162;7;2;1;214719;220929;2023_2024;57741;futuro_real
2432;33;28;16;85;37;33;15;0;20;1;7;16;4;3;3;19;7;3;14;1;0;26;52;47;75;644;503;151;31;1;298;55;3;1;216036;246313;2023_2024;57741;futuro_real
1916;32;24;2;20;11;5;4;2;35;5;0;20;0;0;0;5;18;9;15;15;0;24;15;18;53;631;453;180;17;10;337;33;3;0;224677;588144;2023_2024;57741;futuro_real
2149;30;26;1;21;7;10;4;3;36;2;0;12;1;0;0;0;43;15;6;26;1;40;55;18;110;557;433;138;29;30;253;21;4;1;238661;341981;2023_2024;57741;futuro_real
1873;22;22;0;5;1;3;1;0;4;0;0;3;0;0;0;1;39;31;104;8;2;16;22;32;63;673;496;82;110;1;181;0;4;2;242991;339963;2023_2024;57741;futuro_real
2087;26;23;0;16;6;8;2;2;5;2;0;2;0;0;0;0;17;41;103;10;0;24;13;72;31;895;647;56;89;1;271;5;6;1;246548;333585;2023_2024;57741;futuro_real
2008;32;22;2;26;6;14;6;4;29;7;1;26;0;0;0;8;15;6;13;8;0;26;52;28;90;606;473;183;19;13;307;32;11;0;249975;339843;2023_2024;57741;futuro_real
1023;21;10;1;12;3;5;4;0;5;1;1;2;0;0;0;0;12;2;8;6;0;8;10;6;24;462;395;65;20;2;89;2;2;0;249977;883294;2023_2024;57741;futuro_real
1588;26;17;0;3;0;3;0;1;9;1;0;5;0;0;0;1;48;22;25;11;0;34;10;7;63;549;400;105;49;6;283;2;4;1;250004;312270;2023_2024;57741;futuro_real
2807;33;33;0;12;3;7;2;0;16;1;0;9;1;0;0;0;44;29;45;18;0;28;12;15;65;1403;1110;288;87;12;393;18;5;0;250737;805065;2023_2024;57741;futuro_real
2743;33;32;6;33;16;13;4;2;11;2;5;3;0;0;0;3;36;43;120;19;1;23;9;34;48;862;666;92;125;1;230;6;4;0;250915;358194;2023_2024;57741;futuro_real
2714;31;31;5;15;8;5;2;2;12;2;0;5;0;3;3;2;21;34;134;12;0;11;16;65;41;895;660;72;101;2;326;3;5;0;260318;338883;2023_2024;57741;futuro_real
2648;30;30;5;29;9;14;6;5;35;3;0;14;0;0;0;2;46;23;60;15;2;38;22;25;82;958;708;191;90;23;431;11;6;2;260324;339163;2023_2024;57741;futuro_real
2719;31;30;2;13;6;7;0;1;5;1;0;1;1;0;0;2;53;57;171;9;0;25;22;73;75;1041;780;89;96;0;277;2;4;1;262254;312346;2023_2024;57741;futuro_real
2820;32;32;1;15;7;6;2;2;30;1;1;5;1;0;0;3;41;19;63;14;0;32;18;30;64;1085;862;186;63;24;326;8;5;0;270987;295161;2023_2024;57741;futuro_real
1159;28;10;1;12;4;4;4;0;8;1;0;4;0;0;0;4;16;7;11;4;0;23;9;43;28;298;186;61;2;2;170;14;0;0;275266;339171;2023_2024;57741;futuro_real
1103;24;12;4;16;7;8;1;1;8;0;2;2;0;1;0;11;3;1;12;1;0;9;7;30;12;206;130;39;4;4;112;3;2;0;279061;924793;2023_2024;57741;futuro_real
2488;32;29;7;60;22;26;12;2;31;3;5;38;0;0;0;12;33;7;13;13;0;38;56;18;127;782;641;286;28;11;318;29;3;0;279387;339475;2023_2024;57741;futuro_real
1465;17;16;1;6;3;3;0;0;3;0;1;0;0;0;0;0;12;24;57;7;0;12;2;28;14;336;221;29;52;0;120;0;2;0;279793;898755;2023_2024;57741;futuro_real
296;4;4;0;4;1;1;2;0;5;0;1;1;0;0;0;0;2;4;2;1;0;4;5;0;8;108;88;28;11;3;34;0;0;0;283386;332777;2023_2024;57741;futuro_real
2513;33;28;0;10;2;5;3;0;5;0;2;2;0;0;0;1;40;34;83;15;3;24;18;34;60;1179;938;93;71;4;332;5;6;0;308810;312208;2023_2024;57741;futuro_real
1588;26;20;1;29;8;5;16;1;22;3;0;29;0;0;0;1;21;9;12;7;0;29;38;16;88;493;368;109;19;18;268;23;6;0;315761;818401;2023_2024;57741;futuro_real
925;25;7;1;22;7;12;3;0;16;4;0;12;2;0;0;2;8;3;2;3;0;19;16;36;36;284;191;67;11;10;169;19;3;0;325591;875662;2023_2024;57741;futuro_real
598;19;4;0;20;6;10;4;1;10;1;0;3;0;0;0;3;5;1;4;5;0;6;12;1;20;254;207;78;25;6;101;12;0;0;325696;805056;2023_2024;57741;futuro_real
1235;23;16;0;13;0;9;4;1;8;0;1;5;0;0;0;1;18;17;13;12;1;21;23;7;45;333;262;83;32;2;101;11;3;2;325706;883389;2023_2024;57741;futuro_real
412;13;5;1;9;4;3;2;0;4;0;0;2;0;0;0;0;5;8;4;6;0;8;7;3;14;165;119;45;14;0;74;3;1;3;326200;840530;2023_2024;57741;futuro_real
2913;33;33;6;56;21;18;17;9;87;15;4;33;0;0;0;21;44;20;4;30;1;23;28;0;105;1026;841;279;44;50;438;19;4;1;329212;586956;2023_2024;57741;futuro_real
1439;23;18;0;3;0;2;1;0;15;1;0;1;0;0;0;1;15;4;12;2;0;14;11;6;27;497;434;47;30;1;93;14;3;0;330690;805068;2023_2024;57741;futuro_real
1742;26;20;1;25;5;15;5;3;28;2;0;7;0;0;0;2;33;27;35;4;0;18;20;16;59;470;327;91;38;18;262;7;4;0;332776;760636;2023_2024;57741;futuro_real
383;7;5;0;3;1;1;1;0;2;0;1;0;0;0;0;0;3;8;11;1;0;4;3;12;6;172;116;18;16;2;70;1;1;0;333025;805261;2023_2024;57741;futuro_real
1674;29;19;0;19;4;10;5;1;11;3;0;8;0;0;0;1;34;16;18;14;0;31;18;12;59;778;639;127;49;5;215;16;2;1;335217;883397;2023_2024;57741;futuro_real
2581;33;28;2;19;8;9;2;1;13;1;2;5;0;0;0;0;45;32;68;4;1;22;38;39;88;1240;1074;135;91;0;188;3;4;0;335677;874985;2023_2024;57741;futuro_real
2869;34;33;1;17;8;7;2;0;13;0;0;11;0;0;0;2;42;27;27;16;2;36;42;19;95;845;666;159;53;5;249;16;5;0;351561;831183;2023_2024;57741;futuro_real
692;11;7;0;1;0;1;0;0;2;0;0;1;0;0;0;2;12;16;12;3;0;11;5;4;18;212;150;45;19;1;89;1;2;0;352344;876926;2023_2024;57741;futuro_real
251;8;2;0;1;0;0;1;1;3;0;0;1;0;0;0;0;0;1;3;1;0;1;2;3;3;88;61;16;5;2;37;0;0;0;356381;873703;2023_2024;57741;futuro_real
1522;21;19;1;27;11;15;1;1;11;2;1;5;0;0;0;2;31;20;14;18;0;25;9;34;45;710;561;100;47;4;182;9;5;1;358016;789372;2023_2024;57741;futuro_real
881;18;10;0;7;2;4;1;2;9;1;1;3;0;0;0;0;36;6;9;10;0;23;19;1;58;300;213;39;19;0;105;2;6;0;358338;925309;2023_2024;57741;futuro_real
2268;27;25;1;17;6;6;5;1;13;1;0;3;0;0;0;1;27;13;29;10;1;24;10;10;40;859;716;145;59;0;196;10;4;0;375353;1131302;2023_2024;57741;futuro_real
2948;34;34;8;75;20;31;24;13;93;11;4;29;0;3;2;6;24;14;7;9;0;27;48;15;100;1888;1554;478;109;56;568;52;3;0;380603;829029;2023_2024;57741;futuro_real
2822;33;32;1;21;3;11;7;2;29;1;0;15;1;0;0;2;43;43;69;15;0;18;34;33;91;1196;902;174;123;20;506;21;6;1;400051;883287;2023_2024;57741;futuro_real
299;9;3;0;9;3;5;1;0;3;0;1;2;1;0;0;0;3;0;0;2;0;2;6;0;11;67;52;20;6;0;43;2;1;0;400254;846749;2023_2024;57741;futuro_real
1064;18;11;1;9;3;5;1;0;6;0;1;4;0;0;0;1;33;33;31;9;0;20;7;19;44;511;400;61;31;1;140;7;1;1;403809;1006509;2023_2024;57741;futuro_real
2615;30;30;3;17;6;7;4;0;6;0;0;10;0;0;0;1;50;41;119;23;2;29;19;47;78;831;543;105;136;0;338;7;4;0;409092;926640;2023_2024;57741;futuro_real
305;8;4;1;8;1;5;2;0;4;0;1;1;0;0;0;1;1;0;1;0;0;3;4;3;6;56;41;20;2;0;25;1;1;0;412899;1131289;2023_2024;57741;futuro_real
726;19;8;0;6;1;5;0;1;7;2;1;4;0;0;0;4;11;0;5;1;1;7;11;8;26;133;84;31;5;0;115;17;0;0;420864;879629;2023_2024;57741;futuro_real
2922;33;33;0;7;1;5;1;0;4;0;0;5;0;0;0;2;57;35;97;9;0;30;12;55;74;1646;1357;104;147;1;315;3;2;1;422398;830660;2023_2024;57741;futuro_real
2563;32;32;4;56;22;25;9;4;29;2;8;13;1;0;0;3;28;7;9;13;0;13;45;2;86;630;491;172;32;17;302;25;1;0;422914;830880;2023_2024;57741;futuro_real
12;1;0;0;0;0;0;0;0;0;0;0;0;0;0;0;0;2;0;0;0;0;0;0;0;2;13;11;1;1;0;2;0;0;0;434955;883293;2023_2024;57741;futuro_real
1038;13;12;2;6;4;2;0;1;3;1;0;4;1;0;0;2;6;10;94;3;0;8;7;27;17;420;322;39;72;1;111;2;3;0;443575;885583;2023_2024;57741;futuro_real
1783;33;18;1;17;3;8;6;1;26;2;3;27;0;0;0;1;25;16;22;8;0;22;29;22;80;442;340;103;18;20;307;23;4;0;443717;846486;2023_2024;57741;futuro_real
327;10;4;0;3;0;3;0;0;2;0;0;3;0;0;0;0;11;11;8;5;0;10;10;8;24;128;91;23;5;1;56;5;2;0;447932;883720;2023_2024;57741;futuro_real
1014;14;11;0;11;4;5;2;1;6;0;1;8;0;0;0;0;16;8;21;3;0;20;7;11;31;318;244;64;19;8;143;9;3;0;447934;882837;2023_2024;57741;futuro_real
3053;34;34;4;23;9;11;3;0;3;0;1;4;0;0;0;1;46;42;114;11;1;26;16;67;64;1240;1026;59;112;0;232;4;6;0;457058;895589;2023_2024;57741;futuro_real
2006;28;27;10;54;26;23;5;1;23;2;6;17;1;1;0;15;20;10;11;8;0;24;25;32;62;400;275;136;18;17;267;28;1;0;458603;924736;2023_2024;57741;futuro_real
1361;18;16;0;3;0;3;0;0;0;0;0;5;0;0;0;0;13;17;77;2;0;9;5;26;23;673;573;37;60;0;106;0;3;0;460621;1018134;2023_2024;57741;futuro_real
1530;24;17;0;17;3;8;6;0;4;0;0;15;0;0;0;1;21;23;32;8;0;18;26;17;62;590;481;134;19;1;220;10;3;0;473579;876928;2023_2024;57741;futuro_real
525;14;6;1;5;2;3;0;0;1;0;0;0;0;0;0;1;14;8;21;3;0;9;3;13;17;257;222;5;11;0;41;4;1;0;480523;876927;2023_2024;57741;futuro_real
425;21;2;1;5;1;2;2;0;3;0;0;2;0;0;0;2;12;2;1;4;0;17;6;2;20;134;110;34;2;4;75;7;4;0;480527;973681;2023_2024;57741;futuro_real
305;12;3;1;17;5;5;7;1;9;2;1;2;1;0;0;1;1;0;0;1;0;5;7;3;10;90;75;34;1;3;50;4;0;0;483714;883296;2023_2024;57741;futuro_real
2201;30;23;0;8;1;2;5;1;16;2;0;21;0;0;0;0;51;18;63;14;0;28;12;18;83;835;637;96;78;14;335;13;9;0;489993;875661;2023_2024;57741;futuro_real
1915;32;25;1;41;9;23;9;7;49;7;3;28;0;0;0;2;25;23;4;15;0;16;63;18;115;932;757;306;89;28;317;32;2;0;490717;924783;2023_2024;57741;futuro_real
1096;26;9;3;11;5;4;2;0;4;0;0;4;0;0;0;1;24;6;12;8;1;14;7;23;35;577;458;111;21;1;160;6;1;0;491560;975540;2023_2024;57741;futuro_real
450;10;4;0;3;0;2;1;0;1;0;0;0;0;0;0;0;6;4;10;6;1;10;1;3;7;157;129;14;12;0;33;0;1;1;491569;936165;2023_2024;57741;futuro_real
856;16;10;1;12;2;8;2;0;4;0;0;1;0;0;0;0;23;8;24;12;0;14;5;19;29;344;254;48;20;0;108;2;1;0;494220;885006;2023_2024;57741;futuro_real
809;15;7;0;2;0;2;0;0;4;0;1;0;0;0;0;0;13;6;26;9;1;17;4;10;17;324;238;51;26;1;145;2;2;1;501586;877910;2023_2024;57741;futuro_real
2591;32;32;3;29;10;9;10;4;19;4;3;8;0;0;0;0;71;35;38;15;0;40;42;52;119;1033;840;198;54;1;245;15;8;0;520457;892073;2023_2024;57741;futuro_real
1210;23;14;2;33;10;16;7;2;23;1;2;9;0;0;0;9;3;0;7;1;0;11;10;12;22;247;183;81;13;11;146;8;0;0;520501;886545;2023_2024;57741;futuro_real
602;17;5;4;22;9;11;2;0;4;0;2;4;0;2;2;3;13;2;2;4;0;8;15;27;32;102;64;22;3;0;69;5;1;0;522868;893536;2023_2024;57741;futuro_real
274;10;1;2;11;4;5;2;0;3;0;1;4;0;0;0;2;3;0;4;2;0;6;4;2;11;49;36;16;0;0;36;7;1;0;527625;892669;2023_2024;57741;futuro_real
1410;25;17;3;57;18;26;13;5;24;5;7;14;1;0;0;5;14;5;7;4;0;17;30;9;57;290;197;101;14;3;209;23;4;0;530444;941410;2023_2024;57741;futuro_real
1042;13;13;2;13;5;6;2;2;18;3;0;5;0;0;0;2;27;6;9;2;0;11;11;1;43;319;252;76;22;6;150;9;4;0;533569;895338;2023_2024;57741;futuro_real
2630;34;30;5;78;31;32;15;4;53;8;5;25;1;0;0;21;34;13;6;19;1;27;34;4;93;602;429;198;33;27;385;36;3;0;537255;895364;2023_2024;57741;futuro_real
1815;26;21;0;19;5;10;4;2;20;2;1;10;0;0;0;0;29;19;41;5;0;30;12;21;50;485;337;107;23;17;262;14;5;0;547021;949793;2023_2024;57741;futuro_real
920;17;11;0;10;4;3;3;1;9;1;0;1;0;0;0;1;21;4;5;13;0;5;5;1;27;305;232;55;32;5;121;6;0;0;565193;925119;2023_2024;57741;futuro_real
2966;34;34;14;88;37;39;12;23;83;19;5;49;0;1;1;22;48;19;7;25;0;55;35;9;131;856;655;312;32;69;569;40;2;0;597455;937859;2023_2024;57741;futuro_real
2016;30;22;1;18;5;8;5;1;16;2;0;6;0;0;0;1;50;32;48;6;0;27;40;21;96;612;476;76;41;18;255;14;5;0;621028;980889;2023_2024;57741;futuro_real
2079;24;23;0;11;4;5;2;0;7;0;0;2;0;0;0;1;44;31;76;17;0;25;11;64;57;1130;901;92;87;0;259;9;8;0;621029;923740;2023_2024;57741;futuro_real
815;17;8;1;20;5;11;4;1;23;2;0;10;0;0;0;1;7;5;0;2;0;7;5;5;22;346;270;122;14;16;142;8;1;0;628328;932088;2023_2024;57741;futuro_real
3014;34;33;4;60;13;37;10;4;38;4;1;31;1;0;0;3;56;31;51;11;0;22;14;54;101;1523;1122;255;160;20;602;25;5;0;628750;962187;2023_2024;57741;futuro_real
604;10;5;0;2;1;1;0;0;2;0;0;3;0;0;0;0;3;6;21;5;0;11;0;11;6;210;152;23;20;2;74;1;1;0;638929;957940;2023_2024;57741;futuro_real
1041;23;11;0;7;0;5;2;1;9;1;0;3;0;0;0;0;23;13;11;6;0;29;11;12;37;501;408;52;61;3;126;7;4;0;639458;922870;2023_2024;57741;futuro_real
2054;29;23;0;10;0;6;4;0;16;0;1;12;0;0;0;1;30;13;41;22;0;41;32;14;73;472;338;94;45;9;279;21;7;0;639467;924881;2023_2024;57741;futuro_real
1406;19;17;0;12;1;5;6;0;5;0;0;2;1;0;0;0;33;21;45;9;0;23;8;12;43;618;475;69;72;0;181;5;4;1;639764;965761;2023_2024;57741;futuro_real
1083;22;10;2;22;7;10;5;1;14;2;1;12;1;0;0;6;19;11;8;18;0;19;25;9;56;267;197;75;15;7;162;16;4;0;641820;933730;2023_2024;57741;futuro_real
2590;34;28;2;37;12;20;5;3;47;3;2;32;1;0;0;5;28;19;23;13;0;42;42;20;101;703;487;154;49;38;494;42;7;0;643928;832687;2023_2024;57741;futuro_real
1339;30;13;1;29;13;11;5;5;30;5;2;15;1;0;0;6;29;11;0;12;0;25;29;2;73;500;405;142;27;17;210;20;3;0;644109;976096;2023_2024;57741;futuro_real
2372;28;27;1;17;6;9;2;0;14;1;0;8;1;0;0;0;62;20;90;17;0;35;8;43;78;1160;969;128;169;0;247;7;9;0;647304;830085;2023_2024;57741;futuro_real
1281;22;14;1;9;3;6;0;0;13;0;1;6;0;0;0;0;23;23;25;7;0;21;12;7;41;351;273;97;18;8;145;5;4;0;653484;975241;2023_2024;57741;futuro_real
1058;17;13;4;18;9;9;0;0;5;0;3;5;0;0;0;2;17;5;18;10;0;11;6;22;28;248;190;41;12;0;81;10;2;0;653673;976302;2023_2024;57741;futuro_real
458;13;5;0;6;0;3;3;1;5;0;0;2;0;0;0;0;8;2;2;2;0;11;11;2;20;127;93;31;6;0;52;3;2;0;654297;973563;2023_2024;57741;futuro_real
2811;34;31;2;38;7;18;13;1;14;2;0;8;0;0;0;1;37;25;35;16;0;31;30;22;75;1377;1212;208;96;2;220;15;8;0;654298;973566;2023_2024;57741;futuro_real
2628;31;30;1;13;3;8;2;3;16;1;0;9;0;0;0;3;54;19;57;18;0;25;23;28;86;704;483;97;52;23;414;14;7;0;656061;977086;2023_2024;57741;futuro_real
2542;33;28;0;37;7;20;10;1;33;0;0;12;0;0;0;2;31;23;43;14;0;27;23;42;66;1412;1176;317;128;4;340;23;3;0;656911;1098312;2023_2024;57741;futuro_real
299;6;3;0;2;1;1;0;0;0;0;0;1;0;0;0;0;1;1;10;1;0;2;9;1;11;74;60;8;10;0;17;0;0;0;657221;975853;2023_2024;57741;futuro_real
2923;34;34;0;21;5;10;6;3;25;3;0;4;0;0;0;3;45;30;23;26;1;57;32;19;80;1330;1110;291;112;19;335;22;4;0;662605;980141;2023_2024;57741;futuro_real
433;10;5;0;2;0;2;0;0;2;0;1;1;0;0;0;0;9;8;10;5;0;9;9;4;19;126;101;16;4;0;52;1;1;0;664864;882897;2023_2024;57741;futuro_real
1093;27;9;1;18;7;11;0;3;16;3;2;11;0;0;0;1;7;2;5;2;0;31;26;19;44;225;171;61;6;2;126;17;2;2;665113;975919;2023_2024;57741;futuro_real
2572;34;30;2;77;17;42;18;3;24;4;5;26;1;1;0;4;18;9;23;10;1;37;58;62;102;519;387;143;10;7;375;50;3;0;670060;1090706;2023_2024;57741;futuro_real
1194;25;11;0;8;2;5;1;1;3;1;0;4;0;0;0;1;15;9;17;4;0;30;11;11;30;337;234;46;28;1;126;6;5;0;671879;1049088;2023_2024;57741;futuro_real
1118;21;13;2;13;3;8;2;2;14;2;0;5;1;0;0;2;37;8;9;10;1;23;37;4;79;605;514;152;64;6;162;15;4;0;67439;974451;2023_2024;57741;futuro_real
1612;31;14;5;59;21;29;9;2;21;3;3;29;0;0;0;6;11;8;16;7;0;33;24;37;64;339;248;106;7;9;277;37;5;0;679264;886763;2023_2024;57741;futuro_real
1586;34;17;11;55;31;18;6;1;8;1;8;7;1;1;1;3;7;1;16;0;0;27;27;29;41;343;244;73;6;2;191;23;5;0;687529;984107;2023_2024;57741;futuro_real
1093;19;11;0;8;2;5;1;0;1;0;1;1;0;0;0;0;20;21;48;5;1;16;5;29;25;436;305;49;59;0;141;1;7;1;697418;992958;2023_2024;57741;futuro_real
2812;32;32;2;26;8;14;4;0;4;0;3;3;0;0;0;2;37;31;152;7;2;27;17;56;55;978;708;72;128;0;286;2;0;1;704884;931653;2023_2024;57741;futuro_real
1819;25;21;1;3;1;2;0;1;9;0;0;8;0;0;0;0;16;14;23;8;0;18;12;7;36;869;777;110;38;3;137;10;4;0;72969;34016;2023_2024;57741;futuro_real
2067;23;23;2;21;5;14;2;0;3;0;0;4;0;0;0;0;29;19;91;3;1;18;12;63;45;876;734;45;100;1;162;4;5;1;73704;180045;2023_2024;57741;futuro_real
391;6;5;0;4;2;1;1;1;6;1;0;4;0;0;0;0;5;3;1;5;0;6;11;5;20;179;140;45;19;7;61;5;0;0;73705;249599;2023_2024;57741;futuro_real
787;13;8;0;9;0;8;1;0;0;0;2;1;0;0;0;1;4;6;44;3;2;7;3;21;7;405;326;24;51;0;83;0;4;1;738469;1020855;2023_2024;57741;futuro_real
2405;32;30;4;24;11;6;7;3;16;4;0;15;0;0;0;1;42;17;31;24;2;40;19;8;76;944;760;237;74;8;311;18;5;1;738710;1016982;2023_2024;57741;futuro_real
314;20;1;1;15;6;5;4;0;4;1;2;0;0;1;1;1;4;1;0;0;0;9;9;1;13;72;57;11;1;2;45;6;1;1;738777;1015696;2023_2024;57741;futuro_real
1984;30;22;0;9;5;3;1;2;18;2;0;6;0;0;0;0;37;36;51;13;0;39;22;7;64;465;333;104;39;18;288;12;6;0;741413;1018233;2023_2024;57741;futuro_real
809;11;10;0;1;0;0;1;1;7;1;0;7;0;0;0;2;16;4;10;6;0;5;25;1;48;270;210;47;18;5;122;3;1;0;741727;1018255;2023_2024;57741;futuro_real
1006;23;9;2;10;2;6;2;2;15;3;1;19;0;0;0;9;18;3;8;3;1;8;16;6;53;322;259;115;11;8;142;14;1;0;741728;1017760;2023_2024;57741;futuro_real
1174;17;12;1;18;7;7;4;3;24;7;3;20;1;0;0;4;21;2;7;6;0;5;20;10;61;268;195;100;12;24;231;20;0;0;745927;981374;2023_2024;57741;futuro_real
2290;29;27;35;66;47;12;7;2;13;2;5;3;1;7;5;14;6;3;15;7;0;9;14;17;23;383;284;112;6;1;166;19;1;0;76599;47435;2023_2024;57741;futuro_real
2014;24;24;1;13;7;4;2;0;4;0;0;1;0;0;0;0;18;22;112;13;5;18;10;38;29;689;493;56;69;0;217;5;6;0;76717;249305;2023_2024;57741;futuro_real
1305;15;14;2;17;8;5;4;0;0;0;0;0;0;2;2;0;10;18;65;2;1;11;3;15;12;506;383;28;57;1;132;1;4;0;77306;1130277;2023_2024;57741;futuro_real
1928;25;22;0;10;3;6;1;1;11;1;2;7;0;0;0;0;24;16;40;9;1;15;10;12;41;521;367;99;31;9;287;7;3;0;805862;1017755;2023_2024;57741;futuro_real
621;12;6;1;7;2;2;3;0;7;0;1;8;0;0;0;1;9;1;0;2;0;10;17;1;34;305;258;89;17;6;85;10;0;0;818499;931776;2023_2024;57741;futuro_real
1328;18;14;0;2;1;1;0;0;1;0;0;4;0;0;0;1;15;12;67;4;0;20;9;30;28;408;295;32;44;0;124;2;3;1;82584;883313;2023_2024;57741;futuro_real
824;13;8;2;10;4;5;1;3;9;5;3;18;0;0;0;7;3;5;2;2;0;10;15;5;36;162;131;49;7;4;124;17;4;0;829971;1018573;2023_2024;57741;futuro_real
2059;26;23;1;27;8;9;10;4;40;3;0;9;0;0;0;1;39;21;19;24;0;16;33;13;81;851;657;221;53;8;322;14;2;0;832217;1086281;2023_2024;57741;futuro_real
1855;24;23;0;15;5;6;4;1;3;1;0;9;0;0;0;1;29;43;96;14;1;19;5;56;43;816;598;48;60;0;252;7;1;2;833783;1087335;2023_2024;57741;futuro_real
963;22;11;0;6;0;4;2;1;12;1;0;5;1;0;0;2;11;10;3;8;0;8;14;8;29;332;268;72;21;4;128;9;0;0;837617;1090720;2023_2024;57741;futuro_real
1071;19;12;0;14;0;7;7;0;12;1;0;7;0;0;0;0;16;9;17;8;0;12;13;13;36;468;360;103;33;5;171;17;4;0;84318;107315;2023_2024;57741;futuro_real
1006;14;12;0;4;2;2;0;1;9;0;0;1;0;0;0;0;6;12;29;2;0;9;6;10;13;306;225;45;28;6;127;1;1;1;84349;47413;2023_2024;57741;futuro_real
318;16;1;0;4;2;0;2;0;3;0;1;3;0;0;0;0;9;5;7;5;0;4;6;1;18;121;104;30;7;1;31;4;1;0;867036;1107871;2023_2024;57741;futuro_real
2352;29;26;11;68;26;30;12;1;15;1;2;10;0;2;2;7;15;4;33;7;0;35;47;77;70;496;285;94;12;1;315;23;4;0;87508;991202;2023_2024;57741;futuro_real
1459;19;16;0;11;4;3;4;1;9;3;0;6;0;0;0;1;11;15;41;4;0;20;16;31;33;610;502;72;35;0;129;4;5;0;894212;1131133;2023_2024;57741;futuro_real
2196;29;27;10;61;22;22;17;3;51;1;3;42;1;0;0;10;11;4;6;8;0;15;37;10;90;662;526;261;34;24;321;33;1;0;92729;52068;2023_2024;57741;futuro_real
1418;17;16;1;3;1;2;0;0;3;0;0;1;0;0;0;0;20;25;65;15;1;14;6;25;27;490;384;22;51;1;117;1;3;0;94741;169925;2023_2024;57741;futuro_real
2274;30;25;0;31;11;15;5;7;30;8;1;9;0;0;0;1;32;27;58;17;1;22;10;25;51;902;638;126;105;30;410;4;10;0;96432;583660;2023_2024;57741;futuro_real
93;3;1;0;0;0;0;0;0;2;0;0;1;0;0;0;0;0;0;0;1;0;2;3;1;4;28;24;4;2;2;16;2;0;0;981706;1176979;2023_2024;57741;futuro_real
638;15;7;1;12;5;3;4;1;6;1;1;14;0;0;0;6;4;7;0;4;0;9;7;5;25;136;97;35;10;1;95;7;2;0;988946;1185457;2023_2024;57741;futuro_real
975;23;11;0;18;4;10;4;0;22;4;1;11;0;0;0;1;14;7;13;5;0;15;12;3;37;475;396;128;37;6;154;15;2;1;1011264;1415942;2024_2025;70962;futuro_real
1817;24;20;1;24;7;10;7;2;28;2;0;13;0;0;0;1;15;10;43;22;0;27;12;12;40;1179;1003;197;139;13;278;11;3;2;106283;220935;2024_2025;70962;futuro_real
619;11;9;3;16;7;8;1;2;7;0;2;3;0;0;0;5;1;0;5;0;0;9;3;28;7;132;81;35;2;0;75;2;3;0;1066144;1464276;2024_2025;70962;futuro_real
2163;30;25;1;24;5;14;5;0;6;0;7;4;0;0;0;2;24;5;129;12;1;25;21;50;49;1030;857;100;107;1;201;3;10;0;118756;140103;2024_2025;70962;futuro_real
1769;22;21;0;10;0;8;2;1;6;0;1;2;0;0;0;1;35;22;87;9;2;25;6;37;43;713;606;56;109;0;119;0;3;1;124244;122618;2024_2025;70962;futuro_real
754;22;7;3;17;6;5;6;1;8;0;2;5;0;0;0;7;7;1;6;2;0;13;2;11;14;135;105;49;4;1;68;6;1;0;127459;169935;2024_2025;70962;futuro_real
2861;33;33;1;23;3;15;5;1;29;3;0;20;0;0;0;2;50;22;35;16;1;41;6;18;76;1273;1028;254;108;3;329;17;8;0;127825;123022;2024_2025;70962;futuro_real
1964;26;24;8;92;31;42;19;4;24;8;10;26;3;5;5;8;12;2;5;10;0;28;40;37;78;397;328;127;12;4;214;21;3;1;129724;107625;2024_2025;70962;futuro_real
2910;33;33;14;80;32;31;17;3;16;4;10;17;1;3;2;22;27;5;24;11;0;50;35;43;78;426;332;118;5;3;271;55;9;0;132353;787610;2024_2025;70962;futuro_real
1155;17;11;0;2;1;1;0;0;2;0;0;2;0;0;0;0;5;10;42;2;3;12;3;21;10;418;305;53;39;0;126;2;3;1;146292;932870;2024_2025;70962;futuro_real
2221;31;25;2;39;14;14;11;3;40;8;0;19;0;1;1;2;42;15;20;17;0;18;27;17;87;1281;1020;344;92;21;403;26;2;0;147263;106461;2024_2025;70962;futuro_real
1414;24;15;2;25;7;12;6;3;52;3;1;8;0;1;1;3;16;10;7;18;0;10;17;6;41;961;847;338;64;38;242;15;2;1;159773;146599;2024_2025;70962;futuro_real
629;11;8;2;16;8;5;3;1;10;1;2;6;0;0;0;2;5;5;5;1;0;6;20;7;30;128;91;39;5;6;99;5;1;0;171151;805289;2024_2025;70962;futuro_real
1270;24;17;2;36;8;17;11;2;16;5;3;10;1;0;0;4;13;3;17;11;0;21;20;51;43;367;247;101;6;4;230;15;2;0;174042;250339;2024_2025;70962;futuro_real
2118;26;23;0;13;2;8;3;0;22;2;0;12;0;0;0;3;42;13;71;17;0;25;10;29;63;1206;952;229;85;34;411;8;5;0;177690;247665;2024_2025;70962;futuro_real
1950;23;22;3;13;5;6;2;0;3;0;2;8;0;1;1;0;42;34;140;16;0;22;14;43;63;912;719;91;78;1;257;8;8;1;187161;560054;2024_2025;70962;futuro_real
1153;18;13;1;11;2;5;4;1;6;2;0;18;0;0;0;0;15;13;20;5;1;14;10;11;43;495;423;71;27;2;129;14;3;0;189283;220921;2024_2025;70962;futuro_real
1521;29;17;4;47;11;21;15;3;38;3;2;8;0;0;0;4;12;3;5;4;0;24;24;18;44;437;353;173;22;24;185;17;3;0;194998;176139;2024_2025;70962;futuro_real
2989;35;34;2;12;4;6;2;1;10;2;1;28;0;0;0;3;44;23;129;15;1;26;35;48;107;1791;1655;143;88;12;243;16;6;0;195002;175977;2024_2025;70962;futuro_real
279;4;4;1;9;2;6;1;0;4;0;0;4;0;0;0;0;8;2;3;4;0;5;3;1;15;102;80;27;5;1;42;3;0;1;196037;340077;2024_2025;70962;futuro_real
279;16;1;0;7;4;0;3;3;5;3;0;7;2;0;0;2;4;0;0;5;0;10;6;3;17;134;116;50;4;1;47;6;2;0;203385;590312;2024_2025;70962;futuro_real
2625;33;32;13;91;36;31;24;10;53;12;15;25;1;5;4;10;26;11;11;20;0;26;39;7;90;892;714;234;52;43;388;23;5;1;212434;830663;2024_2025;70962;futuro_real
2262;30;28;19;64;36;18;10;4;34;7;11;39;0;0;0;19;15;2;22;9;0;23;12;22;66;571;448;203;22;9;317;41;1;2;224677;588144;2024_2025;70962;futuro_real
356;8;5;0;7;2;4;1;0;2;1;0;0;0;0;0;4;0;0;7;0;0;7;5;13;5;61;39;17;4;0;42;12;0;0;239623;585102;2024_2025;70962;futuro_real
2484;29;29;1;11;1;7;3;0;3;0;0;1;1;0;0;2;44;35;162;17;0;27;14;62;58;835;655;56;87;0;196;1;6;1;242546;1100345;2024_2025;70962;futuro_real
2172;25;25;1;8;2;6;0;0;5;0;3;0;0;0;0;2;30;33;163;5;1;27;10;58;39;878;751;48;81;0;149;2;7;1;246548;333585;2024_2025;70962;futuro_real
252;12;2;0;2;1;1;0;0;1;1;1;2;0;0;0;1;5;2;5;1;0;5;4;8;11;92;71;33;3;1;41;3;1;0;249975;339843;2024_2025;70962;futuro_real
559;9;7;1;4;2;1;1;0;2;0;0;3;0;0;0;0;5;5;4;2;0;7;9;5;17;279;247;32;15;0;42;1;1;0;249977;883294;2024_2025;70962;futuro_real
2015;28;23;8;53;19;24;10;2;36;8;5;20;2;1;1;4;53;19;12;15;0;33;70;25;143;887;797;291;46;19;254;28;5;1;250055;345779;2024_2025;70962;futuro_real
507;13;5;0;4;0;3;1;0;2;0;0;0;0;0;0;1;10;7;16;6;1;10;7;23;16;235;187;29;10;2;54;0;5;0;250437;589448;2024_2025;70962;futuro_real
597;15;4;1;19;9;6;4;0;5;0;5;6;0;0;0;11;6;4;10;3;0;7;16;6;28;117;82;33;11;1;93;9;1;0;250482;805353;2024_2025;70962;futuro_real
1657;24;20;0;18;1;10;7;0;15;2;0;7;0;0;0;0;46;23;61;18;1;26;13;22;66;590;444;119;52;8;214;6;4;1;260094;873704;2024_2025;70962;futuro_real
1413;23;18;7;38;14;15;9;0;14;3;6;10;0;0;0;7;4;1;6;6;0;17;33;31;47;311;243;97;9;2;171;14;2;0;264671;885539;2024_2025;70962;futuro_real
1269;15;14;3;13;4;8;1;0;7;2;0;1;0;0;0;7;17;11;79;4;0;16;7;42;25;582;472;65;86;6;138;1;3;0;265590;146410;2024_2025;70962;futuro_real
1857;24;23;4;48;16;20;12;5;20;5;4;35;0;1;1;7;20;3;7;11;0;19;19;26;74;475;366;152;14;14;287;31;3;1;266451;338957;2024_2025;70962;futuro_real
2120;30;25;24;88;39;36;13;4;16;5;21;1;3;4;3;11;9;5;23;6;0;22;25;47;34;367;278;68;8;2;168;10;3;0;268031;325609;2024_2025;70962;futuro_real
1574;29;19;4;44;15;22;7;4;28;4;8;25;1;0;0;2;12;3;13;8;0;15;33;23;70;445;344;188;12;8;264;21;5;0;279057;974136;2024_2025;70962;futuro_real
2126;28;25;5;56;20;29;7;2;30;9;8;21;2;0;0;13;25;7;9;28;0;22;64;20;110;517;367;131;39;11;305;23;4;0;285679;846474;2024_2025;70962;futuro_real
925;22;7;1;6;1;3;2;0;19;1;0;3;0;0;0;1;27;14;59;6;0;12;6;28;35;301;194;56;25;29;189;2;2;0;292729;384658;2024_2025;70962;futuro_real
2613;30;29;0;15;3;9;3;0;7;2;0;3;0;0;0;5;40;22;131;21;1;25;17;44;60;723;581;50;61;1;166;1;3;0;294886;1121487;2024_2025;70962;futuro_real
1368;21;14;13;47;21;18;8;3;33;2;4;15;1;3;2;16;4;1;11;3;0;16;27;80;46;372;270;127;6;1;199;29;4;1;2989;338;2024_2025;70962;futuro_real
2451;30;27;2;12;3;4;5;1;9;1;0;15;0;0;0;0;46;42;135;18;0;15;16;56;77;1249;1010;119;121;10;320;9;8;2;302416;365990;2024_2025;70962;futuro_real
1008;18;11;1;8;5;3;0;1;12;3;3;9;0;0;0;3;8;5;8;3;0;12;20;4;37;241;183;76;7;8;124;10;2;0;312151;826380;2024_2025;70962;futuro_real
2403;31;29;11;78;35;26;17;7;71;13;6;15;0;2;1;3;25;9;17;11;0;18;20;10;60;1080;860;354;61;47;420;25;4;1;313437;351398;2024_2025;70962;futuro_real
1394;29;15;2;20;9;7;4;1;17;3;1;13;0;0;0;2;15;7;18;6;0;35;33;19;61;410;345;106;13;15;226;28;6;1;315761;818401;2024_2025;70962;futuro_real
1377;24;14;1;9;4;3;2;1;11;0;0;8;0;0;0;0;12;13;30;14;0;23;7;7;27;540;438;103;36;8;178;7;4;2;320749;385418;2024_2025;70962;futuro_real
1138;28;12;3;36;12;12;12;0;21;1;2;28;0;0;0;5;19;9;2;11;0;23;28;19;75;457;370;150;19;13;197;22;6;1;323432;542636;2024_2025;70962;futuro_real
1557;30;18;2;50;12;24;14;3;37;10;7;54;0;0;0;5;31;12;10;8;0;27;59;19;143;679;592;270;28;11;263;48;7;1;325147;557108;2024_2025;70962;futuro_real
900;10;10;0;11;2;7;2;2;5;3;1;1;0;0;0;3;10;9;52;4;0;9;1;22;12;467;380;47;57;2;110;4;6;0;325454;924860;2024_2025;70962;futuro_real
979;21;15;0;9;2;3;4;0;10;0;1;8;0;0;0;1;19;9;14;8;0;24;16;6;42;363;300;89;25;6;120;6;1;0;325706;883389;2024_2025;70962;futuro_real
1420;18;16;6;40;17;13;10;1;22;3;6;20;0;2;1;3;14;2;13;9;0;22;18;26;52;342;254;96;10;1;192;20;2;0;325726;846366;2024_2025;70962;futuro_real
1201;22;12;0;4;0;2;2;0;5;0;0;6;0;0;0;0;11;8;23;8;0;18;6;3;23;313;279;38;18;1;53;5;2;0;330690;805068;2024_2025;70962;futuro_real
1311;19;15;0;3;0;3;0;0;4;0;0;3;0;0;0;0;17;17;38;5;1;16;13;13;33;385;317;60;18;6;144;3;3;0;330691;339481;2024_2025;70962;futuro_real
864;25;10;1;10;6;1;3;2;24;2;1;8;0;0;0;2;13;5;6;5;0;4;27;5;48;313;252;135;13;7;153;11;3;0;331818;805332;2024_2025;70962;futuro_real
544;11;7;5;14;7;4;3;0;4;0;1;4;0;0;0;5;4;0;9;2;0;4;3;14;11;91;70;23;3;2;49;13;0;0;332252;800243;2024_2025;70962;futuro_real
1010;22;10;0;6;0;3;3;1;12;2;0;4;0;0;0;0;22;22;37;5;0;15;6;10;32;269;189;51;16;8;169;5;1;0;332776;760636;2024_2025;70962;futuro_real
2422;28;27;0;13;1;5;7;0;2;0;3;8;1;0;0;1;35;33;222;8;2;29;14;70;57;908;713;57;84;0;216;4;6;0;334082;584002;2024_2025;70962;futuro_real
2195;28;24;0;53;13;29;11;2;28;6;0;12;0;0;0;2;34;24;31;20;1;28;24;26;69;1045;851;261;93;3;301;19;5;0;335217;883397;2024_2025;70962;futuro_real
67;4;1;0;1;1;0;0;0;1;0;0;3;0;0;0;0;1;0;0;1;0;0;1;0;5;36;33;7;1;0;10;1;0;0;345346;883772;2024_2025;70962;futuro_real
2531;31;30;3;34;9;16;9;1;18;4;1;17;0;0;0;1;60;27;60;38;1;53;47;44;122;934;695;172;43;4;355;16;6;3;347750;777249;2024_2025;70962;futuro_real
2725;35;34;1;21;9;7;5;2;17;4;1;17;2;0;0;3;34;28;26;10;0;20;36;8;86;889;784;159;14;14;233;26;2;0;351561;831183;2024_2025;70962;futuro_real
426;5;5;0;2;1;1;0;0;1;0;0;1;0;0;0;1;2;4;30;3;1;3;2;15;5;187;147;12;11;0;40;0;1;0;352344;876926;2024_2025;70962;futuro_real
945;15;10;0;9;3;5;1;1;5;1;0;9;0;0;0;0;33;8;9;17;0;17;36;3;78;449;361;69;49;0;118;5;3;1;358338;925309;2024_2025;70962;futuro_real
1226;26;15;0;5;1;3;1;0;1;0;0;2;1;0;0;0;25;3;25;8;0;23;6;14;33;380;302;34;23;0;98;3;1;1;360446;789416;2024_2025;70962;futuro_real
1594;22;18;1;10;7;2;1;0;5;0;2;6;0;0;0;1;11;14;112;1;4;23;8;45;24;546;469;28;43;1;93;3;4;1;375178;805270;2024_2025;70962;futuro_real
2689;33;31;3;38;7;20;11;2;20;5;2;13;0;0;0;8;15;9;39;9;0;24;14;36;41;702;570;143;40;1;215;21;3;0;375353;1131302;2024_2025;70962;futuro_real
2397;33;27;1;33;7;13;13;7;81;9;0;26;0;0;0;2;13;4;5;13;0;8;34;8;73;1685;1467;533;130;37;398;24;3;0;399496;846742;2024_2025;70962;futuro_real
2185;28;26;0;20;3;10;7;2;19;3;1;23;0;0;0;3;21;19;78;16;0;20;19;40;63;845;654;165;79;14;373;16;4;0;400051;883287;2024_2025;70962;futuro_real
1319;30;14;5;29;8;13;8;2;55;7;0;21;0;2;2;1;13;11;3;8;0;13;19;5;53;582;487;204;26;18;225;27;7;1;422855;883329;2024_2025;70962;futuro_real
2502;34;30;6;88;27;43;18;2;36;7;6;25;0;0;0;4;23;22;14;12;0;6;33;15;80;802;605;221;44;10;360;21;1;0;422934;876931;2024_2025;70962;futuro_real
2337;28;26;2;8;3;3;2;0;20;3;0;13;0;0;0;1;39;32;98;15;0;20;19;55;71;1266;1066;166;91;16;306;14;4;0;433698;887125;2024_2025;70962;futuro_real
75;3;0;0;0;0;0;0;0;1;0;0;0;0;0;0;0;2;0;1;0;0;2;1;0;3;48;41;4;2;0;10;0;0;0;434192;883768;2024_2025;70962;futuro_real
1150;29;11;4;29;9;15;5;2;10;3;2;2;2;0;0;6;10;4;10;6;0;32;27;31;35;242;140;65;10;4;178;15;3;1;437964;839368;2024_2025;70962;futuro_real
1597;23;19;0;35;9;15;11;3;33;2;0;14;1;0;0;0;41;19;26;27;0;28;55;7;110;725;565;228;37;22;291;15;5;0;438000;924762;2024_2025;70962;futuro_real
1500;23;20;4;49;18;16;15;3;19;3;3;29;1;0;0;5;5;3;11;4;0;16;22;20;56;397;318;133;6;3;206;23;5;1;439631;876929;2024_2025;70962;futuro_real
2413;29;28;0;8;1;3;4;1;21;0;0;7;0;0;0;0;36;33;40;22;0;34;26;19;67;1043;885;197;56;0;206;10;4;0;440020;874986;2024_2025;70962;futuro_real
1478;24;15;0;12;2;7;3;0;2;0;0;3;0;0;0;0;13;20;96;9;3;13;10;35;25;593;502;42;48;0;100;1;6;0;441758;879621;2024_2025;70962;futuro_real
1712;28;16;1;17;4;9;4;1;12;2;1;11;0;0;0;6;52;14;50;15;1;34;5;15;68;510;361;90;13;13;297;20;6;0;447934;882837;2024_2025;70962;futuro_real
713;13;7;1;6;2;4;0;0;2;0;1;1;0;0;0;0;14;5;20;7;1;14;8;12;23;269;220;25;19;0;63;6;4;0;457062;932888;2024_2025;70962;futuro_real
1417;23;15;6;55;20;30;5;2;15;2;13;11;1;1;0;13;13;7;22;6;1;18;25;16;49;192;149;61;3;2;149;22;2;1;458603;924736;2024_2025;70962;futuro_real
2288;31;26;7;51;15;21;15;1;33;4;6;8;1;2;2;13;12;5;19;10;0;29;26;131;44;593;392;151;17;2;317;18;4;0;458756;873619;2024_2025;70962;futuro_real
578;19;5;0;16;4;6;6;0;11;0;0;19;0;0;0;1;5;1;2;5;0;10;7;4;31;226;186;74;16;7;103;10;2;0;460343;869989;2024_2025;70962;futuro_real
1249;18;18;0;4;2;0;2;0;9;1;0;16;1;0;0;0;24;20;23;21;0;17;18;13;57;401;326;77;17;3;194;11;3;0;473579;876928;2024_2025;70962;futuro_real
2234;29;25;4;32;12;15;5;7;46;10;7;18;0;0;0;18;29;17;12;15;0;21;32;12;78;667;511;249;24;20;329;23;5;1;477378;883396;2024_2025;70962;futuro_real
2910;33;33;3;33;13;17;3;0;7;1;1;7;1;0;0;1;39;31;186;12;1;39;25;89;69;1867;1718;73;55;1;171;3;6;2;480523;876927;2024_2025;70962;futuro_real
411;11;3;0;2;0;2;0;0;3;1;0;0;0;0;0;0;9;10;18;5;0;3;3;6;12;160;123;31;11;1;50;0;0;0;480526;960215;2024_2025;70962;futuro_real
2377;28;26;4;46;12;23;11;0;18;2;3;17;2;0;0;2;31;30;127;6;1;22;24;67;69;1223;965;180;145;3;334;12;6;1;482452;922007;2024_2025;70962;futuro_real
683;17;7;2;10;2;8;0;0;7;0;2;4;0;0;0;3;3;4;7;2;0;18;8;17;15;132;72;29;5;0;95;4;1;0;483715;883812;2024_2025;70962;futuro_real
2781;33;32;1;48;16;22;10;2;30;1;1;14;0;0;0;0;30;13;34;22;0;16;31;7;75;1088;939;196;72;15;245;17;4;0;486641;879628;2024_2025;70962;futuro_real
2664;33;30;0;18;6;8;4;3;20;6;1;31;0;0;0;0;60;20;107;21;0;36;5;33;96;1060;843;174;76;16;422;23;9;0;489993;875661;2024_2025;70962;futuro_real
1289;28;14;3;35;12;17;6;1;25;5;0;8;0;0;0;1;20;8;14;13;0;24;8;5;36;734;619;199;79;7;180;8;7;0;490614;876924;2024_2025;70962;futuro_real
2595;35;31;1;13;5;6;2;2;25;1;5;17;0;0;0;0;41;19;40;18;2;37;20;50;78;1190;958;259;31;2;320;17;6;0;491560;975540;2024_2025;70962;futuro_real
1356;21;16;0;6;2;3;1;1;3;0;1;3;0;0;0;0;26;23;47;8;2;17;11;19;40;557;471;55;41;1;110;7;4;0;491569;936165;2024_2025;70962;futuro_real
879;19;10;0;2;0;2;0;2;7;4;0;10;0;0;0;2;31;10;21;13;0;13;15;8;56;313;249;61;12;6;136;6;3;0;491570;922871;2024_2025;70962;futuro_real
1398;26;15;0;26;6;11;9;0;12;3;0;9;0;0;0;0;26;25;50;7;0;12;15;29;48;599;486;97;44;11;188;2;3;0;515413;874981;2024_2025;70962;futuro_real
116;2;2;0;0;0;0;0;0;0;0;0;1;0;0;0;0;3;2;3;1;0;1;1;3;5;30;26;3;3;0;6;0;0;0;520457;892073;2024_2025;70962;futuro_real
2325;29;26;0;8;0;6;2;1;20;3;1;7;0;0;0;0;60;25;124;7;0;11;15;22;82;820;576;164;92;14;398;9;2;0;531177;925420;2024_2025;70962;futuro_real
1811;25;20;1;36;5;17;14;0;22;2;0;13;0;0;0;0;26;23;19;8;0;41;28;12;66;922;801;206;68;4;174;11;14;1;531624;924725;2024_2025;70962;futuro_real
1354;25;14;3;45;17;15;13;1;14;2;5;13;1;0;0;10;14;6;10;6;0;18;16;4;43;309;235;117;5;9;210;14;3;0;537255;895364;2024_2025;70962;futuro_real
2070;27;24;0;16;3;8;5;2;23;3;0;24;0;0;0;0;72;40;38;37;0;44;41;14;137;698;510;156;62;3;263;5;11;2;540304;897102;2024_2025;70962;futuro_real
473;19;3;0;6;2;4;0;0;0;0;1;1;0;0;0;0;10;10;12;5;0;9;2;7;13;232;195;19;7;3;67;1;2;0;547021;949793;2024_2025;70962;futuro_real
1869;28;21;5;39;16;16;7;6;29;8;6;11;1;0;0;13;6;2;26;8;0;10;24;26;40;334;212;100;11;1;227;17;1;0;566698;1085447;2024_2025;70962;futuro_real
2417;32;27;4;41;17;17;7;6;59;11;6;42;0;0;0;4;30;7;23;5;0;29;31;17;103;692;522;211;21;43;424;37;6;0;579734;924574;2024_2025;70962;futuro_real
974;12;12;0;4;1;1;2;0;5;0;0;3;0;0;0;0;34;19;34;15;0;28;6;22;42;258;186;43;12;0;84;2;5;1;610563;943177;2024_2025;70962;futuro_real
1031;17;13;1;4;1;2;1;0;5;0;1;8;0;0;0;4;16;11;26;11;0;12;22;14;46;193;150;48;13;2;128;8;3;0;621028;980889;2024_2025;70962;futuro_real
2042;24;23;2;16;5;8;3;2;8;2;1;11;0;0;0;0;33;28;141;5;2;32;12;52;55;665;501;66;72;3;203;8;3;2;621036;973653;2024_2025;70962;futuro_real
409;18;3;0;19;2;10;7;0;5;1;0;1;0;0;0;2;3;0;2;5;0;12;8;17;11;85;60;19;1;0;63;13;2;0;626179;927690;2024_2025;70962;futuro_real
1494;30;16;4;41;16;14;11;3;25;5;4;28;0;0;0;7;10;4;15;10;1;16;49;12;87;484;392;176;7;22;241;26;5;0;626916;960016;2024_2025;70962;futuro_real
1759;23;21;1;2;1;1;0;0;2;0;1;2;0;0;0;1;41;32;120;6;3;37;22;58;64;590;514;31;34;0;102;6;14;1;638929;957940;2024_2025;70962;futuro_real
1371;23;17;2;36;15;12;9;3;20;4;0;35;0;0;0;3;15;8;7;20;0;14;39;3;89;459;392;145;15;9;191;36;1;0;639763;965759;2024_2025;70962;futuro_real
2278;29;26;0;12;3;6;3;0;11;2;1;9;0;0;0;0;45;27;142;9;1;39;14;36;67;970;768;103;126;0;227;11;6;2;639764;965761;2024_2025;70962;futuro_real
711;21;7;0;17;7;4;6;0;11;2;2;17;0;0;0;4;17;7;10;13;0;15;15;10;49;212;162;72;7;8;136;15;3;1;641820;933730;2024_2025;70962;futuro_real
2310;33;27;3;18;9;8;1;1;21;4;2;11;0;0;0;1;59;17;74;30;0;46;25;22;94;607;434;154;41;19;323;12;12;1;653484;975241;2024_2025;70962;futuro_real
1817;28;21;1;7;1;5;1;3;21;6;1;16;1;0;0;2;46;21;64;11;0;24;22;13;84;514;404;84;10;23;243;21;2;1;653688;973636;2024_2025;70962;futuro_real
408;12;4;0;2;1;0;1;2;5;2;1;0;0;0;0;0;10;6;7;7;0;10;4;7;14;107;89;30;3;6;36;0;0;0;655639;976933;2024_2025;70962;futuro_real
1626;25;19;0;1;0;0;1;1;4;1;0;1;0;0;0;0;23;6;85;10;0;9;3;27;27;1045;989;9;31;0;66;0;3;1;655641;976931;2024_2025;70962;futuro_real
2707;32;30;2;21;7;10;4;0;2;0;0;2;0;0;0;1;34;30;197;6;0;13;19;62;50;1046;853;65;104;1;220;5;2;0;662695;984882;2024_2025;70962;futuro_real
1607;22;19;0;11;2;5;4;2;12;4;2;4;0;0;0;2;27;9;42;3;0;19;17;15;48;512;434;115;19;14;164;4;1;0;662705;989259;2024_2025;70962;futuro_real
607;21;6;0;13;1;9;3;0;10;2;0;13;0;0;0;0;6;2;5;3;0;12;12;11;30;169;139;61;8;13;90;11;2;0;662709;988298;2024_2025;70962;futuro_real
243;5;3;0;1;0;0;1;0;0;0;0;0;0;0;0;0;2;1;16;1;0;1;0;2;2;87;64;6;2;0;35;0;1;0;664362;931772;2024_2025;70962;futuro_real
1008;25;11;0;8;3;3;2;0;9;2;0;7;0;0;0;5;15;8;32;11;0;10;10;13;32;409;336;79;19;11;179;4;3;0;664841;1089808;2024_2025;70962;futuro_real
669;20;6;3;18;6;9;3;0;6;0;4;2;0;0;0;4;9;1;9;3;0;23;12;35;23;153;103;36;1;1;106;9;5;0;665113;975919;2024_2025;70962;futuro_real
1120;17;14;0;4;1;2;1;0;2;0;0;5;0;0;0;2;31;17;35;8;0;27;12;24;47;453;377;37;20;0;95;5;5;2;671879;1049088;2024_2025;70962;futuro_real
2842;34;32;10;90;42;36;12;5;62;12;9;26;1;6;5;25;19;11;9;14;0;17;65;11;107;705;493;183;37;63;568;26;7;0;672132;1121321;2024_2025;70962;futuro_real
401;9;5;1;5;2;2;1;0;4;0;0;5;0;0;0;0;5;2;4;9;0;11;11;4;21;102;70;20;3;3;71;12;0;0;686758;989460;2024_2025;70962;futuro_real
646;22;6;5;20;7;8;5;0;10;2;2;2;0;2;2;2;15;2;5;5;0;13;14;32;29;166;115;51;5;2;93;7;1;1;68747;249137;2024_2025;70962;futuro_real
2080;25;25;0;10;1;8;1;0;6;1;2;9;0;0;0;2;38;42;159;10;1;26;10;46;56;680;516;40;77;7;189;2;6;0;687933;906816;2024_2025;70962;futuro_real
406;6;6;0;2;0;2;0;0;4;0;0;1;0;0;0;0;16;9;6;5;0;16;5;4;22;120;90;25;8;0;39;3;2;1;696726;1018388;2024_2025;70962;futuro_real
1736;21;19;2;27;5;15;7;0;9;1;1;10;0;0;0;0;27;21;91;6;0;18;18;49;54;819;713;102;65;0;134;8;2;0;723853;1020375;2024_2025;70962;futuro_real
2970;33;33;2;26;6;15;5;1;11;0;2;17;0;0;0;1;39;45;255;13;2;17;16;79;70;1155;885;90;144;4;298;0;10;0;725453;991108;2024_2025;70962;futuro_real
1606;30;18;0;20;5;10;5;7;34;7;1;26;0;0;0;8;21;47;50;9;0;29;15;41;61;637;473;194;20;26;361;21;8;1;729032;1017480;2024_2025;70962;futuro_real
104;4;1;0;1;0;0;1;0;0;0;0;0;0;0;0;0;4;0;2;1;0;2;6;2;10;52;43;11;5;0;11;0;1;0;738291;992004;2024_2025;70962;futuro_real
1899;26;23;0;4;0;3;1;0;2;0;0;3;0;0;0;2;27;36;128;12;1;29;15;57;45;644;496;38;69;0;164;1;5;0;738469;1020855;2024_2025;70962;futuro_real
2641;34;32;1;34;12;17;5;2;30;7;1;30;0;0;0;0;51;27;53;24;1;38;26;16;106;1838;1643;254;81;12;311;14;7;1;738710;1016982;2024_2025;70962;futuro_real
1662;24;22;0;9;1;4;4;2;19;4;0;34;0;0;0;3;19;11;4;9;0;10;37;4;90;507;403;146;24;10;241;20;0;0;739725;1001106;2024_2025;70962;futuro_real
2537;31;30;0;19;6;11;2;4;35;2;1;18;0;0;0;5;69;35;71;28;1;36;53;27;139;858;657;143;70;21;415;8;8;1;740319;1016974;2024_2025;70962;futuro_real
2843;33;33;0;3;1;2;0;2;20;0;0;17;0;0;0;3;44;43;99;20;1;34;63;21;121;739;519;112;40;16;438;10;13;1;741727;1018255;2024_2025;70962;futuro_real
309;15;1;0;0;0;0;0;1;1;0;0;0;0;0;0;0;6;1;15;1;0;9;3;8;9;148;132;6;6;1;20;2;1;1;747666;1464243;2024_2025;70962;futuro_real
858;11;10;0;2;1;1;0;0;0;0;0;1;0;0;0;0;15;11;57;3;0;15;6;15;22;286;213;19;27;0;95;4;2;1;752551;1103492;2024_2025;70962;futuro_real
2331;32;24;0;20;4;8;8;0;34;4;0;12;0;0;0;0;28;21;42;7;0;19;20;9;60;1092;923;290;92;26;277;15;2;0;752977;878754;2024_2025;70962;futuro_real
1654;21;17;3;13;5;6;2;1;12;2;3;8;0;0;0;4;40;20;91;11;1;19;20;26;67;586;461;58;54;5;191;8;2;3;764367;1017778;2024_2025;70962;futuro_real
1410;21;17;0;4;1;2;1;0;4;0;0;1;0;0;0;0;24;12;72;9;1;15;5;14;29;460;403;18;33;0;70;2;5;1;789198;1017747;2024_2025;70962;futuro_real
714;22;6;1;20;8;10;2;0;11;2;7;4;0;1;0;3;2;2;9;2;0;4;5;12;10;172;118;42;7;2;82;8;1;0;822523;1083668;2024_2025;70962;futuro_real
1176;15;14;4;12;6;5;1;0;1;0;1;2;0;0;0;1;12;9;86;5;2;11;6;20;20;224;150;25;32;0;84;0;3;1;830848;1087004;2024_2025;70962;futuro_real
390;6;4;0;2;0;1;1;0;3;0;0;2;0;0;0;0;7;4;10;5;0;4;5;3;14;204;171;51;14;0;51;1;1;0;832217;1086281;2024_2025;70962;futuro_real
1076;18;13;3;37;17;14;6;2;11;1;6;30;2;0;0;3;7;4;9;7;0;15;41;12;78;330;263;118;7;1;164;24;1;0;836494;1084961;2024_2025;70962;futuro_real
1707;31;21;3;40;8;23;9;3;37;4;4;21;1;0;0;6;19;19;8;26;0;32;25;10;65;567;406;179;40;18;344;29;9;0;839993;1092343;2024_2025;70962;futuro_real
1052;23;10;0;6;1;4;1;2;9;0;0;9;0;0;0;1;12;13;26;8;1;9;3;3;24;283;203;62;19;13;186;13;3;0;842604;1095031;2024_2025;70962;futuro_real
644;9;7;1;3;1;0;2;0;1;0;0;1;0;0;0;0;4;2;38;1;0;1;5;14;10;338;297;13;16;0;46;2;2;1;84506;47439;2024_2025;70962;futuro_real
2965;36;34;14;100;44;46;10;6;50;9;11;19;2;5;3;51;12;2;9;5;0;35;33;32;63;301;204;114;4;12;314;32;8;0;851121;1096363;2024_2025;70962;futuro_real
1329;29;12;2;27;7;11;9;2;28;2;0;17;0;0;0;2;25;10;9;8;0;12;37;7;79;525;428;171;21;10;186;13;1;0;857805;1107889;2024_2025;70962;futuro_real
1379;20;14;0;6;1;5;0;0;7;1;1;3;0;0;0;0;23;18;103;9;1;15;6;35;32;453;327;62;51;0;172;0;4;0;871653;1107917;2024_2025;70962;futuro_real
2387;32;32;5;70;19;29;22;3;43;6;4;29;1;0;0;7;53;11;13;14;0;56;70;6;152;563;395;167;31;27;425;55;6;0;873510;1098306;2024_2025;70962;futuro_real
1088;27;9;5;41;16;15;10;3;23;3;5;15;0;1;1;3;11;0;3;4;0;13;23;1;49;309;231;114;10;10;174;10;1;0;874831;1411422;2024_2025;70962;futuro_real
1999;33;25;9;53;19;22;12;1;16;2;7;6;1;1;1;6;10;4;31;4;0;42;42;73;57;366;232;75;9;0;226;15;7;0;87508;991202;2024_2025;70962;futuro_real
1192;18;13;0;4;0;4;0;0;5;1;1;3;0;0;0;0;19;6;65;8;1;12;7;26;28;524;436;30;32;0;110;3;4;0;891814;1120472;2024_2025;70962;futuro_real
2762;31;30;2;21;9;11;1;0;14;0;0;6;0;0;0;1;40;26;146;23;2;25;16;61;62;1268;1091;89;56;1;220;12;4;0;894212;1131133;2024_2025;70962;futuro_real
1990;32;21;2;35;8;17;10;3;41;6;0;15;1;0;0;0;25;23;15;25;0;19;38;17;78;1085;859;311;83;35;401;29;8;0;894880;1415941;2024_2025;70962;futuro_real
1207;31;9;9;43;19;16;8;1;13;1;7;20;0;1;1;16;3;2;4;9;0;22;2;13;25;184;142;51;3;1;113;17;7;0;906422;1173448;2024_2025;70962;futuro_real
887;27;8;3;24;6;12;6;2;12;3;1;14;0;0;0;2;13;7;3;6;1;4;2;7;29;174;135;53;2;4;126;13;1;0;908300;1018414;2024_2025;70962;futuro_real
2314;33;31;8;55;22;27;6;2;17;7;8;8;1;2;2;14;11;3;18;24;0;50;32;34;49;395;272;91;16;2;222;13;7;1;909314;1129485;2024_2025;70962;futuro_real
1226;22;13;0;5;3;1;1;0;12;2;0;17;0;0;0;2;27;14;47;11;1;13;36;12;80;322;267;49;13;7;148;8;3;1;909475;1159659;2024_2025;70962;futuro_real
2160;24;24;0;16;4;10;2;0;5;2;1;9;0;0;0;3;17;19;135;18;1;26;13;53;39;850;687;70;64;2;190;2;10;0;936044;1526674;2024_2025;70962;futuro_real
1343;30;16;7;43;18;18;7;0;16;1;11;3;0;0;0;15;9;4;22;5;0;22;17;35;28;305;206;96;7;1;153;14;3;0;94761;883299;2024_2025;70962;futuro_real
1308;18;16;1;20;4;12;4;0;18;2;0;32;0;0;0;2;18;17;44;12;0;18;20;15;70;380;277;76;30;24;301;8;2;0;953990;943712;2024_2025;70962;futuro_real
1763;25;20;0;7;2;4;1;0;10;0;0;8;0;0;0;2;41;26;63;17;0;27;21;30;70;769;650;97;50;0;149;6;5;0;95852;123238;2024_2025;70962;futuro_real
1269;27;14;0;1;0;1;0;0;7;0;0;9;0;0;0;0;48;28;29;27;2;38;9;24;66;494;423;66;16;0;100;5;5;0;965449;1170641;2024_2025;70962;futuro_real
1908;28;20;1;19;5;8;6;0;18;2;1;31;0;0;0;2;38;28;59;10;0;10;12;22;81;922;773;218;41;14;305;17;1;0;965846;1170640;2024_2025;70962;futuro_real
1447;31;12;6;48;24;15;9;2;10;2;4;8;0;1;1;7;6;2;23;3;0;16;11;39;25;230;162;64;3;1;175;17;2;0;97013;143886;2024_2025;70962;futuro_real
687;26;7;1;10;3;5;2;0;1;0;0;12;0;0;0;1;8;2;2;9;0;11;12;5;32;115;93;46;1;2;95;6;2;0;981411;1199271;2024_2025;70962;futuro_real
1220;23;13;0;8;1;4;3;0;13;2;0;12;0;0;0;1;16;15;36;12;1;8;9;21;36;339;260;69;13;18;175;11;3;0;981804;1408186;2024_2025;70962;futuro_real
550;14;5;2;17;5;8;4;0;9;1;2;9;0;0;0;3;6;3;3;4;0;6;7;0;22;102;77;35;6;2;80;11;3;0;996587;1650465;2024_2025;70962;futuro_real
