minutesPlayed;tm_id;ss_id;season_origen;season_futuro_id;tipo_dato;accuratePassesPercentage;goalConversionPercentage;penaltyConversionPercentage;goals_p90;assists_p90;shotsOnTarget_p90;shotsOffTarget_p90;blockedShots_p90;keyPasses_p90;successfulDribbles_p90;offsides_p90;clearances_p90;dribbledPast_p90;fouls_p90;wasFouled_p90;aerialDuelsWon_p90;accurateFinalThirdPasses_p90;accurateLongBalls_p90;accurateCrosses_p90;yellowCards_p90
2278;55164;41834;2017_2018;16007;futuro_real;79.19303797468355;3.225806451612903;0.0;0.03950834064969271;0.03950834064969271;0.3160667251975417;0.6321334503950834;0.276558384547849;0.9877085162423178;0.3160667251975417;0.07901668129938542;2.805092186128183;2.2914837576821774;1.4618086040386304;0.276558384547849;2.054433713784021;10.074626865671643;4.543459174714662;0.4741000877963126;0.15803336259877085
3803;56032;34134;2017_2018;16007;futuro_real;88.75;6.25;0.0;0.023665527215356297;0.0;0.09466210886142519;0.2129897449382067;0.0709965816460689;0.236655272153563;0.4259794898764134;0.023665527215356297;4.875098606363397;0.4969760715224823;1.3016039968445965;0.8519589797528268;2.295556139889561;4.09413620825664;5.135419405732317;0.0;0.236655272153563
2488;76717;249305;2017_2018;16007;futuro_real;83.11787072243347;0.0;0.0;0.0;0.1085209003215434;0.1085209003215434;0.6511254019292604;0.2170418006430868;1.0490353697749195;0.3617363344051447;0.07234726688102894;1.5192926045016077;1.4107717041800643;2.5321543408360125;0.9043408360128617;2.4959807073954985;7.307073954983922;2.315112540192926;0.0;0.3255627009646302
99;84111;355874;2017_2018;16007;futuro_real;81.81818181818183;100.0;0.0;0.9090909090909091;0.0;0.9090909090909091;0.0;0.0;0.0;1.8181818181818181;1.8181818181818181;0.0;0.9090909090909091;0.9090909090909091;2.727272727272727;0.9090909090909091;6.363636363636363;0.9090909090909091;0.0;0.0
2466;89317;339855;2017_2018;16007;futuro_real;75.0924784217016;13.402061855670103;66.66666666666666;0.4744525547445256;0.10948905109489052;1.2773722627737227;1.6788321167883213;0.5839416058394161;1.5328467153284673;0.5109489051094891;1.2408759124087592;1.1678832116788322;0.6204379562043796;2.664233576642336;0.8759124087591241;0.5839416058394161;10.182481751824819;1.2043795620437956;0.10948905109489052;0.43795620437956206
2949;90674;147293;2017_2018;16007;futuro_real;77.69607843137256;7.317073170731707;0.0;0.09155645981688708;0.0;0.3967446592065107;0.7324516785350966;0.12207527975584945;0.18311291963377416;0.12207527975584945;0.09155645981688708;4.760935910478128;0.21363173957273654;1.7395727365208546;0.5188199389623601;3.0518819938962363;1.007121057985758;1.8311291963377416;0.0;0.21363173957273654
657;102810;248291;2018_2019;22349;futuro_real;80.3763440860215;11.76470588235294;0.0;0.273972602739726;0.4109589041095891;0.8219178082191781;0.684931506849315;0.8219178082191781;3.0136986301369864;3.0136986301369864;0.4109589041095891;0.0;0.4109589041095891;0.8219178082191781;1.9178082191780823;0.4109589041095891;20.958904109589042;1.9178082191780823;2.191780821917808;0.0
1763;103111;873694;2018_2019;22349;futuro_real;75.049115913556;0.0;0.0;0.0;0.0;0.10209869540555871;0.2552467385138968;0.05104934770277936;0.5615428247305729;0.2552467385138968;0.0;1.6846284741917188;0.3573454339194555;1.7356778218944982;0.5615428247305729;1.1741349971639252;5.155984117980715;1.429381735677822;0.30629608621667614;0.2552467385138968
995;104392;249511;2018_2019;22349;futuro_real;77.1604938271605;13.043478260869565;100.0;0.542713567839196;0.36180904522613067;1.7185929648241207;1.5376884422110553;0.9045226130653267;2.442211055276382;0.542713567839196;0.7236180904522613;0.271356783919598;0.45226130653266333;1.4472361809045227;3.3467336683417086;0.45226130653266333;10.402010050251256;2.8040201005025125;1.7185929648241207;0.45226130653266333
1565;119365;882851;2018_2019;22349;futuro_real;79.66101694915254;8.333333333333332;0.0;0.23003194888178913;0.46006389776357826;0.6325878594249201;1.2651757188498403;0.8626198083067093;2.3003194888178915;2.472843450479233;0.17252396166134185;0.11501597444089456;0.3450479233226837;1.207667731629393;2.3578274760383384;0.402555910543131;12.364217252396166;2.9904153354632586;1.4376996805111821;0.17252396166134185
2086;123418;107388;2018_2019;22349;futuro_real;85.58951965065502;0.0;0.0;0.0;0.04314477468839885;0.0862895493767977;0.5177372962607862;0.04314477468839885;1.5100671140939599;0.30201342281879195;0.04314477468839885;0.5608820709491851;0.9491850431447747;0.9491850431447747;2.5023969319271333;0.4314477468839885;11.821668264621286;4.012464046021093;0.1725790987535954;0.04314477468839885
2109;126019;83951;2018_2019;22349;futuro_real;77.90697674418605;12.5;0.0;0.17069701280227595;0.21337126600284495;0.6827880512091038;0.4267425320056899;0.25604551920341395;1.6216216216216217;1.9203413940256044;0.25604551920341395;0.12802275960170698;0.8108108108108109;1.1522048364153628;3.1578947368421053;0.4694167852062589;11.735419630156471;1.1095305832147937;0.6401137980085349;0.12802275960170698
2456;135139;839571;2018_2019;22349;futuro_real;84.50331125827815;0.0;0.0;0.0;0.0;0.0;0.1465798045602606;0.03664495114006515;0.4397394136807818;0.4030944625407166;0.0;1.7223127035830619;1.7956026058631922;1.6856677524429968;1.7956026058631922;0.989413680781759;5.020358306188926;2.528501628664495;0.0;0.4397394136807818
995;142588;147587;2018_2019;22349;futuro_real;72.97297297297297;28.57142857142857;0.0;0.18090452261306533;0.271356783919598;0.542713567839196;0.09045226130653267;0.0;1.35678391959799;0.271356783919598;0.45226130653266333;0.542713567839196;0.6331658291457286;2.080402010050251;1.2663316582914572;0.7236180904522613;5.608040201005025;1.2663316582914572;0.18090452261306533;0.271356783919598
1992;144111;180071;2018_2019;22349;futuro_real;63.315217391304344;21.052631578947366;100.0;0.3614457831325301;0.18072289156626506;0.7680722891566265;0.7228915662650602;0.22590361445783133;0.8132530120481928;0.22590361445783133;0.3614457831325301;1.0391566265060241;0.6325301204819277;0.9939759036144579;0.858433734939759;3.6144578313253013;3.75;0.45180722891566266;0.045180722891566265;0.09036144578313253
737;149771;339841;2018_2019;22349;futuro_real;86.13861386138613;8.333333333333332;0.0;0.1221166892808684;0.0;0.3663500678426052;0.6105834464043419;0.4884667571234736;0.1221166892808684;0.6105834464043419;0.1221166892808684;1.587516960651289;1.0990502035278156;2.564450474898236;0.8548168249660788;0.7327001356852104;8.059701492537314;2.808683853459973;0.0;0.3663500678426052
543;160317;248215;2018_2019;22349;futuro_real;80.72916666666666;0.0;0.0;0.0;0.0;0.0;0.16574585635359115;0.0;0.16574585635359115;0.0;0.16574585635359115;3.6464088397790055;1.3259668508287292;0.994475138121547;0.8287292817679558;1.6574585635359116;1.8232044198895028;3.4806629834254146;0.0;0.3314917127071823
1585;168987;324939;2018_2019;22349;futuro_real;84.87124463519314;0.0;0.0;0.0;0.0;0.056782334384858045;0.17034700315457413;0.11356466876971609;0.22712933753943218;0.28391167192429023;0.0;2.725552050473186;0.28391167192429023;1.8170347003154574;0.9652996845425867;1.362776025236593;4.769716088328076;6.586750788643533;0.056782334384858045;0.5110410094637224
1860;169992;786311;2018_2019;22349;futuro_real;86.00867678958785;12.121212121212121;0.0;0.1935483870967742;0.04838709677419355;0.3387096774193548;1.0161290322580645;0.24193548387096772;1.4516129032258063;0.24193548387096772;0.04838709677419355;0.7258064516129031;1.0161290322580645;1.0161290322580645;0.8709677419354839;1.4032258064516128;8.129032258064516;3.4354838709677415;0.43548387096774194;0.14516129032258063
1171;170616;176289;2018_2019;22349;futuro_real;82.10332103321034;0.0;0.0;0.0;0.0;0.23057216054654142;0.3842869342442357;0.07685738684884715;0.3842869342442357;0.6148590947907772;0.07685738684884715;2.0751494449188725;1.1528608027327072;2.8437233134073443;1.9982920580700256;2.3825789923142615;4.30401366353544;1.7677198975234842;0.0;0.7685738684884714
1676;176400;220931;2018_2019;22349;futuro_real;87.06467661691542;7.142857142857142;0.0;0.1610978520286396;0.21479713603818615;1.0739856801909307;0.7517899761336515;0.4295942720763723;1.4498806682577565;1.7183770883054892;0.21479713603818615;0.21479713603818615;0.21479713603818615;1.1276849642004771;1.2350835322195703;0.7517899761336515;16.807875894988065;0.698090692124105;0.7517899761336515;0.10739856801909307
1510;186903;248229;2018_2019;22349;futuro_real;73.00380228136882;9.375;0.0;0.17880794701986755;0.0;0.7152317880794702;0.8344370860927152;0.3576158940397351;0.5960264900662251;0.4172185430463576;0.17880794701986755;1.9668874172185429;1.4304635761589404;2.8609271523178808;1.5496688741721854;2.682119205298013;5.662251655629139;2.622516556291391;0.11920529801324503;0.4172185430463576
1329;196037;340077;2018_2019;22349;futuro_real;74.35897435897436;3.8461538461538463;0.0;0.06772009029345372;0.06772009029345372;0.6772009029345372;0.8803611738148984;0.20316027088036115;1.0158013544018059;1.8961625282167043;0.06772009029345372;0.6772009029345372;1.3544018058690743;1.2866817155756207;2.8442437923250563;0.6094808126410834;9.48081264108352;1.0835214446952595;0.27088036117381487;0.13544018058690743
2415;198027;189207;2018_2019;22349;futuro_real;70.10622154779969;8.695652173913043;0.0;0.2236024844720497;0.07453416149068323;0.782608695652174;1.2298136645962734;0.5590062111801243;3.1677018633540373;4.024844720496895;0.07453416149068323;0.07453416149068323;0.5962732919254659;0.8944099378881988;3.3540372670807455;0.6335403726708074;8.571428571428571;0.968944099378882;2.7950310559006213;0.1863354037267081
2243;201043;358202;2018_2019;22349;futuro_real;77.81094527363183;8.333333333333332;0.0;0.04012483281319661;0.04012483281319661;0.08024966562639323;0.3611234953187695;0.04012483281319661;0.2407489968791797;0.4814979937583594;0.04012483281319661;4.052608114132858;0.521622826571556;1.043245653143112;0.521622826571556;2.1266161390994207;2.4476148016049937;3.851983950066875;0.08024966562639323;0.12037449843958985
430;201397;34133;2018_2019;22349;futuro_real;65.55555555555556;15.789473684210526;100.0;0.627906976744186;0.0;1.255813953488372;1.4651162790697674;1.255813953488372;0.627906976744186;0.627906976744186;0.627906976744186;1.0465116279069768;0.627906976744186;1.8837209302325582;2.302325581395349;0.20930232558139536;5.232558139534884;0.8372093023255814;0.0;0.4186046511627907
2030;202906;339657;2018_2019;22349;futuro_real;75.8815232722144;19.51219512195122;62.5;0.354679802955665;0.31034482758620685;0.9753694581280787;0.5320197044334976;0.31034482758620685;2.482758620689655;1.9507389162561575;0.08866995073891625;0.2660098522167488;1.41871921182266;1.064039408866995;2.083743842364532;0.354679802955665;9.753694581280788;1.463054187192118;2.216748768472906;0.22167487684729062
954;211417;18305;2018_2019;22349;futuro_real;84.91048593350384;0.0;0.0;0.0;0.0;0.0;0.0;0.0;0.37735849056603776;0.09433962264150944;0.0;2.7358490566037736;0.2830188679245283;0.6603773584905661;0.2830188679245283;1.6981132075471699;2.169811320754717;2.452830188679245;0.0;0.2830188679245283
2961;212434;830663;2018_2019;22349;futuro_real;73.45794392523365;6.923076923076923;100.0;0.27355623100303955;0.2127659574468085;1.3981762917933132;1.9756838905775076;0.5775075987841946;1.7933130699088147;1.0638297872340425;1.0030395136778116;0.303951367781155;0.6382978723404256;1.033434650455927;2.43161094224924;0.5471124620060791;11.367781155015198;2.2492401215805473;1.7933130699088147;0.1519756838905775
690;214654;574464;2018_2019;22349;futuro_real;78.4090909090909;6.25;100.0;0.13043478260869565;0.2608695652173913;0.7826086956521738;1.0434782608695652;0.2608695652173913;2.4782608695652173;1.9565217391304348;0.2608695652173913;0.3913043478260869;0.7826086956521738;1.826086956521739;3.1304347826086953;0.5217391304347826;10.826086956521738;0.7826086956521738;1.5652173913043477;0.13043478260869565
2095;214719;220929;2018_2019;22349;futuro_real;76.90322580645162;10.344827586206897;0.0;0.12887828162291168;0.0;0.21479713603818615;0.6873508353221957;0.3436754176610978;0.1718377088305489;0.3436754176610978;0.0;4.295942720763723;0.5155131264916467;1.7183770883054892;1.116945107398568;3.6085918854415273;1.8902147971360381;2.2768496420047732;0.04295942720763723;0.47255369928400953
2051;216291;925308;2018_2019;22349;futuro_real;82.34536082474226;5.357142857142857;0.0;0.13164310092637738;0.0;0.8337396392003901;1.053144807411019;0.5704534373476353;2.5012189176011703;4.388103364212579;0.26328620185275475;0.21940516821062897;1.2286689419795223;1.272549975621648;3.5104826913700635;0.39492930277913213;11.014139444173574;1.5358361774744027;1.5358361774744027;0.3510482691370064
2690;224652;925176;2018_2019;22349;futuro_real;79.06976744186046;5.555555555555555;0.0;0.03345724907063197;0.06691449814126393;0.20074349442379183;0.20074349442379183;0.20074349442379183;0.9702602230483272;0.6022304832713754;0.16728624535315986;1.8736059479553904;0.9702602230483272;1.5055762081784387;1.5055762081784387;1.1710037174721188;7.260223048327138;2.107806691449814;0.9702602230483272;0.3011152416356877
2085;224669;378808;2018_2019;22349;futuro_real;86.1966236345581;0.0;0.0;0.0;0.0;0.2589928057553957;0.302158273381295;0.12949640287769784;0.4748201438848921;0.4316546762589928;0.0;0.8633093525179856;1.7697841726618704;2.7194244604316546;2.1151079136690645;1.6402877697841727;5.784172661870503;3.237410071942446;0.12949640287769784;0.5611510791366906
1047;224670;339177;2018_2019;22349;futuro_real;73.44632768361582;18.181818181818183;0.0;0.17191977077363899;0.25787965616045844;0.25787965616045844;0.6017191977077364;0.08595988538681949;1.6332378223495703;0.34383954154727797;0.25787965616045844;2.0630372492836675;0.7736389684813754;1.1174785100286533;0.6876790830945559;3.1805157593123212;5.587392550143266;2.0630372492836675;0.6876790830945559;0.08595988538681949
1881;224677;588144;2018_2019;22349;futuro_real;80.55555555555556;22.727272727272727;0.0;0.23923444976076558;0.28708133971291866;0.47846889952153115;0.3827751196172249;0.19138755980861244;1.6267942583732058;2.009569377990431;0.47846889952153115;0.430622009569378;0.7655502392344498;1.4354066985645935;1.3875598086124403;0.5741626794258373;12.440191387559809;0.7177033492822967;0.6698564593301436;0.28708133971291866
2404;224685;883391;2018_2019;22349;futuro_real;72.07792207792207;11.11111111111111;0.0;0.03743760399334443;0.0;0.07487520798668885;0.18718801996672213;0.07487520798668885;0.22462562396006655;0.2995008319467554;0.03743760399334443;5.091514143094842;0.5615640599001663;1.5349417637271214;0.5241264559068219;1.684692179700499;1.8344425956738768;3.182196339434276;0.07487520798668885;0.18718801996672213
934;227771;312276;2018_2019;22349;futuro_real;82.11143695014663;0.0;0.0;0.0;0.0;0.0;0.19271948608137043;0.09635974304068522;0.09635974304068522;0.4817987152034261;0.0;3.661670235546038;0.867237687366167;1.1563169164882225;1.0599571734475375;1.5417558886509635;1.2526766595289078;2.312633832976445;0.0;0.28907922912205564
1121;235508;982178;2018_2019;22349;futuro_real;76.3671875;0.0;0.0;0.0;0.08028545941123996;0.7225691347011597;0.8831400535236396;0.5619982158786797;1.4451382694023194;0.9634255129348795;0.4817127564674398;0.9634255129348795;1.0437109723461195;1.7662801070472791;2.007136485280999;0.8028545941123997;10.437109723461194;2.167707404103479;0.8028545941123997;0.8831400535236396
2275;249923;883291;2018_2019;22349;futuro_real;69.97041420118343;0.0;0.0;0.0;0.07912087912087912;0.07912087912087912;0.15824175824175823;0.03956043956043956;0.6725274725274725;1.8197802197802198;0.0;1.701098901098901;1.4637362637362636;1.345054945054945;1.5428571428571427;0.31648351648351647;4.391208791208791;2.5318681318681318;0.5934065934065934;0.23736263736263735
677;249977;883294;2018_2019;22349;futuro_real;86.83035714285714;12.5;0.0;0.1329394387001477;0.0;0.2658788774002954;0.5317577548005908;0.2658788774002954;0.7976366322008863;0.0;0.0;0.6646971935007385;1.4623338257016247;1.5952732644017726;2.3929098966026587;1.329394387001477;12.363367799113737;4.519940915805022;0.2658788774002954;0.5317577548005908
1381;250055;345779;2018_2019;22349;futuro_real;83.96946564885496;11.320754716981133;0.0;0.391020999275887;0.13034033309196233;1.1078928312816798;1.889934829833454;0.4561911658218682;1.1078928312816798;1.7595944967414916;0.391020999275887;0.13034033309196233;0.9123823316437364;3.454018826937002;4.431571325126719;0.8472121650977552;9.645184648805213;0.782041998551774;0.4561911658218682;0.1955104996379435
870;250482;805353;2018_2019;22349;futuro_real;68.98148148148148;20.0;0.0;0.3103448275862069;0.20689655172413796;0.7241379310344828;0.7241379310344828;0.10344827586206898;1.0344827586206897;1.8620689655172415;0.5172413793103449;1.2413793103448276;0.8275862068965518;2.896551724137931;3.103448275862069;1.4482758620689655;6.310344827586207;0.5172413793103449;0.5172413793103449;0.3103448275862069
2069;250737;805065;2018_2019;22349;futuro_real;78.08988764044943;0.0;0.0;0.0;0.0;0.17399710004833255;0.3479942000966651;0.3914934751087482;0.9134847752537458;0.5219913001449976;0.17399710004833255;0.7829869502174964;1.3919768003866604;1.2179797003383277;1.2179797003383277;1.0874818753020783;8.438859352344128;1.8269695505074917;0.3044949250845819;0.43499275012083133
2046;250751;846375;2018_2019;22349;futuro_real;86.65480427046263;0.0;0.0;0.0;0.0439882697947214;0.0;0.0439882697947214;0.0;0.48387096774193544;0.48387096774193544;0.0;1.099706744868035;1.0117302052785924;2.067448680351906;1.0557184750733137;0.7917888563049853;5.366568914956011;3.387096774193548;0.0;0.3519061583577712
630;250915;358194;2018_2019;22349;futuro_real;79.3859649122807;0.0;0.0;0.0;0.0;0.0;0.2857142857142857;0.14285714285714285;0.14285714285714285;0.0;0.0;5.857142857142857;0.42857142857142855;1.4285714285714286;0.14285714285714285;1.2857142857142858;2.142857142857143;3.0;0.0;0.5714285714285714
687;250929;883298;2018_2019;22349;futuro_real;86.71875;0.0;0.0;0.0;0.0;0.13100436681222707;0.26200873362445415;0.13100436681222707;0.3930131004366812;0.26200873362445415;0.0;1.703056768558952;1.3100436681222707;2.096069868995633;0.9170305676855894;1.0480349344978166;7.205240174672489;4.061135371179039;0.0;0.6550218340611353
1034;251688;831815;2018_2019;22349;futuro_real;64.56310679611651;25.925925925925924;100.0;0.6092843326885881;0.08704061895551257;0.8704061895551257;1.1315280464216635;0.3481624758220503;0.7833655705996132;0.17408123791102514;1.3056092843326885;1.2185686653771761;0.17408123791102514;2.1760154738878144;1.3056092843326885;3.9168278529980656;4.526112185686654;0.3481624758220503;0.08704061895551257;0.2611218568665377
1734;260093;882838;2018_2019;22349;futuro_real;68.13953488372093;0.0;0.0;0.0;0.051903114186851215;0.0;0.051903114186851215;0.10380622837370243;0.7785467128027682;0.31141868512110726;0.051903114186851215;1.920415224913495;0.6747404844290658;1.4013840830449829;0.726643598615917;0.6228373702422145;4.411764705882353;1.920415224913495;0.5709342560553633;0.15570934256055363
2569;260094;873704;2018_2019;22349;futuro_real;76.1596548004315;3.8461538461538463;0.0;0.03503308680420397;0.2802646944336318;0.2802646944336318;0.3853639548462437;0.2452316076294278;0.8758271701050993;0.7707279096924874;0.03503308680420397;1.4713896457765667;0.8407940833008953;1.6115219929933826;0.42039704165044767;0.6305955624756715;7.3219151420786295;1.8917866874270144;0.5605293888672636;0.21019852082522383
1586;260103;805351;2018_2019;22349;futuro_real;76.68161434977578;0.0;0.0;0.0;0.05674653215636822;0.11349306431273644;0.5674653215636821;0.05674653215636822;0.7377049180327868;0.7377049180327868;0.05674653215636822;1.3619167717528373;1.532156368221942;2.2698612862547285;1.021437578814628;1.532156368221942;3.0075662042875155;1.1916771752837325;0.0;0.34047919293820933
912;260318;338883;2018_2019;22349;futuro_real;75.18248175182481;0.0;0.0;0.0;0.0;0.09868421052631579;0.09868421052631579;0.0;0.493421052631579;0.19736842105263158;0.2960526315789474;3.75;0.39473684210526316;1.0855263157894737;0.986842105263158;1.7763157894736843;3.4539473684210527;1.973684210526316;0.09868421052631579;0.09868421052631579
2035;279380;883343;2018_2019;22349;futuro_real;72.47557003257329;14.285714285714285;0.0;0.044226044226044224;0.08845208845208845;0.1326781326781327;0.08845208845208845;0.08845208845208845;0.39803439803439805;0.22113022113022113;0.1769041769041769;1.945945945945946;0.5749385749385749;1.8574938574938575;0.6191646191646192;1.0614250614250615;3.714987714987715;1.9901719901719903;0.5307125307125308;0.22113022113022113
630;279387;339475;2018_2019;22349;futuro_real;78.65168539325843;9.090909090909092;0.0;0.14285714285714285;0.0;0.5714285714285714;0.5714285714285714;0.42857142857142855;1.5714285714285714;1.2857142857142858;0.2857142857142857;0.0;0.7142857142857143;3.142857142857143;2.2857142857142856;0.5714285714285714;7.0;0.8571428571428571;1.5714285714285714;0.5714285714285714
1484;30873;37269;2018_2019;22349;futuro_real;74.09766454352442;19.230769230769234;85.71428571428571;0.6064690026954178;0.0;0.9703504043126686;1.394878706199461;0.7884097035040432;1.3342318059299192;0.7884097035040432;0.18194070080862534;1.9407008086253372;0.3638814016172507;1.2735849056603774;1.637466307277628;3.6388140161725073;8.247978436657682;0.9097035040431268;0.06064690026954179;0.24258760107816715
1867;317056;820980;2018_2019;22349;futuro_real;74.8898678414097;0.0;0.0;0.0;0.048205677557579006;0.144617032672737;0.578468130690948;0.09641135511515801;0.19282271023031602;0.09641135511515801;0.09641135511515801;4.8687734333154795;0.289234065345474;2.0246384574183183;0.8194965184788431;1.4943760042849492;1.6389930369576862;2.072844134975897;0.0;0.33743974290305306
1741;325696;805056;2018_2019;22349;futuro_real;81.92567567567568;12.121212121212121;100.0;0.2067777139574957;0.10338885697874785;0.672027570361861;0.7754164273406088;0.2584721424468696;1.395749569213096;1.240666283744974;0.051694428489373924;0.2584721424468696;1.2923607122343481;1.1889718552556001;1.395749569213096;0.36186099942561745;9.460080413555428;1.7576105686387133;0.620333141872487;0.2067777139574957
515;325726;846366;2018_2019;22349;futuro_real;73.8255033557047;0.0;0.0;0.0;0.0;0.34951456310679613;0.8737864077669902;0.34951456310679613;0.0;1.7475728155339805;0.8737864077669902;0.8737864077669902;0.6990291262135923;2.4466019417475726;1.7475728155339805;2.621359223300971;6.29126213592233;0.17475728155339806;0.0;0.34951456310679613
985;334104;805267;2018_2019;22349;futuro_real;81.07569721115537;5.88235294117647;0.0;0.09137055837563451;0.27411167512690354;0.8223350253807107;0.45685279187817257;0.27411167512690354;2.3756345177664975;1.3705583756345177;0.09137055837563451;0.36548223350253806;1.8274111675126903;0.7309644670050761;1.1878172588832487;0.18274111675126903;11.786802030456853;2.1928934010152283;1.0050761421319796;0.09137055837563451
1603;335217;883397;2018_2019;22349;futuro_real;80.18018018018019;8.333333333333332;0.0;0.056144728633811605;0.0;0.11228945726762321;0.44915782907049284;0.11228945726762321;0.6175920149719277;1.4597629444791018;0.0;0.6175920149719277;2.245789145352464;2.863381160324392;2.133499688084841;1.291328758577667;10.218340611353712;2.301933873986276;0.11228945726762321;0.33686837180286966
2195;335677;874985;2018_2019;22349;futuro_real;81.30155820348305;17.647058823529413;0.0;0.12300683371298406;0.0;0.3690205011389522;0.2460136674259681;0.08200455580865604;0.08200455580865604;0.6150341685649202;0.0;3.9772209567198176;0.4510250569476082;1.927107061503417;1.968109339407745;2.5421412300683373;2.378132118451025;4.100227790432802;0.0;0.5740318906605922
546;347416;883732;2018_2019;22349;futuro_real;66.4;0.0;0.0;0.0;0.0;0.0;0.6593406593406593;0.0;0.16483516483516483;0.16483516483516483;0.0;2.307692307692308;1.3186813186813187;1.8131868131868132;0.4945054945054945;1.4835164835164836;3.131868131868132;1.4835164835164836;0.0;0.4945054945054945
518;351561;831183;2018_2019;22349;futuro_real;84.0;0.0;0.0;0.0;0.0;0.3474903474903475;0.0;0.5212355212355212;1.0424710424710424;1.2162162162162162;0.0;0.8687258687258688;0.8687258687258688;1.0424710424710424;0.694980694980695;0.694980694980695;5.55984555984556;2.606177606177606;0.0;0.17374517374517376
2024;353038;805143;2018_2019;22349;futuro_real;81.43274853801171;22.5;80.0;0.40019762845849804;0.13339920948616601;0.9782608695652175;0.40019762845849804;0.40019762845849804;1.556324110671937;1.2450592885375495;0.13339920948616601;0.48913043478260876;0.3557312252964427;0.5335968379446641;2.756916996047431;1.4229249011857708;9.515810276679842;0.40019762845849804;1.0227272727272727;0.13339920948616601
235;356379;847241;2018_2019;22349;futuro_real;57.14285714285714;0.0;0.0;0.0;0.0;1.5319148936170213;1.9148936170212765;0.0;1.1489361702127658;1.9148936170212765;0.0;0.3829787234042553;2.2978723404255317;2.6808510638297873;1.9148936170212765;6.51063829787234;6.8936170212765955;1.1489361702127658;0.0;0.7659574468085106
1998;356381;873703;2018_2019;22349;futuro_real;76.8545994065282;8.333333333333332;0.0;0.04504504504504505;0.0;0.04504504504504505;0.3153153153153153;0.1801801801801802;0.5405405405405406;0.3603603603603604;0.13513513513513514;1.3063063063063063;0.990990990990991;2.2072072072072073;0.8558558558558559;0.9459459459459459;5.495495495495495;1.6666666666666667;0.45045045045045046;0.13513513513513514
753;357124;805366;2018_2019;22349;futuro_real;75.74257425742574;13.043478260869565;0.0;0.3585657370517928;0.0;0.8366533864541832;1.3147410358565736;0.597609561752988;0.597609561752988;1.6733067729083664;0.8366533864541832;1.3147410358565736;0.2390438247011952;2.151394422310757;1.4342629482071712;1.6733067729083664;7.051792828685259;0.8366533864541832;0.1195219123505976;0.1195219123505976
863;362579;830020;2018_2019;22349;futuro_real;84.21052631578947;0.0;0.0;0.0;0.0;0.0;0.0;0.10428736964078796;0.0;0.2085747392815759;0.0;4.275782155272306;0.3128621089223639;2.294322132097335;0.5214368482039398;1.877172653534183;2.398609501738123;3.2329084588644266;0.0;0.3128621089223639
1786;368844;924924;2018_2019;22349;futuro_real;82.1482602118003;0.0;0.0;0.0;0.0;0.1511758118701008;0.20156774916013437;0.10078387458006718;0.35274356103023513;0.503919372900336;0.40313549832026874;1.5621500559910413;1.4613661814109742;2.1668533034714446;2.6707726763717803;0.6550951847704367;5.946248600223964;2.0660694288913772;0.251959686450168;0.40313549832026874
321;37999;18848;2018_2019;22349;futuro_real;71.7948717948718;16.666666666666664;0.0;0.2803738317757009;0.5607476635514018;0.2803738317757009;0.5607476635514018;0.8411214953271028;1.6822429906542056;0.5607476635514018;0.8411214953271028;0.2803738317757009;0.8411214953271028;1.4018691588785046;1.4018691588785046;3.364485981308411;7.009345794392523;0.8411214953271028;0.0;0.2803738317757009
814;398023;836280;2018_2019;22349;futuro_real;74.68879668049793;0.0;0.0;0.0;0.0;0.3316953316953317;0.5528255528255528;0.3316953316953317;1.2162162162162162;1.9901719901719903;0.22113022113022113;0.9950859950859952;0.6633906633906634;0.8845208845208845;3.316953316953317;0.44226044226044225;6.744471744471745;0.3316953316953317;0.44226044226044225;0.0
1043;41301;26884;2018_2019;22349;futuro_real;80.43478260869566;8.0;0.0;0.1725790987535954;0.0;0.6903163950143816;1.1217641418983701;0.3451581975071908;1.6395014381591564;1.0354745925215725;1.1217641418983701;0.1725790987535954;0.3451581975071908;1.6395014381591564;1.4669223394055608;1.8983700862895494;9.405560882070949;0.1725790987535954;0.1725790987535954;0.2588686481303931
1037;420949;836281;2018_2019;22349;futuro_real;80.44554455445545;14.285714285714285;0.0;0.08678881388621022;0.08678881388621022;0.26036644165863065;0.26036644165863065;0.08678881388621022;1.128254580520733;0.6075216972034716;0.17357762777242045;0.781099324975892;0.6075216972034716;1.2150433944069432;0.8678881388621023;0.26036644165863065;6.943105110896818;1.7357762777242045;0.8678881388621023;0.0
1284;434562;883279;2018_2019;22349;futuro_real;82.75058275058275;0.0;0.0;0.0;0.07009345794392523;0.0;0.0;0.0;0.5607476635514018;0.35046728971962615;0.14018691588785046;0.8411214953271028;1.0514018691588785;1.7523364485981308;0.7710280373831775;0.6308411214953271;5.887850467289719;0.8411214953271028;0.2102803738317757;0.14018691588785046
2677;440020;874986;2018_2019;22349;futuro_real;88.50152905198777;0.0;0.0;0.0;0.0;0.134478894284647;0.10085917071348524;0.0;0.7396339185655585;0.7060141949943968;0.0;1.1430706014194996;1.075831154277176;1.2439297721329847;0.8068733657078819;0.6723944714232349;7.127381397086291;3.0593948449757193;0.0;0.20171834142697048
1889;45474;11583;2018_2019;22349;futuro_real;76.59574468085107;9.836065573770492;50.0;0.2858655373213341;0.2382212811011117;0.8575966119640022;1.4769719428268926;0.5717310746426681;2.3822128110111174;0.6670195870831128;0.9528851244044468;2.096347273689783;0.6670195870831128;1.667548967707782;1.7628374801482267;2.1439915299100054;11.101111699311806;1.0481736368448915;0.04764425622022234;0.2382212811011117
2044;473579;876928;2018_2019;22349;futuro_real;80.53977272727273;5.0;0.0;0.04403131115459882;0.08806262230919765;0.3522504892367906;0.39628180039138944;0.13209393346379647;0.7045009784735812;1.2328767123287672;0.04403131115459882;1.9373776908023483;1.4530332681017613;2.24559686888454;1.1007827788649707;1.2328767123287672;7.1330724070450096;0.8365949119373777;0.44031311154598823;0.3522504892367906
1184;477383;883388;2018_2019;22349;futuro_real;72.16494845360825;14.583333333333334;100.0;0.5320945945945946;0.22804054054054054;1.1402027027027029;1.5962837837837838;0.9121621621621622;1.2162162162162162;0.6841216216216216;1.4442567567567568;0.4560810810810811;0.15202702702702703;1.748310810810811;1.0641891891891893;3.3445945945945947;5.39695945945946;0.22804054054054054;0.07601351351351351;0.15202702702702703
2470;482452;922007;2018_2019;22349;futuro_real;75.68218298555377;4.0;0.0;0.03643724696356276;0.0;0.14574898785425103;0.6923076923076924;0.07287449392712551;0.4008097165991903;1.6032388663967612;0.0;5.465587044534414;0.2550607287449393;1.8947368421052633;0.9473684210526316;2.5141700404858303;4.117408906882591;5.611336032388664;0.07287449392712551;0.3643724696356275
1300;51225;35621;2018_2019;22349;futuro_real;66.66666666666666;7.894736842105263;0.0;0.20769230769230768;0.13846153846153847;0.9692307692307692;1.523076923076923;0.13846153846153847;1.5923076923076922;0.20769230769230768;0.9692307692307692;0.6923076923076923;0.34615384615384615;1.1076923076923078;1.9384615384615385;4.153846153846154;5.676923076923077;0.34615384615384615;0.0;0.20769230769230768
1271;54594;790020;2018_2019;22349;futuro_real;67.0103092783505;2.857142857142857;0.0;0.07081038552321008;0.07081038552321008;0.6372934697088907;1.0621557828481512;0.7789142407553108;1.982690794649882;1.2037765538945713;0.21243115656963021;0.6372934697088907;0.8497246262785209;0.4956726986624705;1.2037765538945713;0.4956726986624705;7.081038552321007;1.1329661683713612;1.6994492525570417;0.0
963;54818;47379;2018_2019;22349;futuro_real;87.1875;11.11111111111111;0.0;0.09345794392523366;0.0;0.28037383177570097;0.3738317757009346;0.1869158878504673;0.6542056074766356;0.8411214953271029;0.09345794392523366;2.2429906542056077;1.4953271028037385;0.7476635514018692;1.4018691588785048;2.0560747663551404;7.757009345794393;5.233644859813085;0.09345794392523366;0.1869158878504673
2294;56004;590448;2018_2019;22349;futuro_real;67.86743515850145;3.7735849056603774;0.0;0.07846556233653008;0.03923278116826504;0.5884917175239757;1.1377506538796862;0.3530950305143854;0.4707933740191805;0.6669572798605057;0.0;1.883173496076722;1.4123801220575416;2.079337401918047;1.7654751525719268;2.1185701830863124;4.66870095902354;2.589363557105493;0.03923278116826504;0.3530950305143854
1180;581174;888479;2018_2019;22349;futuro_real;76.14879649890591;0.0;0.0;0.0;0.07627118644067797;0.38135593220338987;0.3050847457627119;0.15254237288135594;0.6101694915254238;0.9152542372881356;0.0;2.135593220338983;1.2966101694915255;1.6779661016949152;1.0677966101694916;0.7627118644067797;7.016949152542373;2.593220338983051;0.5338983050847458;0.38135593220338987
1039;582317;931692;2018_2019;22349;futuro_real;81.98757763975155;0.0;0.0;0.0;0.08662175168431184;0.08662175168431184;0.2598652550529355;0.0;0.08662175168431184;0.0;0.0;3.5514918190567855;0.4331087584215592;1.2127045235803657;0.08662175168431184;1.039461020211742;2.4254090471607315;2.252165543792108;0.0;0.08662175168431184
2683;582319;924932;2018_2019;22349;futuro_real;79.96289424860854;0.0;0.0;0.0;0.16772269847185986;0.20126723816623185;0.3689899366380917;0.16772269847185986;1.0734252702199032;1.4424152068579947;0.06708907938874395;1.5765933656354827;0.9057025717480433;2.1803950801341783;0.7379798732761834;0.5702571748043236;6.407007081625046;2.448751397689154;0.8386134923592993;0.30190085724934773
1135;582320;924878;2018_2019;22349;futuro_real;74.77744807121661;5.555555555555555;0.0;0.07929515418502203;0.07929515418502203;0.8722466960352423;0.31718061674008813;0.2378854625550661;2.458149779735683;1.0308370044052864;0.0;0.31718061674008813;1.0308370044052864;2.299559471365639;2.378854625550661;0.4757709251101322;9.277533039647578;0.4757709251101322;1.9030837004405288;0.5550660792951542
2188;59947;38516;2018_2019;22349;futuro_real;83.6923076923077;12.5;0.0;0.04113345521023766;0.04113345521023766;0.08226691042047532;0.24680073126142596;0.0;0.28793418647166363;0.4524680073126143;0.0;2.221206581352834;0.4936014625228519;2.0155393053016453;1.0283363802559415;1.7687385740402195;2.838208409506399;3.414076782449726;0.04113345521023766;0.370201096892139
711;63451;26176;2018_2019;22349;futuro_real;81.04575163398692;0.0;0.0;0.0;0.0;0.37974683544303794;0.37974683544303794;0.2531645569620253;1.1392405063291138;2.6582278481012658;0.12658227848101264;0.37974683544303794;0.8860759493670886;2.7848101265822782;3.7974683544303796;0.7594936708860759;5.189873417721519;0.12658227848101264;0.8860759493670886;0.2531645569620253
1181;68910;45882;2018_2019;22349;futuro_real;61.14864864864865;20.833333333333336;100.0;0.3810330228619814;0.0;0.533446232006774;0.838272650296359;0.4572396274343777;0.9144792548687554;0.07620660457239628;0.6858594411515665;1.066892464013548;0.6096528365791702;2.3624047417442844;2.133784928027096;7.0110076206604575;4.5723962743437765;0.3048264182895851;0.0;0.533446232006774
2687;72677;33993;2018_2019;22349;futuro_real;74.12823397075366;8.0;100.0;0.1339784145887607;0.10048381094157052;0.569408262002233;0.5024190547078526;0.6029028656494232;1.3732787495347973;1.6077409750651284;0.5024190547078526;0.770375883885374;1.138816524004466;2.076665426125791;3.985857834015631;1.9761816151842204;8.809080759211016;1.2393003349460365;0.6698920729438035;0.3014514328247116
1046;73609;33578;2018_2019;22349;futuro_real;78.33333333333333;0.0;0.0;0.0;0.0;0.0;0.17208413001912046;0.0;0.0;0.0;0.17208413001912046;4.3021032504780115;0.3441682600382409;0.6883365200764818;0.5162523900573613;1.5487571701720841;2.4091778202676863;3.269598470363289;0.0;0.08604206500956023
2821;73705;249599;2018_2019;22349;futuro_real;79.97086671522214;29.87012987012987;100.0;0.7337823466855725;0.28713222261609356;1.2123360510457284;0.6699751861042184;0.5742644452321871;2.520382842963488;2.0737327188940093;0.06380716058135413;0.8933002481389578;1.2761432116270826;1.4037575327897909;3.2222616093583833;0.9252038284296349;15.186104218362283;2.488479262672811;0.3828429634881248;0.25522864232541653
1907;73780;38171;2018_2019;22349;futuro_real;78.95595432300163;6.172839506172839;0.0;0.23597273203985317;0.18877818563188253;0.8495018353434713;1.934976402726796;1.038280020975354;1.7461982170949133;2.076560041950708;0.2831672784478238;0.3303618248557944;0.5663345568956476;1.7461982170949133;2.3597273203985316;1.038280020975354;8.589407446250656;1.274252753015207;0.6607236497115888;0.18877818563188253
2098;76717;249305;2018_2019;22349;futuro_real;82.06018518518519;9.375;0.0;0.12869399428026693;0.0;0.5147759771210677;0.686367969494757;0.17159199237368924;0.7721639656816016;0.5147759771210677;0.0;1.801715919923737;1.11534795042898;1.7588179218303146;0.7721639656816016;1.8446139180171592;5.405147759771211;1.9304099142040039;0.0;0.12869399428026693
430;82315;44904;2018_2019;22349;futuro_real;86.81818181818181;0.0;0.0;0.0;0.0;0.20930232558139536;0.20930232558139536;0.20930232558139536;1.6744186046511629;1.255813953488372;0.0;2.0930232558139537;0.8372093023255814;0.8372093023255814;1.255813953488372;0.4186046511627907;12.767441860465116;3.7674418604651163;0.627906976744186;0.20930232558139536
2242;82562;38023;2018_2019;22349;futuro_real;84.66183574879227;23.076923076923077;0.0;0.12042818911685994;0.0;0.28099910793933985;0.20071364852809992;0.04014272970561998;0.12042818911685994;0.0;0.0;5.5798394290811775;0.16057091882247992;1.0035682426404995;0.5218554861730598;2.6092774308652986;1.9669937555753791;3.1712756467439784;0.0;0.16057091882247992
675;82567;47397;2018_2019;22349;futuro_real;72.11538461538461;16.666666666666664;0.0;0.26666666666666666;0.0;0.8;0.5333333333333333;0.26666666666666666;1.4666666666666666;0.26666666666666666;0.0;0.9333333333333333;1.0666666666666667;0.9333333333333333;1.0666666666666667;0.8;7.466666666666667;1.2;0.4;0.26666666666666666
1369;82570;924643;2018_2019;22349;futuro_real;84.29054054054053;0.0;0.0;0.0;0.0;0.06574141709276844;0.26296566837107377;0.06574141709276844;0.13148283418553688;0.3944485025566107;0.0;3.550036523009496;0.19722425127830534;0.19722425127830534;0.3944485025566107;1.3805697589481374;3.0241051862673487;4.0759678597516436;0.0;0.06574141709276844
2738;82577;38024;2018_2019;22349;futuro_real;76.53429602888086;3.75;0.0;0.09861212563915267;0.13148283418553688;0.7888970051132214;1.183345507669832;0.6574141709276845;2.3009495982468957;1.4463111760409058;0.19722425127830534;0.13148283418553688;0.9532505478451425;0.9203798392987582;2.3009495982468957;0.03287070854638422;12.68809349890431;1.7092768444119797;1.8407596785975164;0.16435354273192113
2430;82584;883313;2018_2019;22349;futuro_real;80.4694048616932;11.11111111111111;0.0;0.037037037037037035;0.037037037037037035;0.1111111111111111;0.2222222222222222;0.0;0.2222222222222222;0.8148148148148148;0.1111111111111111;4.2592592592592595;0.3333333333333333;1.6666666666666667;0.7407407407407407;2.185185185185185;3.888888888888889;2.8518518518518516;0.1111111111111111;0.3333333333333333
745;84326;107328;2018_2019;22349;futuro_real;79.14110429447852;0.0;0.0;0.0;0.12080536912751677;0.24161073825503354;1.2080536912751676;0.6040268456375838;3.140939597315436;2.053691275167785;0.0;0.8456375838926173;0.7248322147651006;3.140939597315436;3.503355704697986;0.6040268456375838;19.691275167785232;3.503355704697986;0.9664429530201342;0.3624161073825503
1629;84349;47413;2018_2019;22349;futuro_real;82.61437908496731;0.0;0.0;0.0;0.0;0.38674033149171266;0.9944751381215469;0.5524861878453038;1.6574585635359114;1.2154696132596685;0.0;0.9944751381215469;0.6077348066298343;1.43646408839779;0.7734806629834253;0.7734806629834253;12.265193370165745;5.027624309392265;0.9944751381215469;0.2762430939226519
267;94440;125113;2018_2019;22349;futuro_real;78.90625;0.0;0.0;0.0;0.0;0.33707865168539325;1.348314606741573;0.6741573033707865;2.359550561797753;0.6741573033707865;0.0;1.348314606741573;2.0224719101123596;2.696629213483146;0.33707865168539325;2.0224719101123596;8.42696629213483;3.033707865168539;1.0112359550561798;0.0
212;94450;994148;2018_2019;22349;futuro_real;74.35897435897436;0.0;0.0;0.0;0.4245283018867924;0.0;1.2735849056603774;0.8490566037735848;1.6981132075471697;0.8490566037735848;0.0;0.8490566037735848;2.9716981132075473;2.9716981132075473;2.547169811320755;0.8490566037735848;11.88679245283019;1.2735849056603774;0.4245283018867924;1.2735849056603774
1802;94480;130393;2018_2019;22349;futuro_real;77.75947281713344;5.555555555555555;0.0;0.049944506104328525;0.0;0.09988901220865705;0.49944506104328523;0.29966703662597116;0.24972253052164262;0.34961154273029965;0.0;1.148723640399556;1.3485016648168702;1.8978912319644838;0.6992230854605993;1.148723640399556;4.794672586015539;2.197558268590455;0.049944506104328525;0.1997780244173141
1989;94741;169925;2018_2019;22349;futuro_real;77.9840848806366;12.5;0.0;0.04524886877828054;0.0;0.09049773755656108;0.2262443438914027;0.04524886877828054;0.3167420814479638;0.27149321266968324;0.09049773755656108;2.8054298642533935;0.8597285067873303;1.4932126696832577;0.4524886877828054;3.167420814479638;3.619909502262443;5.158371040723981;0.0;0.18099547511312217
307;94766;46983;2018_2019;22349;futuro_real;84.94208494208493;12.5;100.0;0.5863192182410424;0.5863192182410424;1.7589576547231272;1.4657980456026058;1.4657980456026058;3.5179153094462543;2.3452768729641695;0.0;0.2931596091205212;2.9315960912052117;1.1726384364820848;0.8794788273615636;0.2931596091205212;22.57328990228013;5.863192182410423;1.4657980456026058;0.0
1225;95852;123238;2018_2019;22349;futuro_real;81.89473684210526;0.0;0.0;0.0;0.0;0.22040816326530613;0.7346938775510204;0.07346938775510205;0.6612244897959184;0.8816326530612245;0.0;1.9836734693877551;1.542857142857143;1.910204081632653;0.9551020408163265;1.0285714285714287;4.775510204081633;1.9836734693877551;0.0;0.2938775510204082
644;99520;805425;2018_2019;22349;futuro_real;71.73913043478261;5.263157894736842;0.0;0.13975155279503104;0.4192546583850931;0.5590062111801242;1.8167701863354035;0.2795031055900621;1.3975155279503104;1.9565217391304346;0.2795031055900621;0.8385093167701863;1.3975155279503104;4.192546583850931;1.1180124223602483;1.5372670807453415;12.298136645962732;1.3975155279503104;0.8385093167701863;0.6987577639751552
1673;100197;162603;2019_2020;27096;futuro_real;85.65169769989048;0.0;0.0;0.0;0.0;0.10759115361625822;0.05379557680812911;0.10759115361625822;0.37656903765690375;0.7531380753138075;0.05379557680812911;1.9904363419007771;1.0759115361625822;2.528392109982068;1.936640765092648;1.1297071129707112;8.015540944411237;2.7973699940227137;0.05379557680812911;0.484160191273162
1067;100501;247951;2019_2020;27096;futuro_real;78.16901408450704;0.0;0.0;0.0;0.08434864104967198;0.42174320524835984;0.3373945641986879;0.08434864104967198;1.1808809746954076;1.5182755388940956;0.0;1.3495782567947516;1.0965323336457358;1.9400187441424555;1.4339268978444235;1.0121836925960637;6.579194001874414;0.9278350515463917;0.8434864104967197;0.3373945641986879
1822;102810;248291;2019_2020;27096;futuro_real;74.888558692422;5.0;0.0;0.04939626783754117;0.04939626783754117;0.296377607025247;0.39517014270032935;0.296377607025247;2.074643249176729;1.2843029637760703;0.4445664105378705;0.09879253567508234;0.4445664105378705;1.778265642151482;1.7288693743139407;1.185510428100988;9.879253567508233;2.074643249176729;1.9758507135016465;0.19758507135016468
1909;103817;311524;2019_2020;27096;futuro_real;76.73758865248227;16.0;0.0;0.18858040859088526;0.047145102147721316;0.42430591932949185;0.6128863279203771;0.14143530644316396;0.8486118386589837;0.42430591932949185;0.18858040859088526;1.320062860136197;1.0843373493975903;1.3672079622839182;1.2257726558407542;0.754321634363541;9.287585123101099;2.3101100052383448;1.0843373493975903;0.2357255107386066
1255;106283;220935;2019_2020;27096;futuro_real;81.49425287356323;0.0;0.0;0.0;0.07171314741035857;0.6454183266932271;0.8605577689243028;0.2868525896414343;1.0756972111553784;0.35856573705179284;0.0;0.7888446215139442;1.792828685258964;2.151394422310757;0.7171314741035857;0.9322709163346613;12.621513944223107;5.952191235059761;0.7171314741035857;0.14342629482071714
2188;120964;578352;2019_2020;27096;futuro_real;66.18705035971223;18.51851851851852;85.71428571428571;0.617001828153565;0.2056672760511883;1.3162705667276051;1.480804387568556;0.5347349177330896;0.9460694698354662;0.16453382084095064;1.0283363802559415;1.3162705667276051;0.2056672760511883;1.480804387568556;0.8226691042047533;1.7276051188299817;4.442413162705668;0.7815356489945156;0.12340036563071298;0.3290676416819013
1468;124747;789238;2019_2020;27096;futuro_real;73.10924369747899;10.76923076923077;100.0;0.42915531335149865;0.42915531335149865;1.348773841961853;1.7779291553133516;0.8583106267029973;2.268392370572207;1.9005449591280654;0.5517711171662125;0.18392370572207087;0.8583106267029973;2.697547683923706;2.881471389645777;0.42915531335149865;9.502724795640328;1.471389645776567;0.8583106267029973;0.18392370572207087
647;125481;789932;2019_2020;27096;futuro_real;83.60655737704919;14.285714285714285;0.0;0.41731066460587324;0.0;1.5301391035548686;0.5564142194744977;0.8346213292117465;0.5564142194744977;0.2782071097372488;0.5564142194744977;0.8346213292117465;0.0;2.2256568778979906;2.0865533230293662;2.364760432766615;4.312210200927357;0.0;0.0;0.1391035548686244
1179;133737;992484;2019_2020;27096;futuro_real;68.5589519650655;14.285714285714285;100.0;0.22900763358778625;0.07633587786259542;0.6106870229007634;0.5343511450381679;0.4580152671755725;0.7633587786259542;0.4580152671755725;1.83206106870229;0.5343511450381679;0.5343511450381679;1.6030534351145038;1.297709923664122;2.8244274809160306;4.427480916030534;0.3816793893129771;0.3053435114503817;0.0
1516;142476;339159;2019_2020;27096;futuro_real;79.92021276595744;0.0;0.0;0.0;0.059366754617414245;0.059366754617414245;0.2968337730870712;0.11873350923482849;1.1279683377308707;0.5343007915567282;0.059366754617414245;1.1873350923482848;0.6530343007915567;2.7308707124010554;1.1873350923482848;1.9591029023746702;10.270448548812665;3.3245382585751977;0.6530343007915567;0.4155672823218997
1244;146822;339169;2019_2020;27096;futuro_real;79.15993537964458;12.5;100.0;0.14469453376205788;0.0;0.28938906752411575;0.7234726688102894;0.14469453376205788;0.7958199356913183;0.5787781350482315;0.0;1.4469453376205788;1.012861736334405;1.3745980707395498;0.5787781350482315;2.315112540192926;8.247588424437298;4.991961414790997;0.07234726688102894;0.14469453376205788
467;147482;180055;2019_2020;27096;futuro_real;74.52830188679245;33.33333333333333;0.0;0.38543897216274087;0.0;0.38543897216274087;0.7708779443254817;0.0;0.7708779443254817;1.3490364025695931;0.9635974304068522;0.0;0.19271948608137043;1.734475374732334;1.1563169164882225;0.38543897216274087;5.3961456102783725;0.0;0.0;0.0
266;159778;146615;2019_2020;27096;futuro_real;74.35897435897436;16.666666666666664;0.0;0.3383458646616541;0.3383458646616541;1.0150375939849623;1.0150375939849623;0.0;0.6766917293233082;0.0;0.0;0.6766917293233082;0.0;2.0300751879699246;4.060150375939849;1.6917293233082706;4.398496240601504;0.0;0.0;0.3383458646616541
637;160317;248215;2019_2020;27096;futuro_real;74.11167512690355;0.0;0.0;0.0;0.0;0.0;0.141287284144427;0.0;0.141287284144427;0.0;0.423861852433281;4.521193092621664;0.847723704866562;0.847723704866562;0.989010989010989;2.119309262166405;2.401883830455259;4.521193092621664;0.0;0.423861852433281
1669;168974;842529;2019_2020;27096;futuro_real;78.4019975031211;10.0;0.0;0.05392450569203116;0.05392450569203116;0.05392450569203116;0.4313960455362493;0.05392450569203116;0.4313960455362493;0.2696225284601558;0.05392450569203116;1.5098861593768724;0.8627920910724985;1.4559616536848412;1.8334331935290593;2.5344517675254643;7.549430796884362;3.181545835829838;0.0;0.21569802276812464
1442;169992;786311;2019_2020;27096;futuro_real;75.42087542087542;4.0;0.0;0.06241331484049931;0.12482662968099861;0.24965325936199723;0.8737864077669903;0.4368932038834952;0.9361997226074896;0.12482662968099861;0.06241331484049931;1.3730929264909848;1.3730929264909848;1.3730929264909848;0.8737864077669903;1.5603328710124826;7.115117891816921;2.4341192787794728;0.37447988904299584;0.37447988904299584
757;170616;176289;2019_2020;27096;futuro_real;83.28912466843501;0.0;0.0;0.0;0.23778071334214002;0.0;0.47556142668428003;0.0;0.71334214002642;0.47556142668428003;0.0;2.14002642007926;0.35667107001321;1.9022457067371201;0.8322324966974901;1.42668428005284;3.6856010568031703;2.7344782034346102;0.11889035667107001;0.47556142668428003
360;172630;147516;2019_2020;27096;futuro_real;84.66257668711657;0.0;0.0;0.0;0.0;0.25;1.25;0.75;0.75;0.0;0.0;1.75;0.75;4.0;0.0;1.75;7.5;3.5;0.0;0.75
1701;178893;590310;2019_2020;27096;futuro_real;79.39011566771819;4.166666666666666;0.0;0.10582010582010583;0.052910052910052914;0.9523809523809524;1.1111111111111112;0.4761904761904762;2.486772486772487;1.4285714285714286;0.10582010582010583;0.0;0.9523809523809524;2.3280423280423284;2.6455026455026456;1.3227513227513228;15.661375661375663;4.391534391534392;1.798941798941799;0.3174603174603175
1253;180911;789965;2019_2020;27096;futuro_real;66.270783847981;0.0;0.0;0.0;0.07182761372705507;0.28731045490822027;0.3591380686352753;0.28731045490822027;1.077414205905826;0.5027932960893855;0.0;1.7956903431763767;0.6464485235434956;1.7238627294493216;2.226656025538707;0.8619313647246608;5.818036711891461;2.8731045490822025;1.077414205905826;0.3591380686352753
1750;187161;560054;2019_2020;27096;futuro_real;74.96757457846952;9.090909090909092;0.0;0.051428571428571435;0.051428571428571435;0.2571428571428572;0.20571428571428574;0.10285714285714287;0.36000000000000004;0.2571428571428572;0.0;4.062857142857143;0.7714285714285715;0.7714285714285715;0.6171428571428572;2.16;5.04;6.12;0.20571428571428574;0.2571428571428572
1874;189283;220921;2019_2020;27096;futuro_real;80.62130177514793;8.51063829787234;0.0;0.192102454642476;0.144076840981857;1.104589114194237;0.576307363927428;0.576307363927428;1.0565635005336178;0.9124866595517609;0.576307363927428;0.8644610458911419;0.576307363927428;2.305229455709712;1.152614727854856;0.816435432230523;8.692636072572038;2.0170757737459977;0.096051227321238;0.288153681963714
984;195892;147517;2019_2020;27096;futuro_real;66.43109540636041;0.0;0.0;0.0;0.09146341463414634;0.09146341463414634;0.18292682926829268;0.18292682926829268;1.4634146341463414;0.0;0.0;2.3780487804878048;0.9146341463414634;3.018292682926829;0.7317073170731707;1.1890243902439024;4.664634146341463;2.3780487804878048;1.1890243902439024;0.36585365853658536
2160;202223;162713;2019_2020;27096;futuro_real;69.06158357771261;0.0;0.0;0.0;0.0;0.25;0.375;0.0;0.16666666666666666;0.16666666666666666;0.125;4.791666666666667;0.20833333333333334;1.6666666666666667;0.6666666666666666;2.5416666666666665;2.75;4.083333333333333;0.041666666666666664;0.16666666666666666
1882;208714;832001;2019_2020;27096;futuro_real;76.0;11.428571428571429;0.0;0.19128586609989373;0.04782146652497343;0.4782146652497343;0.6695005313496281;0.5260361317747078;1.1477151965993624;0.6695005313496281;0.38257173219978746;1.3390010626992561;0.6695005313496281;1.434643995749203;3.2518597236981934;1.5781083953241233;7.029755579171095;0.5738575982996812;0.2869287991498406;0.1434643995749203
1743;211417;18305;2019_2020;27096;futuro_real;82.72108843537414;0.0;0.0;0.0;0.0;0.10327022375215146;0.20654044750430292;0.0;0.0;0.20654044750430292;0.10327022375215146;3.666092943201377;0.5679862306368331;1.2392426850258176;0.5163511187607573;1.6006884681583475;1.4457831325301205;2.426850258175559;0.0;0.25817555938037867
1581;214624;345787;2019_2020;27096;futuro_real;80.45375218150087;0.0;0.0;0.0;0.0;0.11385199240986718;0.2846299810246679;0.17077798861480076;0.3415559772296015;0.5123339658444023;0.05692599620493359;1.9924098671726755;0.9108159392789374;1.4800759013282732;1.4231499051233396;0.967741935483871;5.180265654648957;2.789373814041746;0.0;0.2846299810246679
770;214810;339527;2019_2020;27096;futuro_real;73.51598173515981;0.0;0.0;0.0;0.0;0.0;0.11688311688311688;0.11688311688311688;0.35064935064935066;0.23376623376623376;0.11688311688311688;1.7532467532467533;0.8181818181818182;1.1688311688311688;0.5844155844155844;0.4675324675324675;3.038961038961039;1.87012987012987;0.35064935064935066;0.5844155844155844
450;214813;345769;2019_2020;27096;futuro_real;69.6;0.0;0.0;0.0;0.0;0.0;0.2;0.0;0.8;0.0;0.0;3.6;0.8;1.4;0.6;2.2;2.8;3.2;0.0;0.6
400;216280;312274;2019_2020;27096;futuro_real;74.16666666666667;0.0;0.0;0.0;0.22499999999999998;0.44999999999999996;0.6749999999999999;0.22499999999999998;1.125;1.3499999999999999;0.0;1.125;0.6749999999999999;1.3499999999999999;2.475;0.44999999999999996;8.775;0.6749999999999999;0.8999999999999999;0.0
151;216291;925308;2019_2020;27096;futuro_real;81.81818181818183;0.0;0.0;0.0;0.0;1.1920529801324502;0.0;0.0;1.1920529801324502;4.768211920529801;0.5960264900662251;0.0;1.1920529801324502;2.3841059602649004;1.7880794701986755;0.0;9.536423841059602;2.3841059602649004;0.0;0.0
1659;224652;925176;2019_2020;27096;futuro_real;82.18623481781377;0.0;0.0;0.0;0.054249547920433995;0.10849909584086799;0.325497287522604;0.054249547920433995;0.8137432188065099;1.030741410488246;0.488245931283906;2.2242314647377937;0.596745027124774;1.193490054249548;0.8679927667269439;1.030741410488246;9.656419529837251;1.030741410488246;0.976491862567812;0.10849909584086799
1532;224683;1022066;2019_2020;27096;futuro_real;83.60864040660736;5.263157894736842;0.0;0.0587467362924282;0.0587467362924282;0.293733681462141;0.4699738903394256;0.3524804177545692;1.0574412532637076;0.4112271540469974;0.0;1.468668407310705;0.881201044386423;1.762402088772846;2.1148825065274153;0.7637075718015666;7.578328981723238;4.347258485639687;0.587467362924282;0.0587467362924282
802;224685;883391;2019_2020;27096;futuro_real;72.05882352941177;0.0;0.0;0.0;0.0;0.11221945137157106;0.22443890274314213;0.0;0.22443890274314213;0.0;0.11221945137157106;4.600997506234414;1.1221945137157108;2.5810473815461346;0.5610972568578554;1.683291770573566;1.2344139650872819;2.5810473815461346;0.0;0.6733167082294265
1611;226951;311418;2019_2020;27096;futuro_real;77.32115677321157;8.333333333333332;0.0;0.0558659217877095;0.0558659217877095;0.223463687150838;0.2793296089385475;0.1675977653631285;0.558659217877095;0.670391061452514;0.0;1.8435754189944136;0.9497206703910616;0.8379888268156426;0.8379888268156426;0.893854748603352;5.69832402234637;3.9664804469273744;0.6145251396648045;0.3910614525139665
1121;235508;982178;2019_2020;27096;futuro_real;75.7469244288225;7.142857142857142;100.0;0.08028545941123996;0.0;0.16057091882247992;0.6422836752899197;0.32114183764495985;1.2042818911685995;1.3648528099910793;0.32114183764495985;0.8831400535236396;0.8028545941123997;2.8902765388046388;2.167707404103479;0.5619982158786797;11.239964317573595;2.408563782337199;1.2042818911685995;0.7225691347011597
143;249977;883294;2019_2020;27096;futuro_real;84.7457627118644;0.0;0.0;0.0;0.0;0.0;0.0;0.0;0.6293706293706294;0.0;0.0;0.6293706293706294;1.8881118881118881;6.923076923076923;1.2587412587412588;1.2587412587412588;7.5524475524475525;1.2587412587412588;0.0;1.2587412587412588
1203;249978;590480;2019_2020;27096;futuro_real;83.91123439667129;0.0;0.0;0.0;0.14962593516209477;0.22443890274314213;0.6733167082294265;0.7481296758104737;2.6184538653366585;2.319201995012469;0.14962593516209477;0.44887780548628425;1.4962593516209475;2.0947630922693268;3.1421446384039897;0.14962593516209477;13.167082294264338;3.0673316708229423;0.7481296758104737;0.22443890274314213
1513;250004;312270;2019_2020;27096;futuro_real;77.8125;0.0;0.0;0.0;0.059484467944481166;0.059484467944481166;0.4163912756113682;0.0;0.8922670191672175;0.8922670191672175;0.0;1.427627230667548;0.9517514871116987;1.8440185062789163;0.9517514871116987;0.5948446794448117;7.911434236615995;2.6768010575016525;0.1784534038334435;0.11896893588896233
2094;250437;589448;2019_2020;27096;futuro_real;78.21782178217822;6.382978723404255;0.0;0.12893982808022922;0.042979942693409746;0.6017191977077364;0.9455587392550143;0.47277936962750716;0.7306590257879656;0.3008595988538682;0.3868194842406877;1.8051575931232093;0.9885386819484241;2.0630372492836675;1.4613180515759312;2.4068767908309456;7.435530085959885;3.2234957020057307;0.042979942693409746;0.34383954154727797
918;250482;805353;2019_2020;27096;futuro_real;75.82938388625593;11.538461538461538;0.0;0.29411764705882354;0.19607843137254904;1.0784313725490198;0.6862745098039216;0.7843137254901962;1.2745098039215688;0.7843137254901962;2.3529411764705883;0.4901960784313726;0.4901960784313726;3.1372549019607847;2.1568627450980395;1.0784313725490198;6.372549019607844;0.8823529411764707;0.6862745098039216;0.3921568627450981
945;250737;805065;2019_2020;27096;futuro_real;82.71119842829077;0.0;0.0;0.0;0.0;0.0;0.19047619047619047;0.09523809523809523;0.7619047619047619;0.2857142857142857;0.09523809523809523;1.5238095238095237;0.9523809523809523;1.7142857142857142;0.47619047619047616;1.8095238095238095;10.285714285714286;2.9523809523809526;0.19047619047619047;0.38095238095238093
1615;250915;358194;2019_2020;27096;futuro_real;71.25256673511294;12.5;0.0;0.05572755417956657;0.0;0.11145510835913314;0.2786377708978328;0.05572755417956657;0.1671826625386997;0.11145510835913314;0.0;3.7337461300309602;0.6130030959752323;1.3931888544891642;0.6687306501547988;2.061919504643963;1.8947368421052633;3.9009287925696596;0.0;0.11145510835913314
1609;250929;883298;2019_2020;27096;futuro_real;76.73992673992674;0.0;0.0;0.0;0.16780609073958982;0.05593536357986327;0.27967681789931637;0.0;1.006836544437539;0.22374145431945308;0.0;1.7339962709757615;1.230577998756992;2.461155997513984;1.006836544437539;1.0627719080174023;6.264760720944687;3.07644499689248;0.05593536357986327;0.33561218147917965
471;252209;368422;2019_2020;27096;futuro_real;68.67469879518072;0.0;0.0;0.0;0.19108280254777069;0.38216560509554137;0.5732484076433121;0.7643312101910827;0.38216560509554137;1.7197452229299364;0.19108280254777069;0.38216560509554137;0.38216560509554137;1.7197452229299364;0.7643312101910827;3.057324840764331;4.585987261146497;0.19108280254777069;0.19108280254777069;0.19108280254777069
1384;260093;882838;2019_2020;27096;futuro_real;73.20954907161804;0.0;0.0;0.0;0.0;0.0;0.06502890173410404;0.0;0.5202312138728323;0.0;0.06502890173410404;2.2760115606936417;0.9104046242774566;1.1705202312138727;0.7153179190751445;0.4552023121387283;4.5520231213872835;2.1459537572254335;0.32514450867052025;0.32514450867052025
1849;260318;338883;2019_2020;27096;futuro_real;76.57784011220197;16.666666666666664;0.0;0.048674959437533805;0.0;0.19469983775013522;0.048674959437533805;0.048674959437533805;0.0;0.2920497566252028;0.048674959437533805;5.402920497566252;0.43807463493780424;1.0708491076257436;0.6327744726879394;2.628447809626825;2.5310978907517576;3.7966468361276364;0.0;0.1460248783126014
1817;267721;789878;2019_2020;27096;futuro_real;78.1524926686217;11.11111111111111;0.0;0.19812878370941112;0.2971931755641167;0.445789763346175;1.0401761144744084;0.2971931755641167;1.8822234452394055;1.2383048981838194;0.7429829389102917;0.445789763346175;0.7429829389102917;0.7429829389102917;1.1887727022564667;1.2383048981838194;11.689598238855256;0.7429829389102917;1.2383048981838194;0.19812878370941112
1702;268806;924877;2019_2020;27096;futuro_real;76.7402376910017;10.0;0.0;0.15863689776733256;0.21151586368977673;0.7403055229142186;0.6345475910693302;0.21151586368977673;1.0047003525264395;1.9036427732079906;0.15863689776733256;0.21151586368977673;1.1104582843713278;0.7931844888366627;1.745005875440658;0.26439482961222094;9.148061104582844;1.2162162162162162;0.7403055229142186;0.26439482961222094
1555;271676;590468;2019_2020;27096;futuro_real;72.34513274336283;7.142857142857142;0.0;0.05787781350482315;0.0;0.28938906752411575;0.3472668810289389;0.17363344051446944;0.4630225080385852;0.2315112540192926;0.05787781350482315;2.6045016077170415;1.157556270096463;2.02572347266881;1.5048231511254018;1.215434083601286;5.035369774919614;2.662379421221865;0.3472668810289389;0.40514469453376206
745;279387;339475;2019_2020;27096;futuro_real;80.78078078078079;5.555555555555555;100.0;0.12080536912751677;0.0;0.7248322147651006;0.7248322147651006;0.7248322147651006;2.174496644295302;1.6912751677852347;0.4832214765100671;0.12080536912751677;0.3624161073825503;1.570469798657718;2.416107382550335;0.4832214765100671;13.04697986577181;1.087248322147651;1.9328859060402683;0.4832214765100671
1193;284162;790029;2019_2020;27096;futuro_real;69.44444444444444;13.043478260869565;0.0;0.22632020117351215;0.07544006705783737;0.603520536462699;0.3772003352891869;0.7544006705783738;1.1316010058675607;1.1316010058675607;0.3017602682313495;0.4526404023470243;0.603520536462699;1.5088013411567476;1.7351215423302597;1.207041072925398;6.33696563285834;0.4526404023470243;0.15088013411567475;0.07544006705783737
2478;292729;384658;2019_2020;27096;futuro_real;77.363184079602;3.0303030303030303;0.0;0.03631961259079903;0.18159806295399514;0.32687651331719125;0.4358353510895884;0.4358353510895884;1.0895883777239708;0.4721549636803874;0.29055690072639223;1.5980629539951572;0.9079903147699757;1.7070217917675543;1.5617433414043582;0.9079903147699757;6.246973365617433;1.0532687651331718;1.0895883777239708;0.29055690072639223
831;30543;13527;2019_2020;27096;futuro_real;82.15102974828376;0.0;0.0;0.0;0.0;0.0;0.21660649819494587;0.0;0.10830324909747294;0.43321299638989175;0.0;3.8989169675090256;0.21660649819494587;1.624548736462094;1.5162454873646212;3.0324909747292423;2.1660649819494586;4.44043321299639;0.0;0.21660649819494587
858;325696;805056;2019_2020;27096;futuro_real;73.28519855595668;4.3478260869565215;0.0;0.1048951048951049;0.1048951048951049;0.8391608391608392;1.153846153846154;0.4195804195804196;1.2587412587412588;1.7832167832167833;0.3146853146853147;0.7342657342657343;1.048951048951049;1.3636363636363638;2.4125874125874125;0.6293706293706294;10.174825174825175;1.5734265734265735;0.7342657342657343;0.1048951048951049
1234;330169;805451;2019_2020;27096;futuro_real;76.23762376237624;34.48275862068966;100.0;0.7293354943273906;0.0;1.166936790923825;0.7293354943273906;0.2188006482982172;0.8752025931928687;2.1880064829821717;0.4376012965964344;0.9481361426256079;0.2188006482982172;2.9173419773095626;2.0421393841166937;2.0421393841166937;6.053484602917342;0.5105348460291734;0.14586709886547813;0.3646677471636953
532;330690;805068;2019_2020;27096;futuro_real;85.65400843881856;0.0;0.0;0.0;0.0;0.0;0.16917293233082706;0.0;0.16917293233082706;0.6766917293233082;0.0;1.1842105263157894;0.5075187969924811;1.5225563909774436;1.8609022556390977;0.8458646616541353;4.060150375939849;3.3834586466165413;0.0;0.5075187969924811
329;330691;339481;2019_2020;27096;futuro_real;72.61904761904762;0.0;0.0;0.0;0.0;0.0;0.0;0.0;0.547112462006079;0.547112462006079;0.2735562310030395;1.094224924012158;0.8206686930091186;1.6413373860182372;1.094224924012158;0.547112462006079;5.74468085106383;2.462006079027356;0.0;0.547112462006079
1148;331818;805332;2019_2020;27096;futuro_real;75.97597597597597;21.428571428571427;0.0;0.235191637630662;0.156794425087108;0.548780487804878;0.470383275261324;0.078397212543554;2.195121951219512;2.587108013937282;0.078397212543554;0.313588850174216;0.313588850174216;1.411149825783972;4.468641114982578;0.235191637630662;9.956445993031359;0.7839721254355401;0.548780487804878;0.078397212543554
2059;333025;805261;2019_2020;27096;futuro_real;82.31917336394949;5.88235294117647;0.0;0.04371053909664886;0.04371053909664886;0.13113161728994657;0.3496843127731909;0.26226323457989315;0.8305002428363284;0.39339485186983975;0.04371053909664886;1.6172899465760078;0.30597377367654205;1.3550267119961148;1.1364740165128704;1.7484215638659544;9.96600291403594;1.3550267119961148;0.5682370082564352;0.39339485186983975
864;334104;805267;2019_2020;27096;futuro_real;77.00258397932816;17.647058823529413;100.0;0.3125;0.3125;0.4166666666666667;0.9375;0.4166666666666667;2.916666666666667;0.9375;0.9375;0.0;0.625;0.625;1.6666666666666667;0.5208333333333334;13.229166666666668;1.9791666666666667;1.7708333333333335;0.4166666666666667
1779;335217;883397;2019_2020;27096;futuro_real;83.33333333333334;0.0;0.0;0.0;0.050590219224283306;0.20236087689713322;0.30354131534569984;0.10118043844856661;0.7588532883642496;0.657672849915683;0.0;0.45531197301854975;0.8094435075885329;2.681281618887015;2.0236087689713322;1.2141652613827993;10.775716694772344;3.440134907251265;0.10118043844856661;0.25295109612141653
576;335720;876943;2019_2020;27096;futuro_real;63.888888888888886;20.0;0.0;0.3125;0.0;0.46875;1.09375;0.0;1.25;0.78125;0.78125;1.25;0.3125;1.875;2.34375;1.875;7.1875;0.3125;0.46875;0.46875
597;338977;883406;2019_2020;27096;futuro_real;71.42857142857143;14.285714285714285;0.0;0.1507537688442211;0.0;0.3015075376884422;0.6030150753768844;0.1507537688442211;0.3015075376884422;0.0;0.0;3.015075376884422;0.9045226130653266;2.2613065326633164;0.3015075376884422;2.5628140703517586;2.4120603015075375;3.7688442211055273;0.0;0.3015075376884422
2152;351561;831183;2019_2020;27096;futuro_real;77.5831873905429;0.0;0.0;0.0;0.041821561338289966;0.12546468401486988;0.08364312267657993;0.041821561338289966;0.8782527881040892;0.25092936802973975;0.041821561338289966;0.7946096654275093;0.5855018587360594;2.3420074349442377;1.045539033457249;0.4600371747211896;4.014869888475836;1.5892193308550187;0.25092936802973975;0.2927509293680297
1960;353196;886579;2019_2020;27096;futuro_real;83.01158301158301;15.384615384615385;0.0;0.09183673469387754;0.04591836734693877;0.22959183673469388;0.2755102040816326;0.09183673469387754;0.3214285714285714;0.09183673469387754;0.09183673469387754;4.591836734693877;0.3214285714285714;0.7346938775510203;0.7806122448979591;1.8826530612244898;2.433673469387755;3.673469387755102;0.04591836734693877;0.09183673469387754
621;357124;805366;2019_2020;27096;futuro_real;84.27672955974843;11.11111111111111;0.0;0.2898550724637681;0.0;0.5797101449275363;1.7391304347826086;0.2898550724637681;0.43478260869565216;1.4492753623188406;0.2898550724637681;0.8695652173913043;0.7246376811594203;1.5942028985507246;1.8840579710144927;0.43478260869565216;6.3768115942028984;0.14492753623188406;0.14492753623188406;0.2898550724637681
1410;375353;1131302;2019_2020;27096;futuro_real;82.46013667425967;14.285714285714285;0.0;0.12765957446808512;0.0;0.12765957446808512;0.574468085106383;0.19148936170212766;0.8297872340425532;0.3191489361702128;0.12765957446808512;1.0851063829787235;0.4468085106382979;2.3617021276595747;1.021276595744681;1.0851063829787235;5.1063829787234045;1.723404255319149;0.19148936170212766;0.5106382978723405
515;383611;831182;2019_2020;27096;futuro_real;84.17266187050359;25.0;0.0;0.17475728155339806;0.34951456310679613;0.34951456310679613;0.17475728155339806;0.17475728155339806;0.8737864077669902;1.0485436893203883;0.5242718446601942;0.5242718446601942;1.3980582524271845;1.5728155339805825;2.796116504854369;0.5242718446601942;5.766990291262136;1.3980582524271845;0.17475728155339806;0.17475728155339806
584;390609;868711;2019_2020;27096;futuro_real;74.80916030534351;0.0;0.0;0.0;0.0;0.0;0.4623287671232877;0.0;0.4623287671232877;0.1541095890410959;0.0;1.0787671232876712;0.7705479452054794;1.2328767123287672;1.0787671232876712;1.386986301369863;9.246575342465754;3.5445205479452055;0.9246575342465754;0.3082191780821918
287;420869;883338;2019_2020;27096;futuro_real;78.44827586206897;0.0;0.0;0.0;0.0;0.0;0.0;0.313588850174216;2.195121951219512;0.627177700348432;0.627177700348432;1.254355400696864;0.313588850174216;2.508710801393728;0.313588850174216;0.940766550522648;10.662020905923344;2.822299651567944;0.940766550522648;0.313588850174216
1623;422934;876931;2019_2020;27096;futuro_real;71.2468193384224;12.280701754385964;0.0;0.38817005545286504;0.277264325323475;0.99815157116451;1.44177449168207;0.720887245841035;2.3844731977818854;0.831792975970425;0.11090573012939;0.44362292051756;0.6654343807763401;0.831792975970425;1.1090573012939;0.44362292051756;6.598890942698706;1.21996303142329;2.1072088724584104;0.0
1228;434192;883768;2019_2020;27096;futuro_real;80.99838969404188;0.0;0.0;0.0;0.0732899022801303;0.4397394136807818;0.0732899022801303;0.36644951140065146;1.1726384364820848;0.5130293159609121;0.2931596091205212;0.8061889250814332;1.0260586319218241;1.6123778501628665;0.8061889250814332;0.8061889250814332;7.255700325732899;1.5390879478827362;0.5863192182410424;0.5130293159609121
405;434562;883279;2019_2020;27096;futuro_real;72.32704402515722;0.0;0.0;0.0;0.0;0.0;0.0;0.0;0.2222222222222222;0.2222222222222222;0.0;1.1111111111111112;0.8888888888888888;0.6666666666666666;2.2222222222222223;0.6666666666666666;4.888888888888889;1.7777777777777777;0.0;0.0
619;440005;892548;2019_2020;27096;futuro_real;74.10714285714286;0.0;0.0;0.0;0.29079159935379645;1.0177705977382876;1.4539579967689822;0.8723747980613893;2.035541195476575;1.0177705977382876;0.0;0.14539579967689822;0.29079159935379645;2.035541195476575;1.308562197092084;0.43618739903069464;7.4151857835218085;2.47172859450727;1.0177705977382876;0.14539579967689822
344;443987;883743;2019_2020;27096;futuro_real;80.22598870056498;0.0;0.0;0.0;0.26162790697674415;0.0;0.0;0.0;0.26162790697674415;0.26162790697674415;0.0;1.3081395348837208;1.8313953488372092;1.8313953488372092;0.5232558139534883;1.0465116279069766;8.372093023255813;3.6627906976744184;0.0;0.26162790697674415
582;44603;26874;2019_2020;27096;futuro_real;66.23376623376623;0.0;0.0;0.0;0.0;0.30927835051546393;0.0;0.15463917525773196;0.30927835051546393;0.15463917525773196;0.0;1.2371134020618557;1.0824742268041236;2.1649484536082473;0.9278350515463918;2.319587628865979;8.65979381443299;2.319587628865979;0.7731958762886598;0.15463917525773196
1908;447934;882837;2019_2020;27096;futuro_real;72.07678883071553;17.391304347826086;0.0;0.18867924528301888;0.14150943396226415;0.4716981132075472;0.42452830188679247;0.18867924528301888;1.0849056603773586;1.3679245283018868;0.14150943396226415;1.4622641509433962;1.0849056603773586;1.7924528301886793;1.179245283018868;0.8962264150943396;5.849056603773585;1.179245283018868;0.37735849056603776;0.18867924528301888
610;453044;846808;2019_2020;27096;futuro_real;85.01118568232661;9.090909090909092;0.0;0.14754098360655737;0.14754098360655737;0.5901639344262295;0.7377049180327869;0.29508196721311475;2.0655737704918034;1.4754098360655739;0.14754098360655737;0.4426229508196721;2.0655737704918034;1.7704918032786885;1.3278688524590163;0.14754098360655737;19.62295081967213;2.360655737704918;1.0327868852459017;0.29508196721311475
1188;458461;1020999;2019_2020;27096;futuro_real;79.75460122699386;17.77777777777778;100.0;0.6060606060606061;0.07575757575757576;1.590909090909091;0.8333333333333334;0.9848484848484849;1.4393939393939394;1.2878787878787878;0.4545454545454546;0.4545454545454546;0.2272727272727273;1.2121212121212122;1.6666666666666667;0.4545454545454546;8.106060606060607;0.5303030303030303;0.4545454545454546;0.07575757575757576
30;470023;873706;2019_2020;27096;futuro_real;57.14285714285714;0.0;0.0;0.0;0.0;0.0;0.0;0.0;0.0;0.0;0.0;0.0;0.0;6.0;3.0;3.0;3.0;0.0;0.0;0.0
917;473579;876928;2019_2020;27096;futuro_real;83.66762177650429;0.0;0.0;0.0;0.0;0.2944383860414395;0.49073064340239914;0.09814612868047984;0.8833151581243185;1.177753544165758;0.09814612868047984;1.2758996728462377;1.3740458015267176;3.140676117775355;1.668484187568157;1.177753544165758;7.4591057797164675;1.8647764449291169;0.49073064340239914;0.2944383860414395
758;477378;883396;2019_2020;27096;futuro_real;80.10899182561307;0.0;0.0;0.0;0.0;0.47493403693931396;0.23746701846965698;0.11873350923482849;0.9498680738786279;1.1873350923482848;0.11873350923482849;1.3060686015831133;0.5936675461741424;1.8997361477572559;1.0686015831134563;0.5936675461741424;9.854881266490764;2.3746701846965697;0.35620052770448546;0.35620052770448546
1798;477383;883388;2019_2020;27096;futuro_real;74.4807121661721;26.190476190476193;100.0;0.5506117908787541;0.0;1.0511679644048944;0.8509454949944383;0.20022246941045607;0.40044493882091214;0.3003337041156841;1.3515016685205785;1.1512791991101223;0.3003337041156841;0.5506117908787541;0.9510567296996663;2.3526140155728585;4.505005561735262;0.40044493882091214;0.0;0.15016685205784205
1750;482452;922007;2019_2020;27096;futuro_real;76.62037037037037;11.76470588235294;0.0;0.10285714285714287;0.1542857142857143;0.20571428571428574;0.5657142857142857;0.10285714285714287;0.36000000000000004;1.2342857142857144;0.0;4.011428571428572;0.4628571428571429;1.6971428571428573;1.1314285714285715;2.5714285714285716;3.7542857142857144;5.4;0.0;0.1542857142857143
738;483715;883812;2019_2020;27096;futuro_real;70.44025157232704;14.285714285714285;0.0;0.3658536585365854;0.0;0.7317073170731708;0.853658536585366;0.9756097560975611;0.853658536585366;0.3658536585365854;0.24390243902439027;0.9756097560975611;0.48780487804878053;2.439024390243903;2.439024390243903;3.048780487804878;5.609756097560976;0.3658536585365854;0.12195121951219513;0.24390243902439027
1863;486265;882839;2019_2020;27096;futuro_real;79.15151515151516;0.0;0.0;0.0;0.14492753623188406;0.04830917874396135;0.14492753623188406;0.1932367149758454;0.5314009661835749;0.5314009661835749;0.04830917874396135;1.642512077294686;1.1594202898550725;3.140096618357488;1.5458937198067633;1.5458937198067633;6.038647342995169;3.768115942028986;0.14492753623188406;0.2898550724637681
2114;490717;924783;2019_2020;27096;futuro_real;79.23015236567763;6.521739130434782;50.0;0.12771996215704826;0.08514664143803218;0.6811731315042574;0.9366130558183539;0.3405865657521287;2.043519394512772;1.5326395458845792;0.08514664143803218;0.4257332071901609;1.447492904446547;1.1494796594134344;2.767265846736046;1.021759697256386;15.709555345316936;4.214758751182592;0.7663197729422896;0.04257332071901609
1829;501586;877910;2019_2020;27096;futuro_real;71.5542521994135;0.0;0.0;0.0;0.04920721705850191;0.0;0.14762165117550574;0.19682886823400764;0.7873154729360305;0.04920721705850191;0.0;2.5587752870420992;1.2301804264625478;1.5254237288135593;0.9841443411700382;1.2301804264625478;4.182613449972663;2.214324767632586;0.2952433023510115;0.19682886823400764
393;501653;874983;2019_2020;27096;futuro_real;73.71794871794873;0.0;0.0;0.0;0.22900763358778628;0.45801526717557256;0.45801526717557256;0.6870229007633588;0.9160305343511451;2.7480916030534353;1.3740458015267176;0.0;0.9160305343511451;3.6641221374045805;2.0610687022900764;0.45801526717557256;10.763358778625955;0.45801526717557256;0.9160305343511451;0.22900763358778628
697;51225;35621;2019_2020;27096;futuro_real;64.28571428571429;50.0;100.0;0.5164992826398852;0.1291248206599713;0.7747489239598279;0.2582496413199426;0.0;0.9038737446197992;0.1291248206599713;0.7747489239598279;0.6456241032998565;0.0;1.4203730272596844;2.065997130559541;5.810616929698709;5.93974175035868;0.2582496413199426;0.0;0.0
717;515413;874981;2019_2020;27096;futuro_real;61.94690265486725;5.88235294117647;0.0;0.12552301255230125;0.12552301255230125;0.6276150627615062;0.7531380753138075;0.7531380753138075;0.7531380753138075;0.2510460251046025;0.0;2.8870292887029287;0.8786610878661087;2.1338912133891212;0.502092050209205;0.8786610878661087;4.644351464435147;2.00836820083682;0.6276150627615062;0.12552301255230125
178;52358;19110;2019_2020;27096;futuro_real;81.57894736842105;0.0;0.0;0.0;0.0;0.0;0.0;0.0;2.528089887640449;0.0;0.5056179775280899;0.5056179775280899;0.0;1.5168539325842696;3.033707865168539;0.5056179775280899;8.089887640449438;3.033707865168539;1.5168539325842696;0.5056179775280899
1980;54594;790020;2019_2020;27096;futuro_real;70.99023709902372;10.16949152542373;100.0;0.2727272727272727;0.36363636363636365;1.0454545454545454;0.9545454545454546;0.6818181818181818;2.1818181818181817;0.7272727272727273;0.045454545454545456;0.18181818181818182;0.5454545454545454;1.0909090909090908;2.5;0.4090909090909091;10.272727272727273;2.5454545454545454;1.5;0.13636363636363635
999;54934;868724;2019_2020;27096;futuro_real;81.93717277486911;6.666666666666667;0.0;0.1801801801801802;0.0900900900900901;0.990990990990991;1.1711711711711712;0.5405405405405406;2.0720720720720722;2.0720720720720722;0.0900900900900901;0.0900900900900901;1.1711711711711712;2.3423423423423424;3.4234234234234235;1.0810810810810811;8.198198198198199;1.0810810810810811;0.5405405405405406;0.2702702702702703
713;56004;590448;2019_2020;27096;futuro_real;73.27327327327328;0.0;0.0;0.0;0.0;0.25245441795231416;0.6311360448807853;0.0;0.0;0.37868162692847124;0.12622720897615708;2.2720897615708275;0.37868162692847124;2.3983169705469845;1.3884992987377278;2.2720897615708275;5.553997194950911;4.0392706872370265;0.0;0.12622720897615708
206;563397;922874;2019_2020;27096;futuro_real;82.6923076923077;0.0;0.0;0.0;0.0;1.7475728155339807;1.7475728155339807;0.0;0.0;1.7475728155339807;0.8737864077669903;0.8737864077669903;1.3106796116504855;3.9320388349514563;1.7475728155339807;0.8737864077669903;3.4951456310679614;0.4368932038834952;0.0;0.4368932038834952
643;582303;924782;2019_2020;27096;futuro_real;89.37823834196891;20.0;0.0;0.1399688958009331;0.0;0.1399688958009331;0.41990668740279935;0.1399688958009331;0.0;0.0;0.0;0.2799377916018662;0.2799377916018662;2.6594090202177294;1.1197511664074649;1.1197511664074649;5.038880248833593;2.6594090202177294;0.0;0.41990668740279935
1976;582318;924923;2019_2020;27096;futuro_real;85.29688972667296;0.0;0.0;0.0;0.04554655870445344;0.22773279352226722;0.3188259109311741;0.18218623481781376;0.5010121457489879;0.3643724696356275;0.0;1.45748987854251;1.0475708502024292;1.0931174089068827;0.728744939271255;0.728744939271255;5.738866396761134;3.8714574898785425;0.0;0.13663967611336034
978;59947;38516;2019_2020;27096;futuro_real;85.04672897196261;0.0;0.0;0.0;0.0;0.0;0.18404907975460122;0.09202453987730061;0.18404907975460122;0.18404907975460122;0.0;3.8650306748466257;0.460122699386503;1.7484662576687116;0.36809815950920244;1.2883435582822085;2.576687116564417;3.2208588957055215;0.0;0.2760736196319018
558;601307;941867;2019_2020;27096;futuro_real;77.85234899328859;0.0;0.0;0.0;0.0;0.0;0.48387096774193544;0.3225806451612903;0.3225806451612903;1.2903225806451613;0.0;0.3225806451612903;1.6129032258064515;1.2903225806451613;3.7096774193548385;1.7741935483870968;13.225806451612902;3.8709677419354835;0.16129032258064516;0.3225806451612903
973;63183;24651;2019_2020;27096;futuro_real;69.95073891625616;13.333333333333334;0.0;0.18499486125385406;0.0;0.5549845837615621;0.6474820143884892;0.18499486125385406;0.4624871531346351;0.27749229188078106;0.0;5.179856115107913;0.3699897225077081;1.4799588900308325;1.2949640287769784;2.1274409044193217;3.3299075025693727;5.549845837615622;0.18499486125385406;0.27749229188078106
741;63451;26176;2019_2020;27096;futuro_real;77.41935483870968;13.333333333333334;100.0;0.24291497975708504;0.12145748987854252;0.3643724696356276;0.8502024291497977;0.6072874493927126;1.4574898785425103;2.064777327935223;0.6072874493927126;0.12145748987854252;0.4858299595141701;3.1578947368421058;4.493927125506073;0.7287449392712552;5.222672064777329;0.7287449392712552;0.6072874493927126;0.24291497975708504
241;641820;933730;2019_2020;27096;futuro_real;66.66666666666666;14.285714285714285;0.0;0.37344398340248963;0.0;0.0;1.4937759336099585;1.120331950207469;0.37344398340248963;0.7468879668049793;0.7468879668049793;0.37344398340248963;0.0;4.481327800829876;1.8672199170124482;1.4937759336099585;6.348547717842324;0.7468879668049793;0.37344398340248963;1.4937759336099585
450;653365;804780;2019_2020;27096;futuro_real;72.38805970149254;0.0;0.0;0.0;0.0;0.0;0.4;0.0;0.0;0.0;0.0;2.8;0.6;1.6;0.2;0.8;2.8;3.8;0.0;0.8
400;653482;975238;2019_2020;27096;futuro_real;82.53968253968253;0.0;0.0;0.0;0.0;0.0;0.0;0.44999999999999996;1.125;0.6749999999999999;0.22499999999999998;1.125;1.575;1.3499999999999999;1.7999999999999998;0.8999999999999999;3.8249999999999997;2.25;0.22499999999999998;0.22499999999999998
1234;653484;975241;2019_2020;27096;futuro_real;76.40449438202246;0.0;0.0;0.0;0.0;0.0;0.14586709886547813;0.0;0.6564019448946515;0.3646677471636953;0.07293354943273907;1.5316045380875203;1.0940032414910859;1.6045380875202595;1.7504051863857375;0.8022690437601298;5.907617504051864;1.166936790923825;0.2188006482982172;0.0
104;653691;976161;2019_2020;27096;futuro_real;79.06976744186046;0.0;0.0;0.0;0.0;0.0;0.8653846153846154;0.0;0.8653846153846154;2.5961538461538463;0.0;0.0;1.7307692307692308;1.7307692307692308;1.7307692307692308;0.8653846153846154;12.115384615384617;0.0;0.0;0.0
848;656061;977086;2019_2020;27096;futuro_real;75.81120943952803;0.0;0.0;0.0;0.0;0.0;0.4245283018867924;0.0;0.4245283018867924;0.4245283018867924;0.0;1.3797169811320755;1.4858490566037736;2.4410377358490565;0.8490566037735848;1.0613207547169812;6.792452830188679;2.1226415094339623;0.4245283018867924;0.31839622641509435
732;68542;83700;2019_2020;27096;futuro_real;78.68852459016394;4.545454545454546;0.0;0.12295081967213116;0.49180327868852464;0.8606557377049181;1.2295081967213115;0.6147540983606558;2.2131147540983607;1.7213114754098362;0.12295081967213116;0.36885245901639346;0.7377049180327869;0.6147540983606558;2.0901639344262297;0.12295081967213116;10.327868852459018;2.7049180327868854;1.2295081967213115;0.0
927;68910;45882;2019_2020;27096;futuro_real;60.60606060606061;8.695652173913043;100.0;0.1941747572815534;0.0970873786407767;0.6796116504854368;1.1650485436893203;0.3883495145631068;0.2912621359223301;0.0970873786407767;0.9708737864077669;1.5533980582524272;0.2912621359223301;2.524271844660194;1.1650485436893203;3.6893203883495143;3.8834951456310676;0.2912621359223301;0.0;0.48543689320388345
906;72659;33985;2019_2020;27096;futuro_real;73.63896848137536;0.0;0.0;0.0;0.0;0.09933774834437087;0.5960264900662252;0.2980132450331126;0.2980132450331126;0.09933774834437087;0.09933774834437087;3.8741721854304636;0.19867549668874174;0.695364238410596;0.19867549668874174;1.490066225165563;4.668874172185431;5.264900662251656;0.0;0.2980132450331126
360;72673;883342;2019_2020;27096;futuro_real;75.18796992481202;0.0;0.0;0.0;0.0;0.25;0.75;0.5;0.0;0.5;0.0;4.5;1.0;1.0;0.25;2.25;3.75;8.0;0.0;0.25
1650;72680;13532;2019_2020;27096;futuro_real;77.55856966707768;5.88235294117647;0.0;0.05454545454545455;0.27272727272727276;0.38181818181818183;0.32727272727272727;0.2181818181818182;1.4181818181818182;0.8727272727272728;0.0;0.7636363636363637;0.6545454545454545;1.8;2.618181818181818;1.9090909090909092;11.181818181818182;3.0;0.5454545454545455;0.16363636363636364
1376;72684;960217;2019_2020;27096;futuro_real;70.97560975609755;0.0;0.0;0.0;0.26162790697674415;0.39244186046511625;0.7194767441860465;0.19622093023255813;1.9622093023255813;1.7659883720930232;0.19622093023255813;0.3270348837209302;0.6540697674418604;0.4578488372093023;1.7659883720930232;0.3270348837209302;8.372093023255813;1.0465116279069766;1.7659883720930232;0.0
2239;72969;34016;2019_2020;27096;futuro_real;87.98920377867746;6.25;0.0;0.040196516301920504;0.040196516301920504;0.16078606520768202;0.20098258150960252;0.28137561411344353;0.6833407771326485;0.5627512282268871;0.0;0.9245198749441715;0.8843233586422511;1.849039749888343;0.7235372934345691;0.8843233586422511;11.21482804823582;4.662795891022778;0.16078606520768202;0.16078606520768202
2224;72971;26172;2019_2020;27096;futuro_real;76.77725118483413;0.0;0.0;0.0;0.12140287769784172;0.040467625899280574;0.28327338129496404;0.28327338129496404;1.2544964028776977;1.2544964028776977;0.040467625899280574;1.2140287769784173;0.5260791366906474;1.0521582733812949;1.1330935251798562;0.6879496402877697;5.989208633093525;1.9829136690647482;0.8902877697841727;0.20233812949640287
1933;73705;249599;2019_2020;27096;futuro_real;79.96306555863343;10.256410256410255;100.0;0.18623900672529747;0.04655975168132437;0.5587170201758924;0.8380755302638386;0.4190377651319193;1.4899120538023798;0.7915157785825142;0.09311950336264874;0.6983962752198655;1.0708742886704605;2.002069322296948;2.3279875840662183;0.8846352819451629;15.737196068287636;3.2591826176927055;0.7449560269011899;0.09311950336264874
683;73780;38171;2019_2020;27096;futuro_real;78.06691449814126;5.263157894736842;0.0;0.13177159590043924;0.0;0.7906295754026355;0.9224011713030748;0.7906295754026355;1.054172767203514;1.9765739385065886;0.2635431918008785;0.6588579795021963;0.9224011713030748;1.054172767203514;2.898975109809663;1.581259150805271;5.929721815519766;2.767203513909224;0.7906295754026355;0.2635431918008785
1559;74521;73331;2019_2020;27096;futuro_real;80.18691588785046;10.714285714285714;0.0;0.1731879409878127;0.0;0.46183450930083386;1.0391276459268761;0.11545862732520847;0.750481077613855;0.6350224502886466;0.05772931366260423;1.731879409878127;0.8659397049390635;2.0782552918537522;1.731879409878127;1.50096215522771;6.638871071199486;2.1937139191789607;0.11545862732520847;0.28864656831302116
1833;76717;249305;2019_2020;27096;futuro_real;83.89473684210526;0.0;0.0;0.0;0.049099836333878884;0.2945990180032733;0.39279869067103107;0.19639934533551553;0.19639934533551553;0.2945990180032733;0.0;2.995090016366612;0.5891980360065466;1.0801963993453354;1.1783960720130933;2.8968903436988542;4.369885433715221;2.700490998363339;0.09819967266775777;0.3436988543371522
1623;78023;123245;2019_2020;27096;futuro_real;82.34610917537746;0.0;0.0;0.0;0.0;0.11090573012939;0.720887245841035;0.277264325323475;0.44362292051756;0.609981515711645;0.0;1.2754158964879851;0.99815157116451;2.2735674676524953;2.2181146025878;1.6081330868761552;6.765249537892791;3.049907578558225;0.055452865064695;0.44362292051756
1698;82566;38020;2019_2020;27096;futuro_real;78.63372093023256;10.0;0.0;0.053003533568904596;0.10600706713780919;0.15901060070671377;0.15901060070671377;0.21201413427561838;0.6360424028268551;0.901060070671378;0.0;2.7031802120141344;0.31802120141342755;0.9540636042402827;0.42402826855123676;0.8480565371024735;6.572438162544169;2.1731448763250882;0.3710247349823321;0.15901060070671377
799;82567;47397;2019_2020;27096;futuro_real;72.80966767371602;13.333333333333334;0.0;0.2252816020025031;0.0;0.5632040050062578;0.9011264080100124;0.2252816020025031;1.8022528160200249;0.5632040050062578;0.3379224030037547;0.4505632040050062;0.6758448060075094;0.9011264080100124;0.5632040050062578;1.013767209011264;8.448060075093867;1.9148936170212765;1.4643304130162702;0.11264080100125155
1717;82570;924643;2019_2020;27096;futuro_real;81.10236220472441;0.0;0.0;0.0;0.0;0.157251019219569;0.262085032032615;0.209668025626092;0.209668025626092;0.104834012813046;0.104834012813046;4.245777518928363;0.419336051252184;0.209668025626092;0.209668025626092;1.04834012813046;1.991846243447874;4.140943506115317;0.0;0.0
948;82585;38017;2019_2020;27096;futuro_real;79.53890489913545;14.285714285714285;0.0;0.0949367088607595;0.0949367088607595;0.2848101265822785;0.2848101265822785;0.0949367088607595;0.379746835443038;0.189873417721519;0.0;4.082278481012659;0.0949367088607595;1.3291139240506329;0.949367088607595;2.278481012658228;2.848101265822785;3.607594936708861;0.0;0.0949367088607595
1198;82589;133862;2019_2020;27096;futuro_real;78.08219178082192;13.513513513513514;0.0;0.3756260434056761;0.15025041736227043;0.9766277128547579;1.2771285475792988;0.5258764607679466;1.4273789649415691;1.0517529215358932;2.2537562604340566;0.5258764607679466;0.30050083472454087;1.7278797996661102;2.1786310517529213;2.404006677796327;11.419031719532553;0.5258764607679466;0.30050083472454087;0.15025041736227043
1835;84349;47413;2019_2020;27096;futuro_real;75.85616438356165;9.090909090909092;0.0;0.14713896457765668;0.0;0.5885558583106267;0.6376021798365122;0.39237057220708443;1.422343324250681;0.6376021798365122;0.049046321525885554;1.8637602179836512;0.49046321525885556;1.1280653950953679;0.7847411444141689;0.88283378746594;6.376021798365122;3.2861035422343323;1.2752043596730245;0.049046321525885554
985;84506;47439;2019_2020;27096;futuro_real;83.93442622950819;50.0;0.0;0.09137055837563451;0.0;0.0;0.09137055837563451;0.09137055837563451;0.0;0.09137055837563451;0.09137055837563451;3.015228426395939;0.27411167512690354;1.7360406091370557;0.7309644670050761;1.2791878172588833;6.5786802030456855;4.385786802030457;0.0;0.36548223350253806
1883;88042;805231;2019_2020;27096;futuro_real;76.65903890160183;0.0;0.0;0.0;0.0;0.0;0.2867764206054169;0.04779607010090282;0.23898035050451408;0.09559214020180563;0.04779607010090282;4.301646309081254;0.43016463090812534;0.7647371216144451;0.6691449814126395;2.103027084439724;3.584705257567711;4.684014869888476;0.0;0.23898035050451408
1298;89576;819124;2019_2020;27096;futuro_real;80.76923076923077;25.0;0.0;0.20801232665639444;0.06933744221879815;0.4160246533127889;0.34668721109399075;0.06933744221879815;0.1386748844375963;0.0;0.1386748844375963;4.576271186440678;0.7627118644067796;1.5254237288135593;0.8320493066255777;2.288135593220339;2.357473035439137;3.258859784283513;0.0;0.6240369799691834
695;90083;974455;2019_2020;27096;futuro_real;63.81909547738693;12.0;0.0;0.3884892086330935;0.12949640287769784;1.553956834532374;0.9064748201438849;0.776978417266187;1.1654676258992807;0.0;0.6474820143884892;0.5179856115107914;0.12949640287769784;2.0719424460431655;1.4244604316546763;3.107913669064748;7.76978417266187;0.2589928057553957;0.0;0.3884892086330935
1054;94364;946014;2019_2020;27096;futuro_real;64.88888888888889;10.81081081081081;0.0;0.3415559772296015;0.25616698292220114;1.537001897533207;1.0246679316888045;0.5977229601518027;0.9392789373814042;0.5123339658444023;0.5977229601518027;1.2808349146110058;0.08538899430740038;3.2447817836812147;1.537001897533207;4.44022770398482;5.123339658444023;0.42694497153700195;0.17077798861480076;0.17077798861480076
1230;94735;311734;2019_2020;27096;futuro_real;67.11798839458413;0.0;0.0;0.0;0.0;0.07317073170731708;0.5121951219512195;0.21951219512195122;0.5121951219512195;0.21951219512195122;0.14634146341463417;3.2926829268292686;1.6097560975609757;1.3170731707317074;0.8048780487804879;2.1951219512195124;4.024390243902439;5.560975609756098;0.14634146341463417;0.14634146341463417
576;94761;883299;2019_2020;27096;futuro_real;74.84276729559748;22.22222222222222;66.66666666666666;0.625;0.15625;1.25;1.25;0.3125;1.40625;0.46875;1.09375;0.625;0.46875;2.03125;3.125;1.09375;8.125;0.625;0.0;0.0
1342;94877;106371;2019_2020;27096;futuro_real;82.62150220913107;18.181818181818183;0.0;0.13412816691505217;0.0;0.3353204172876304;0.3353204172876304;0.06706408345752608;0.8718330849478391;0.5365126676602087;0.26825633383010433;2.0789865871833086;0.7377049180327868;1.2071535022354694;1.2071535022354694;2.0789865871833086;7.846497764530551;4.493293591654247;0.6035767511177347;0.06706408345752608
1193;95852;123238;2019_2020;27096;futuro_real;81.49532710280374;8.333333333333332;0.0;0.07544006705783737;0.0;0.22632020117351215;0.3772003352891869;0.3017602682313495;0.9807208717518859;0.22632020117351215;0.0;0.6789606035205364;0.9807208717518859;1.2824811399832354;0.5280804694048616;0.8298407376362111;8.0720871751886;2.187761944677284;0.07544006705783737;0.15088013411567475
1352;100497;46980;2020_2021;35813;futuro_real;84.25925925925925;0.0;0.0;0.0;0.06656804733727811;0.06656804733727811;0.1997041420118343;0.06656804733727811;0.26627218934911245;0.0;0.0;3.661242603550296;0.3994082840236686;0.9319526627218935;0.9985207100591716;2.1301775147928996;2.7958579881656807;3.594674556213018;0.26627218934911245;0.13313609467455623
1347;106283;220935;2020_2021;35813;futuro_real;79.28571428571428;16.666666666666664;50.0;0.26726057906458794;0.06681514476614699;0.8017817371937639;0.33407572383073497;0.46770601336302897;0.8685968819599109;0.8017817371937639;0.0;0.9354120267260579;0.8017817371937639;1.670378619153675;0.9354120267260579;0.6681514476614699;10.22271714922049;6.948775055679287;0.6681514476614699;0.13363028953229397
608;108331;47449;2020_2021;35813;futuro_real;71.68141592920354;0.0;0.0;0.0;0.29605263157894735;0.14802631578947367;0.4440789473684211;0.29605263157894735;1.7763157894736843;0.29605263157894735;0.0;0.7401315789473685;1.0361842105263157;1.6282894736842106;3.9967105263157894;0.5921052631578947;13.322368421052632;3.5526315789473686;0.29605263157894735;0.14802631578947367
653;119365;882851;2020_2021;35813;futuro_real;83.51648351648352;0.0;0.0;0.0;0.13782542113323124;0.27565084226646247;1.2404287901990811;0.41347626339969373;0.8269525267993875;0.8269525267993875;0.13782542113323124;0.41347626339969373;0.5513016845329249;0.8269525267993875;1.7917304747320062;0.13782542113323124;11.577335375191424;1.653905053598775;0.5513016845329249;0.13782542113323124
1020;120964;578352;2020_2021;35813;futuro_real;65.35433070866141;12.0;0.0;0.2647058823529412;0.1764705882352941;0.8823529411764706;1.1470588235294117;0.1764705882352941;0.9705882352941176;0.1764705882352941;0.6176470588235293;2.1176470588235294;0.3529411764705882;2.2941176470588234;1.0588235294117647;1.676470588235294;5.470588235294118;0.9705882352941176;0.0;0.2647058823529412
1871;140003;339523;2020_2021;35813;futuro_real;81.18081180811808;25.0;0.0;0.09620523784072689;0.048102618920363445;0.09620523784072689;0.19241047568145378;0.09620523784072689;0.19241047568145378;0.09620523784072689;0.0;4.281133083912347;0.6734366648850882;0.9139497594869055;0.5291288081239979;1.731694281133084;3.463388562266168;3.5114911811865315;0.048102618920363445;0.3367183324425441
1642;146822;339169;2020_2021;35813;futuro_real;80.26315789473685;13.043478260869565;100.0;0.16443361753958588;0.10962241169305725;0.32886723507917176;0.6577344701583435;0.2740560292326431;1.2606577344701584;0.6577344701583435;0.0;1.5347137637028014;0.876979293544458;1.0962241169305724;1.041412911084044;0.8221680876979294;7.1254567600487215;4.3300852618757615;0.7673568818514007;0.2740560292326431
1314;155041;123904;2020_2021;35813;futuro_real;74.17355371900827;7.317073170731707;100.0;0.20547945205479454;0.20547945205479454;0.8904109589041096;1.5068493150684932;0.4109589041095891;2.4657534246575343;0.3424657534246575;0.8904109589041096;0.6164383561643836;0.20547945205479454;1.4383561643835616;1.2328767123287672;4.178082191780822;12.397260273972604;1.0273972602739727;0.3424657534246575;0.136986301369863
1609;169992;786311;2020_2021;35813;futuro_real;78.53658536585367;4.545454545454546;0.0;0.05593536357986327;0.11187072715972654;0.33561218147917965;0.6712243629583593;0.22374145431945308;1.5102548166563083;0.33561218147917965;0.16780609073958982;1.9018023617153512;0.7830950901180859;1.1746426351771286;1.1746426351771286;0.5593536357986327;7.439403356121815;3.8036047234307024;1.2865133623368552;0.16780609073958982
937;176400;220931;2020_2021;35813;futuro_real;84.3558282208589;33.33333333333333;0.0;0.192102454642476;0.288153681963714;0.288153681963714;0.096051227321238;0.192102454642476;0.48025613660618993;0.48025613660618993;0.0;0.288153681963714;0.0;1.0565635005336178;1.7289220917822838;0.9605122732123799;9.509071504802561;0.9605122732123799;0.576307363927428;0.0
1652;187161;560054;2020_2021;35813;futuro_real;75.78378378378379;22.22222222222222;0.0;0.10895883777239711;0.054479418886198554;0.16343825665859565;0.21791767554479421;0.10895883777239711;0.49031476997578693;0.43583535108958843;0.0;3.868038740920097;0.8171912832929783;1.1985472154963681;0.7627118644067797;3.159806295399516;5.720338983050848;6.319612590799032;0.10895883777239711;0.3268765133171913
1227;189283;220921;2020_2021;35813;futuro_real;79.71360381861575;10.0;0.0;0.1466992665036675;0.07334963325183375;0.58679706601467;0.4400977995110025;0.4400977995110025;0.8068459657701712;0.293398533007335;0.293398533007335;1.1002444987775062;0.58679706601467;1.1002444987775062;1.2469437652811737;1.0268948655256724;5.134474327628362;2.7139364303178484;0.1466992665036675;0.0
1540;194999;248059;2020_2021;35813;futuro_real;77.32620320855615;11.538461538461538;100.0;0.17532467532467533;0.2922077922077922;0.4675324675324675;0.35064935064935066;0.7012987012987013;4.5;2.512987012987013;0.05844155844155844;0.17532467532467533;0.7012987012987013;0.8766233766233766;0.935064935064935;0.17532467532467533;16.071428571428573;5.551948051948052;2.8636363636363638;0.05844155844155844
590;195858;826377;2020_2021;35813;futuro_real;75.60975609756098;33.33333333333333;0.0;0.15254237288135594;0.0;0.3050847457627119;0.0;0.15254237288135594;0.6101694915254238;0.15254237288135594;0.15254237288135594;1.8305084745762712;0.3050847457627119;1.8305084745762712;1.5254237288135595;0.4576271186440678;7.322033898305085;5.338983050847458;1.0677966101694916;0.6101694915254238
1751;196037;340077;2020_2021;35813;futuro_real;66.24825662482566;13.432835820895523;100.0;0.46259280411193604;0.35979440319817246;1.2849800114220444;1.3363792118789264;0.8223872073101085;2.569960022844089;1.5933752141633353;0.15419760137064534;1.1307824100513992;0.8223872073101085;1.7989720159908624;3.2381496287835523;1.0793832095945175;13.517989720159909;3.032552826956025;1.901770416904626;0.10279840091376356
841;201043;358202;2020_2021;35813;futuro_real;73.27586206896551;0.0;0.0;0.0;0.1070154577883472;0.0;0.0;0.1070154577883472;0.3210463733650416;0.3210463733650416;0.1070154577883472;2.782401902497027;0.6420927467300832;1.4982164090368608;1.070154577883472;1.9262782401902496;2.8894173602853743;4.922711058263971;0.0;0.2140309155766944
2186;202906;339657;2020_2021;35813;futuro_real;72.3463687150838;34.285714285714285;71.42857142857143;0.49405306495882895;0.4117108874656908;0.8645928636779506;0.32936870997255263;0.24702653247941447;2.140896614821592;1.070448307410796;0.0;0.12351326623970724;0.7410795974382434;0.6999085086916743;2.3467520585544372;0.2881976212259835;8.02836230558097;2.470265324794145;2.22323879231473;0.16468435498627632
2351;207246;249403;2020_2021;35813;futuro_real;80.2653399668325;12.727272727272727;50.0;0.2679710761378137;0.038281582305401955;0.880476393024245;0.6890684814972352;0.5359421522756274;1.5312632922160783;0.6507868991918332;0.22968949383241172;1.2632922160782645;0.4976605699702254;0.9187579753296469;1.1484474691620585;0.6507868991918332;11.7524457677584;3.9430029774564015;1.5312632922160783;0.11484474691620586
708;208714;832001;2020_2021;35813;futuro_real;78.29787234042553;25.0;0.0;0.5084745762711864;0.38135593220338987;0.6355932203389831;1.0169491525423728;0.38135593220338987;1.5254237288135595;0.1271186440677966;1.0169491525423728;0.5084745762711864;0.8898305084745763;3.050847457627119;3.686440677966102;2.415254237288136;9.152542372881356;0.6355932203389831;0.38135593220338987;0.38135593220338987
1178;212434;830663;2020_2021;35813;futuro_real;79.57446808510639;23.076923076923077;87.5;0.6876061120543294;0.30560271646859083;1.3752122241086588;1.2224108658743633;0.38200339558573854;2.5212224108658745;0.6112054329371817;0.534804753820034;0.07640067911714771;0.6112054329371817;1.1460101867572157;2.2156196943972835;0.07640067911714771;11.994906621392191;2.368421052631579;2.2920203735144313;0.22920203735144312
1421;214719;220929;2020_2021;35813;futuro_real;73.64085667215815;3.4482758620689653;0.0;0.0633356790992259;0.0;0.44334975369458124;1.0767065446868402;0.3166783954961295;0.38001407459535536;0.19000703729767768;0.0633356790992259;2.976776917663617;0.9500351864883884;3.610133708655876;1.6467276565798732;4.5601688951442645;6.080225193525686;3.8634764250527796;0.1266713581984518;0.5700211118930331
1098;224670;339177;2020_2021;35813;futuro_real;73.92739273927393;7.142857142857142;0.0;0.0819672131147541;0.0819672131147541;0.3278688524590164;0.7377049180327869;0.0819672131147541;0.9016393442622951;0.24590163934426232;0.1639344262295082;0.5737704918032788;0.4098360655737705;0.5737704918032788;0.49180327868852464;1.7213114754098362;5.983606557377049;1.2295081967213115;0.49180327868852464;0.0819672131147541
692;235508;982178;2020_2021;35813;futuro_real;74.11347517730496;12.5;0.0;0.26011560693641617;0.13005780346820808;0.6502890173410405;0.9104046242774566;0.5202312138728323;0.9104046242774566;0.7803468208092486;0.0;0.26011560693641617;1.560693641618497;3.121387283236994;1.9508670520231213;0.26011560693641617;8.0635838150289;2.991329479768786;1.1705202312138727;0.6502890173410405
1328;250004;312270;2020_2021;35813;futuro_real;72.00772200772201;33.33333333333333;0.0;0.1355421686746988;0.0677710843373494;0.20331325301204817;0.0677710843373494;0.1355421686746988;0.5421686746987951;0.9487951807228915;0.1355421686746988;1.897590361445783;1.0843373493975903;1.8298192771084336;1.1521084337349397;0.338855421686747;6.912650602409638;2.3042168674698793;0.47439759036144574;0.6099397590361445
1469;250482;805353;2020_2021;35813;futuro_real;71.83544303797468;24.444444444444443;0.0;0.673927842069435;0.18379850238257317;1.4091218515997277;0.8577263444520081;0.4901293396868618;1.1027910142954391;0.9802586793737236;1.8379850238257318;0.18379850238257317;0.42886317222600406;2.5731790333560243;2.0830496936691625;0.7964601769911505;5.4526889040163375;0.7964601769911505;0.12253233492171545;0.18379850238257317
1134;250915;358194;2020_2021;35813;futuro_real;81.94444444444444;0.0;0.0;0.0;0.07936507936507936;0.15873015873015872;0.4761904761904762;0.0;0.39682539682539686;0.15873015873015872;0.07936507936507936;3.7301587301587302;0.15873015873015872;1.2698412698412698;0.5555555555555556;1.9841269841269842;3.492063492063492;5.158730158730159;0.2380952380952381;0.2380952380952381
1207;267638;790008;2020_2021;35813;futuro_real;67.25352112676056;15.384615384615385;100.0;0.5965202982601491;0.07456503728251863;1.1930405965202981;1.7895608947804473;0.8947804473902237;0.7456503728251864;1.1930405965202981;0.6710853355426678;1.1930405965202981;0.6710853355426678;1.5658657829328915;1.4913007456503728;2.684341342170671;8.351284175642087;0.5219552609776305;0.22369511184755592;0.29826014913007454
1353;271676;590468;2020_2021;35813;futuro_real;80.53097345132744;0.0;0.0;0.0;0.06651884700665188;0.3325942350332594;0.3325942350332594;0.0;0.532150776053215;0.7317073170731707;0.19955654101995565;1.4634146341463414;0.7317073170731707;2.5277161862527717;1.4634146341463414;1.729490022172949;8.51441241685144;2.328159645232816;0.5986696230598669;0.5986696230598669
935;275266;339171;2020_2021;35813;futuro_real;67.77251184834124;18.181818181818183;0.0;0.3850267379679144;0.0962566844919786;0.7700534759358288;0.8663101604278075;0.48128342245989303;1.4438502673796791;1.1550802139037433;1.1550802139037433;0.7700534759358288;0.8663101604278075;2.213903743315508;2.213903743315508;2.406417112299465;6.834224598930481;0.48128342245989303;0.1925133689839572;0.1925133689839572
1580;279380;883343;2020_2021;35813;futuro_real;70.61068702290076;25.0;0.0;0.056962025316455694;0.0;0.056962025316455694;0.17088607594936708;0.0;0.39873417721518983;0.056962025316455694;0.0;3.6455696202531644;0.5696202531645569;1.9936708860759491;0.6835443037974683;1.9367088607594936;3.816455696202531;2.620253164556962;0.17088607594936708;0.39873417721518983
213;279387;339475;2020_2021;35813;futuro_real;72.0;50.0;100.0;0.4225352112676056;0.0;0.4225352112676056;0.0;0.4225352112676056;0.4225352112676056;0.4225352112676056;0.0;0.4225352112676056;0.8450704225352113;1.6901408450704225;2.535211267605634;0.0;8.028169014084506;0.4225352112676056;0.8450704225352113;0.0
911;292729;384658;2020_2021;35813;futuro_real;78.515625;0.0;0.0;0.0;0.09879253567508234;0.39517014270032935;0.39517014270032935;0.39517014270032935;1.185510428100988;0.7903402854006587;0.19758507135016468;1.3830954994511526;0.296377607025247;1.185510428100988;2.074643249176729;1.2843029637760703;4.742041712403952;0.6915477497255763;1.6794731064763997;0.296377607025247
640;30543;13527;2020_2021;35813;futuro_real;74.67532467532467;0.0;0.0;0.0;0.140625;0.0;0.0;0.0;0.140625;0.0;0.0;5.203125;0.0;0.84375;1.265625;1.828125;1.6875;2.109375;0.0;0.0
1067;320749;385418;2020_2021;35813;futuro_real;65.94202898550725;0.0;0.0;0.0;0.0;0.2530459231490159;0.16869728209934395;0.08434864104967198;0.8434864104967197;0.6747891283973758;0.0;1.8556701030927834;0.5060918462980318;1.6026241799437675;1.1808809746954076;1.7713214620431115;7.928772258669166;2.530459231490159;0.6747891283973758;0.16869728209934395
1261;325591;875662;2020_2021;35813;futuro_real;74.48680351906158;0.0;0.0;0.0;0.07137192704203013;0.2141157811260904;0.6423473433782713;0.07137192704203013;0.49960348929421095;1.570182394924663;0.2854877081681205;0.2854877081681205;0.570975416336241;2.3552735923869945;2.069785884218874;4.068199841395717;6.423473433782712;0.7137192704203014;0.2854877081681205;0.2141157811260904
1346;325726;846366;2020_2021;35813;futuro_real;73.78048780487805;7.6923076923076925;0.0;0.20059435364041606;0.3343239227340267;1.2035661218424962;1.136701337295691;0.2674591381872214;1.7384843982169391;1.4041604754829122;0.6686478454680534;1.0029717682020802;0.2674591381872214;2.0059435364041605;1.8722139673105498;1.6047548291233285;7.622585438335809;0.4011887072808321;0.06686478454680535;0.1337295690936107
960;330169;805451;2020_2021;35813;futuro_real;70.55555555555556;9.67741935483871;0.0;0.28125;0.0;0.75;1.3125;0.84375;0.84375;1.5;0.375;0.75;0.0;1.78125;3.0;1.59375;5.0625;0.65625;0.09375;0.09375
1369;330690;805068;2020_2021;35813;futuro_real;77.28285077951003;0.0;0.0;0.0;0.06574141709276844;0.13148283418553688;0.0;0.19722425127830534;0.7231555880204529;0.13148283418553688;0.0;0.9861212563915267;0.591672753834916;1.7092768444119797;0.6574141709276845;1.183345507669832;5.259313367421476;2.169466764061359;0.19722425127830534;0.26296566837107377
1434;338977;883406;2020_2021;35813;futuro_real;67.72655007949126;0.0;0.0;0.0;0.06276150627615062;0.12552301255230125;0.18828451882845187;0.12552301255230125;0.4393305439330544;0.0;0.18828451882845187;3.1380753138075312;0.6903765690376569;1.8828451882845187;0.18828451882845187;1.6945606694560669;5.334728033472803;5.962343096234309;0.2510460251046025;0.18828451882845187
369;352344;876926;2020_2021;35813;futuro_real;85.08064516129032;0.0;0.0;0.0;0.0;0.0;0.0;0.0;0.0;0.24390243902439027;0.0;1.4634146341463417;0.48780487804878053;0.7317073170731708;1.2195121951219514;1.707317073170732;4.390243902439025;4.390243902439025;0.0;0.0
462;357124;805366;2020_2021;35813;futuro_real;76.0;0.0;0.0;0.0;0.0;0.3896103896103896;0.9740259740259739;0.7792207792207791;0.9740259740259739;0.9740259740259739;0.7792207792207791;0.7792207792207791;0.1948051948051948;2.142857142857143;2.142857142857143;1.3636363636363635;5.064935064935065;0.3896103896103896;0.3896103896103896;0.1948051948051948
1312;35805;20820;2020_2021;35813;futuro_real;78.81136950904393;5.555555555555555;0.0;0.06859756097560976;0.20579268292682928;0.20579268292682928;0.27439024390243905;0.7545731707317074;2.606707317073171;0.13719512195121952;0.06859756097560976;0.9603658536585366;0.7545731707317074;1.2347560975609757;1.8521341463414633;0.9603658536585366;11.52439024390244;5.4192073170731705;1.920731707317073;0.41158536585365857
795;366028;826376;2020_2021;35813;futuro_real;76.69376693766937;0.0;0.0;0.0;0.0;0.0;0.45283018867924524;0.22641509433962262;0.0;0.11320754716981131;0.11320754716981131;0.7924528301886792;1.2452830188679245;1.3584905660377358;2.3773584905660377;1.1320754716981132;5.660377358490566;2.943396226415094;0.0;0.22641509433962262
996;368844;924924;2020_2021;35813;futuro_real;74.27055702917772;0.0;0.0;0.0;0.0;0.09036144578313253;0.18072289156626506;0.0;0.3614457831325301;0.18072289156626506;0.18072289156626506;1.355421686746988;0.3614457831325301;1.8072289156626506;2.1686746987951806;0.45180722891566266;5.692771084337349;2.3493975903614457;0.3614457831325301;0.5421686746987951
1141;375178;805270;2020_2021;35813;futuro_real;79.60396039603961;0.0;0.0;0.0;0.0;0.07887817703768625;0.315512708150745;0.315512708150745;0.23663453111305874;0.39439088518843124;0.07887817703768625;3.865030674846626;0.315512708150745;1.1042944785276074;1.26205083260298;2.8396143733567047;2.681858019281332;5.442594215600351;0.0;0.39439088518843124
916;375364;805259;2020_2021;35813;futuro_real;71.82448036951502;8.823529411764707;0.0;0.29475982532751094;0.19650655021834063;1.0807860262008735;1.3755458515283843;0.8842794759825328;2.554585152838428;0.7860262008733625;0.0;0.29475982532751094;0.5895196506550219;2.8493449781659392;3.3406113537117905;0.6877729257641921;12.77292576419214;3.6353711790393017;0.8842794759825328;0.39301310043668125
1174;390609;868711;2020_2021;35813;futuro_real;72.6457399103139;0.0;0.0;0.0;0.07666098807495741;0.0;0.22998296422487224;0.15332197614991483;0.7666098807495741;0.30664395229982966;0.22998296422487224;1.2265758091993186;0.5366269165247018;0.6132879045996593;0.6132879045996593;1.1499148211243613;4.829642248722317;2.2998296422487225;0.5366269165247018;0.07666098807495741
187;398023;836280;2020_2021;35813;futuro_real;81.17647058823529;20.0;0.0;0.48128342245989303;0.48128342245989303;1.443850267379679;0.48128342245989303;0.48128342245989303;0.48128342245989303;0.48128342245989303;0.48128342245989303;0.0;0.48128342245989303;0.48128342245989303;2.406417112299465;0.48128342245989303;12.513368983957218;0.0;0.9625668449197861;0.0
1854;409092;926640;2020_2021;35813;futuro_real;73.20441988950276;23.809523809523807;100.0;0.24271844660194172;0.0;0.3883495145631068;0.48543689320388345;0.14563106796116504;0.0970873786407767;0.24271844660194172;0.0;4.417475728155339;0.9708737864077669;1.2135922330097086;0.9708737864077669;2.233009708737864;2.6213592233009706;4.077669902912621;0.04854368932038835;0.1941747572815534
815;422855;883329;2020_2021;35813;futuro_real;81.5426997245179;25.0;0.0;0.22085889570552147;0.0;0.33128834355828224;0.33128834355828224;0.22085889570552147;0.7730061349693251;0.7730061349693251;0.0;1.325153374233129;0.8834355828220859;1.7668711656441718;1.7668711656441718;0.44171779141104295;9.276073619631902;2.871165644171779;0.5521472392638037;0.0
1806;422934;876931;2020_2021;35813;futuro_real;75.53058676654182;12.727272727272727;0.0;0.3488372093023256;0.14950166112956811;1.0465116279069768;1.2956810631229236;0.39867109634551495;1.893687707641196;1.345514950166113;0.09966777408637874;0.29900332225913623;0.29900332225913623;0.8471760797342193;1.5448504983388704;0.4983388704318937;12.558139534883722;3.5382059800664454;1.3953488372093024;0.04983388704318937
1850;433698;887125;2020_2021;35813;futuro_real;78.875;0.0;0.0;0.0;0.09729729729729729;0.14594594594594593;0.3405405405405405;0.24324324324324323;0.8756756756756756;0.5837837837837837;0.19459459459459458;1.508108108108108;0.827027027027027;1.1675675675675674;0.7783783783783783;0.6324324324324324;6.081081081081081;3.1135135135135132;0.5837837837837837;0.09729729729729729
1525;434192;883768;2020_2021;35813;futuro_real;78.1437125748503;14.285714285714285;0.0;0.11803278688524592;0.05901639344262296;0.17704918032786887;0.2950819672131148;0.35409836065573774;0.5311475409836066;0.2950819672131148;0.11803278688524592;0.8852459016393444;0.8852459016393444;1.0622950819672132;0.6491803278688525;0.6491803278688525;6.019672131147542;2.832786885245902;0.05901639344262296;0.11803278688524592
490;439631;876929;2020_2021;35813;futuro_real;74.71910112359551;11.538461538461538;0.0;0.5510204081632653;0.36734693877551017;1.836734693877551;1.836734693877551;1.1020408163265305;2.020408163265306;1.836734693877551;0.7346938775510203;0.18367346938775508;0.5510204081632653;1.2857142857142856;2.7551020408163263;1.4693877551020407;12.489795918367346;1.836734693877551;0.5510204081632653;0.36734693877551017
1309;441758;879621;2020_2021;35813;futuro_real;79.59558823529412;0.0;0.0;0.0;0.0;0.13750954927425516;0.20626432391138275;0.0;0.06875477463712758;0.48128342245989303;0.06875477463712758;3.3689839572192515;0.5500381970970206;1.1000763941940412;1.306340718105424;1.9251336898395721;3.1627196333078684;3.8502673796791442;0.0;0.20626432391138275
1110;44603;26874;2020_2021;35813;futuro_real;76.7175572519084;7.6923076923076925;0.0;0.08108108108108107;0.08108108108108107;0.4054054054054054;0.4054054054054054;0.24324324324324323;0.4054054054054054;0.3243243243243243;0.0;2.5945945945945943;0.48648648648648646;1.9459459459459458;0.6486486486486486;2.4324324324324325;8.594594594594595;3.7297297297297294;0.16216216216216214;0.16216216216216214
252;453044;846808;2020_2021;35813;futuro_real;81.75182481751825;0.0;0.0;0.0;0.0;0.35714285714285715;0.35714285714285715;0.35714285714285715;2.5;0.35714285714285715;0.0;0.35714285714285715;1.0714285714285714;0.7142857142857143;0.7142857142857143;0.0;16.42857142857143;2.5;0.35714285714285715;0.7142857142857143
375;483713;882860;2020_2021;35813;futuro_real;77.6978417266187;7.142857142857142;0.0;0.24;0.48;0.96;1.44;0.96;3.36;3.36;0.24;0.0;0.96;3.1199999999999997;3.36;0.24;14.399999999999999;1.68;2.6399999999999997;0.24
1662;483714;883296;2020_2021;35813;futuro_real;79.3929712460064;11.76470588235294;0.0;0.21660649819494587;0.21660649819494587;0.4873646209386282;0.6498194945848376;0.703971119133574;2.003610108303249;1.2996389891696751;0.1624548736462094;0.21660649819494587;0.6498194945848376;1.0830324909747293;2.815884476534296;0.43321299638989175;9.36823104693141;1.2454873646209388;1.407942238267148;0.0
884;483715;883812;2020_2021;35813;futuro_real;65.48223350253807;33.33333333333333;100.0;0.5090497737556561;0.10180995475113122;0.6108597285067873;0.8144796380090498;0.10180995475113122;0.7126696832579185;0.5090497737556561;0.7126696832579185;0.8144796380090498;0.916289592760181;1.832579185520362;1.3235294117647058;2.952488687782805;4.479638009049774;0.30542986425339363;0.0;0.30542986425339363
1204;486265;882839;2020_2021;35813;futuro_real;79.9618320610687;0.0;0.0;0.0;0.0;0.07475083056478406;0.22425249169435216;0.0;0.07475083056478406;0.22425249169435216;0.0;1.196013289036545;1.2707641196013288;2.691029900332226;1.196013289036545;0.8222591362126246;5.53156146179402;3.3637873754152823;0.07475083056478406;0.5980066445182725
1930;486641;879628;2020_2021;35813;futuro_real;82.09876543209876;2.7027027027027026;0.0;0.04663212435233161;0.13989637305699482;0.5595854922279793;0.6062176165803109;0.5595854922279793;1.2590673575129534;0.7927461139896373;0.23316062176165805;0.9792746113989638;0.4196891191709845;1.1191709844559585;1.6321243523316062;0.6994818652849741;11.28497409326425;3.5440414507772022;0.4196891191709845;0.18652849740932645
631;489993;875661;2020_2021;35813;futuro_real;71.14427860696517;0.0;0.0;0.0;0.0;0.28526148969889065;0.0;0.0;0.28526148969889065;0.9984152139461173;0.0;1.2836767036450079;0.5705229793977813;1.8541996830427891;0.42789223454833597;0.8557844690966719;3.7083993660855783;1.1410459587955626;0.5705229793977813;0.42789223454833597
540;491560;975540;2020_2021;35813;futuro_real;79.42583732057416;20.0;0.0;0.16666666666666666;0.0;0.3333333333333333;0.5;0.0;0.6666666666666666;0.0;0.3333333333333333;0.5;1.0;1.1666666666666667;1.6666666666666667;2.0;10.0;1.5;0.3333333333333333;0.0
630;492973;862216;2020_2021;35813;futuro_real;66.66666666666666;0.0;0.0;0.0;0.0;0.2857142857142857;0.2857142857142857;0.14285714285714285;0.0;0.0;0.0;5.142857142857143;0.42857142857142855;1.1428571428571428;0.8571428571428571;2.0;3.142857142857143;4.714285714285714;0.0;0.42857142857142855
1060;494597;922869;2020_2021;35813;futuro_real;78.41880341880342;0.0;0.0;0.0;0.0;0.08490566037735849;0.16981132075471697;0.16981132075471697;0.4245283018867924;0.25471698113207547;0.0;2.0377358490566038;2.632075471698113;3.3962264150943393;1.6981132075471697;0.9339622641509433;7.132075471698113;3.820754716981132;0.08490566037735849;0.6792452830188679
714;51225;35621;2020_2021;35813;futuro_real;68.42105263157895;21.428571428571427;0.0;0.37815126050420167;0.12605042016806722;0.6302521008403361;1.0084033613445378;0.12605042016806722;0.8823529411764706;0.0;0.37815126050420167;0.5042016806722689;0.12605042016806722;0.8823529411764706;1.5126050420168067;2.773109243697479;5.294117647058823;0.12605042016806722;0.0;0.25210084033613445
545;516242;914294;2020_2021;35813;futuro_real;85.55858310626702;0.0;0.0;0.0;0.1651376146788991;0.1651376146788991;0.3302752293577982;0.8256880733944955;2.8073394495412844;0.9908256880733946;0.0;0.4954128440366973;1.1559633027522935;0.8256880733944955;1.651376146788991;0.4954128440366973;18.1651376146789;3.302752293577982;1.981651376146789;0.3302752293577982
1293;528367;893067;2020_2021;35813;futuro_real;80.28169014084507;0.0;0.0;0.0;0.0;0.06960556844547564;0.2088167053364269;0.06960556844547564;0.06960556844547564;0.06960556844547564;0.0;3.6890951276102086;0.13921113689095127;0.974477958236659;1.322505800464037;2.5058004640371228;3.3410672853828305;5.150812064965197;0.0;0.3480278422273782
1799;537255;895364;2020_2021;35813;futuro_real;63.4453781512605;7.317073170731707;0.0;0.1500833796553641;0.1000555864369094;0.6003335186214565;0.8004446914952752;0.6503613118399111;1.5508615897720957;1.0505836575875487;0.3501945525291829;0.45025013896609234;0.9505280711506393;1.350750416898277;2.1011673151750974;0.4002223457476376;5.953307392996109;0.7504168982768206;0.7504168982768206;0.2001111728738188
2144;53847;31175;2020_2021;35813;futuro_real;67.06408345752608;13.513513513513514;100.0;0.41977611940298504;0.33582089552238803;1.3432835820895521;1.2173507462686566;0.5457089552238806;1.6791044776119401;0.5457089552238806;0.37779850746268656;1.8889925373134329;0.41977611940298504;2.0569029850746268;1.7630597014925373;3.1063432835820897;9.151119402985074;1.8470149253731343;0.16791044776119401;0.1259328358208955
899;54594;790020;2020_2021;35813;futuro_real;76.64233576642336;19.230769230769234;100.0;0.5005561735261401;0.20022246941045607;1.1012235817575082;1.2013348164627364;0.3003337041156841;1.1012235817575082;0.6006674082313682;0.10011123470522804;1.0011123470522802;0.8008898776418243;0.9010011123470523;1.4015572858731924;0.40044493882091214;9.410456062291434;1.7018909899888766;1.4015572858731924;0.20022246941045607
1084;581201;924791;2020_2021;35813;futuro_real;86.82170542635659;0.0;0.0;0.0;0.0;0.08302583025830258;0.33210332103321033;0.08302583025830258;0.16605166051660517;0.08302583025830258;0.0;1.411439114391144;1.4944649446494465;2.3247232472324724;1.1623616236162362;0.8302583025830258;5.313653136531365;2.407749077490775;0.08302583025830258;0.4981549815498155
1536;582098;924787;2020_2021;35813;futuro_real;80.1360544217687;0.0;0.0;0.0;0.0;0.17578125;0.234375;0.05859375;0.0;0.1171875;0.17578125;3.28125;0.29296875;1.5234375;0.52734375;1.81640625;4.16015625;5.0390625;0.0;0.3515625
1786;582319;924932;2020_2021;35813;futuro_real;78.38179519595448;0.0;0.0;0.0;0.05039193729003359;0.0;0.20156774916013437;0.10078387458006718;0.8062709966405375;0.8566629339305711;0.05039193729003359;1.2597984322508398;0.45352743561030234;1.612541993281075;0.3023516237402016;0.6550951847704367;9.524076147816348;2.116461366181411;0.9070548712206047;0.1511758118701008
736;582617;925154;2020_2021;35813;futuro_real;76.38190954773869;19.047619047619047;0.0;0.48913043478260876;0.0;1.2228260869565217;0.9782608695652175;0.36684782608695654;1.956521739130435;2.690217391304348;0.7336956521739131;0.12228260869565219;0.6114130434782609;2.078804347826087;3.91304347826087;0.24456521739130438;9.782608695652174;1.5896739130434785;0.8559782608695653;0.24456521739130438
516;59947;38516;2020_2021;35813;futuro_real;70.37037037037037;0.0;0.0;0.0;0.0;0.5232558139534884;0.1744186046511628;0.0;0.0;0.0;0.0;4.709302325581396;0.0;2.2674418604651163;1.3953488372093024;1.0465116279069768;1.744186046511628;3.13953488372093;0.0;0.3488372093023256
1701;610248;943995;2020_2021;35813;futuro_real;76.0485651214128;5.0;0.0;0.052910052910052914;0.0;0.21164021164021166;0.7936507936507937;0.052910052910052914;0.2645502645502646;0.15873015873015875;0.0;4.497354497354498;0.15873015873015875;0.8994708994708995;0.8465608465608466;4.338624338624339;4.2857142857142865;4.973544973544974;0.052910052910052914;0.21164021164021166
615;63273;40927;2020_2021;35813;futuro_real;74.89878542510121;0.0;0.0;0.0;0.0;0.29268292682926833;0.14634146341463417;0.29268292682926833;1.024390243902439;1.024390243902439;0.29268292682926833;0.29268292682926833;0.29268292682926833;0.5853658536585367;3.804878048780488;0.29268292682926833;6.878048780487805;2.6341463414634148;0.7317073170731707;0.29268292682926833
591;63451;26176;2020_2021;35813;futuro_real;81.5068493150685;50.0;0.0;0.30456852791878175;0.0;0.4568527918781726;0.0;0.15228426395939088;0.7614213197969544;0.9137055837563453;0.15228426395939088;0.6091370558375635;0.4568527918781726;2.436548223350254;1.9796954314720814;0.7614213197969544;3.50253807106599;0.4568527918781726;0.6091370558375635;0.4568527918781726
2302;653364;973682;2020_2021;35813;futuro_real;71.9704952581665;12.903225806451612;0.0;0.15638575152041703;0.07819287576020852;0.3518679409209383;0.5473501303214595;0.31277150304083406;1.6029539530842745;0.23457862728062553;0.23457862728062553;1.4465682015638575;0.3518679409209383;0.8992180712423978;1.2510860121633363;1.2510860121633363;8.249348392701998;2.306689834926151;1.8766290182450043;0.15638575152041703
759;653365;804780;2020_2021;35813;futuro_real;84.70948012232415;0.0;0.0;0.0;0.0;0.0;0.0;0.0;0.0;0.0;0.0;4.150197628458498;0.4743083003952569;1.3043478260869565;0.11857707509881422;1.8972332015810276;1.7786561264822134;3.201581027667984;0.0;0.23715415019762845
234;664863;957298;2020_2021;35813;futuro_real;81.53846153846153;0.0;0.0;0.0;0.0;0.3846153846153846;0.0;0.0;0.3846153846153846;0.0;0.0;1.5384615384615383;0.0;1.1538461538461537;0.0;0.7692307692307692;5.0;1.5384615384615383;0.7692307692307692;0.3846153846153846
1459;72659;33985;2020_2021;35813;futuro_real;70.48872180451127;0.0;0.0;0.0;0.0616860863605209;0.4934886908841672;0.2467443454420836;0.3084304318026045;0.4934886908841672;0.3084304318026045;0.0;3.639479095270733;0.3084304318026045;0.616860863605209;0.8019191226867717;1.7888965044551062;4.996572995202193;4.07128169979438;0.1233721727210418;0.1233721727210418
1590;72672;33989;2020_2021;35813;futuro_real;76.01246105919003;50.0;0.0;0.056603773584905655;0.056603773584905655;0.056603773584905655;0.056603773584905655;0.0;0.22641509433962262;0.22641509433962262;0.056603773584905655;3.283018867924528;0.7358490566037735;1.1320754716981132;0.7924528301886792;2.2075471698113205;3.0566037735849054;3.0566037735849054;0.0;0.2830188679245283
1536;72984;34033;2020_2021;35813;futuro_real;70.56672760511883;14.583333333333334;66.66666666666666;0.41015625;0.1171875;0.9375;1.171875;0.703125;0.9375;0.703125;0.41015625;0.76171875;0.703125;1.81640625;1.81640625;3.1640625;8.37890625;1.46484375;0.17578125;0.05859375
941;73705;249599;2020_2021;35813;futuro_real;79.11877394636015;22.22222222222222;0.0;0.19128586609989373;0.09564293304994687;0.4782146652497343;0.19128586609989373;0.19128586609989373;2.2954303931987248;0.7651434643995749;0.09564293304994687;0.8607863974495218;0.38257173219978746;1.3390010626992561;1.9128586609989373;1.1477151965993624;12.52922422954304;2.869287991498406;0.8607863974495218;0.0
234;738715;1016979;2020_2021;35813;futuro_real;84.4155844155844;0.0;0.0;0.0;0.0;0.3846153846153846;0.0;0.3846153846153846;0.3846153846153846;1.1538461538461537;0.0;0.3846153846153846;0.7692307692307692;2.3076923076923075;1.1538461538461537;0.0;11.153846153846153;1.1538461538461537;1.1538461538461537;0.0
1761;738716;1016972;2020_2021;35813;futuro_real;68.4873949579832;18.64406779661017;0.0;0.5621805792163543;0.30664395229982966;1.4310051107325383;1.3287904599659284;0.2555366269165247;1.2265758091993186;0.919931856899489;0.30664395229982966;1.3798977853492334;0.3577512776831346;1.737649063032368;1.0732538330494037;2.8620102214650767;7.563884156729131;0.7666098807495741;0.30664395229982966;0.10221465076660988
2247;76605;107591;2020_2021;35813;futuro_real;79.50138504155125;14.285714285714285;0.0;0.0801068090787717;0.04005340453938585;0.2403204272363151;0.20026702269692925;0.12016021361815755;0.12016021361815755;0.0801068090787717;0.04005340453938585;3.164218958611482;0.4806408544726302;1.361815754339119;0.801068090787717;1.1615487316421897;1.64218958611482;3.4045393858477975;0.0801068090787717;0.28037383177570097
2294;76717;249305;2020_2021;35813;futuro_real;82.56684491978609;11.11111111111111;0.0;0.07846556233653008;0.03923278116826504;0.2746294681778553;0.3530950305143854;0.07846556233653008;0.2746294681778553;0.1961639058413252;0.0;4.629468177855275;0.43156059285091547;0.902353966870096;0.7061900610287708;2.471665213600698;2.863993025283348;3.5309503051438536;0.0;0.11769834350479512
812;76942;108190;2020_2021;35813;futuro_real;78.21522309711287;0.0;0.0;0.0;0.0;0.0;0.11083743842364532;0.11083743842364532;0.0;0.0;0.0;3.435960591133005;0.22167487684729065;1.4408866995073892;0.33251231527093594;1.3300492610837438;4.322660098522167;6.87192118226601;0.0;0.33251231527093594
2051;82589;133862;2020_2021;35813;futuro_real;79.45516458569807;17.02127659574468;50.0;0.3510482691370064;0.43881033642125794;0.7898586055582643;0.8776206728425159;0.39492930277913213;1.8430034129692834;1.3603120429058997;0.9653827401267675;0.0438810336421258;0.43881033642125794;1.7552413456850318;1.9746465138956608;1.2286689419795223;13.164310092637738;1.4041930765480255;0.7020965382740127;0.1755241345685032
1235;84349;47413;2020_2021;35813;futuro_real;68.87966804979253;12.5;0.0;0.07287449392712551;0.0;0.21862348178137653;0.29149797570850206;0.07287449392712551;1.3117408906882593;1.3117408906882593;0.0;1.8218623481781377;0.43724696356275305;1.0202429149797572;1.3117408906882593;1.45748987854251;9.546558704453442;4.809716599190284;1.45748987854251;0.07287449392712551
865;89576;819124;2020_2021;35813;futuro_real;81.13695090439276;50.0;0.0;0.10404624277456648;0.0;0.20809248554913296;0.0;0.0;0.20809248554913296;0.10404624277456648;0.10404624277456648;6.346820809248555;0.6242774566473989;1.7687861271676302;0.7283236994219654;2.184971098265896;1.6647398843930636;3.3294797687861273;0.0;0.5202312138728324
493;90506;33798;2020_2021;35813;futuro_real;67.56756756756756;22.22222222222222;50.0;0.36511156186612576;0.0;0.7302231237322515;0.7302231237322515;0.18255578093306288;0.9127789046653144;0.36511156186612576;0.36511156186612576;0.7302231237322515;0.36511156186612576;0.9127789046653144;2.5557809330628802;1.643002028397566;5.841784989858012;0.36511156186612576;0.0;0.18255578093306288
2003;90674;147293;2020_2021;35813;futuro_real;83.0167597765363;21.052631578947366;0.0;0.17973040439340987;0.0;0.4493260109835247;0.3145282076884673;0.08986520219670494;0.22466300549176235;0.04493260109835247;0.13479780329505742;4.1787319021467795;0.17973040439340987;1.2581128307538691;0.8087868197703445;2.8307538691962058;1.7074388417373938;2.5162256615077383;0.04493260109835247;0.3145282076884673
1393;94328;34031;2020_2021;35813;futuro_real;67.84140969162996;20.0;50.0;0.5814788226848528;0.12921751615218952;1.2921751615218953;1.1629576453697057;0.45226130653266333;0.6460875807609476;0.19382627422828427;0.5168700646087581;0.7106963388370423;0.19382627422828427;1.4860014357501794;1.8736539842067481;3.424264178033022;3.811916726489591;0.19382627422828427;0.0;0.0
386;94364;946014;2020_2021;35813;futuro_real;59.4059405940594;7.142857142857142;0.0;0.23316062176165803;0.0;0.46632124352331605;2.098445595854922;0.6994818652849741;1.6321243523316062;0.0;0.6994818652849741;1.6321243523316062;0.0;2.3316062176165806;2.5647668393782386;6.994818652849741;6.761658031088083;0.0;0.0;0.6994818652849741
360;94450;994148;2020_2021;35813;futuro_real;76.38888888888889;12.5;0.0;0.25;0.25;1.25;0.5;0.25;2.0;1.0;0.0;1.0;0.75;1.75;1.75;1.25;11.0;1.75;1.5;0.25
448;94451;1120309;2020_2021;35813;futuro_real;82.85714285714286;0.0;0.0;0.0;0.0;0.0;0.20089285714285715;0.20089285714285715;0.20089285714285715;0.4017857142857143;0.4017857142857143;1.2053571428571428;0.20089285714285715;1.2053571428571428;2.2098214285714284;0.8035714285714286;5.223214285714286;0.8035714285714286;0.20089285714285715;0.0
1373;94735;311734;2020_2021;35813;futuro_real;65.6896551724138;0.0;0.0;0.0;0.0;0.26219956300072833;0.19664967225054625;0.13109978150036417;0.3277494537509104;0.3277494537509104;0.19664967225054625;4.195193008011653;1.2454479242534595;1.9664967225054624;1.4420975965040057;2.3597960670065548;4.981791697013838;7.013838310269483;0.26219956300072833;0.26219956300072833
1352;94761;883299;2020_2021;35813;futuro_real;72.02216066481995;14.285714285714285;0.0;0.3328402366863905;0.06656804733727811;0.9319526627218935;0.8653846153846154;0.5325443786982249;1.1316568047337279;0.3328402366863905;0.9319526627218935;0.9319526627218935;0.1997041420118343;1.331360946745562;1.5976331360946745;3.062130177514793;8.78698224852071;0.665680473372781;0.0;0.1997041420118343
1617;94820;125100;2020_2021;35813;futuro_real;73.06889352818372;0.0;0.0;0.0;0.0;0.16697588126159557;0.05565862708719852;0.11131725417439704;0.44526901669758817;0.05565862708719852;0.16697588126159557;2.337662337662338;0.5565862708719852;2.226345083487941;0.5565862708719852;0.9461966604823748;4.452690166975882;1.3358070500927646;0.16697588126159557;0.38961038961038963
1461;95852;123238;2020_2021;35813;futuro_real;81.15727002967358;16.666666666666664;0.0;0.12320328542094455;0.0;0.2464065708418891;0.36960985626283366;0.12320328542094455;0.2464065708418891;0.4928131416837782;0.0;1.6632443531827514;0.6160164271047227;1.2320328542094454;0.8624229979466118;1.4784394250513346;5.1129363449691985;2.464065708418891;0.061601642710472276;0.2464065708418891
1592;96309;897009;2020_2021;35813;futuro_real;62.13592233009708;33.33333333333333;100.0;0.621859296482412;0.22613065326633164;0.9610552763819095;0.7349246231155778;0.16959798994974873;1.4698492462311556;0.16959798994974873;0.5653266331658291;0.9610552763819095;0.22613065326633164;1.6394472361809045;1.1871859296482412;4.692211055276382;5.709798994974874;0.4522613065326633;0.05653266331658291;0.0
890;99329;46971;2020_2021;35813;futuro_real;61.87845303867403;33.33333333333333;100.0;0.5056179775280899;0.0;0.6067415730337078;0.7078651685393258;0.20224719101123595;0.5056179775280899;0.10112359550561797;1.2134831460674156;1.0112359550561798;0.10112359550561797;1.7191011235955056;0.9101123595505618;3.9438202247191008;4.449438202247191;0.10112359550561797;0.10112359550561797;0.3033707865168539
2383;100197;162603;2021_2022;40118;futuro_real;84.43017656500803;0.0;0.0;0.0;0.07553503986571548;0.03776751993285774;0.07553503986571548;0.07553503986571548;0.6798153587914394;0.8308854385228703;0.03776751993285774;1.1330255979857322;0.9064204783885859;1.9639110365086025;1.7373059169114562;0.8686529584557281;8.422156945027277;2.152748636172891;0.03776751993285774;0.3776751993285774
2407;100497;46980;2021_2022;40118;futuro_real;79.10085054678008;33.33333333333333;0.0;0.03739094308267553;0.0;0.07478188616535106;0.0;0.03739094308267553;0.14956377233070212;0.03739094308267553;0.0;3.5521395928541755;0.8599916909015373;0.9347735770668882;0.6730369754881596;1.3834648940589946;2.9912754466140425;3.103448275862069;0.03739094308267553;0.2617366015787287
2877;106283;220935;2021_2022;40118;futuro_real;81.3894523326572;3.225806451612903;100.0;0.09384775808133473;0.1251303441084463;0.9697601668404588;1.2825860271115745;0.6569343065693432;1.470281543274244;0.8133472367049009;0.0;1.845672575599583;1.5328467153284673;1.6892596454640252;0.8759124087591241;0.6569343065693432;12.857142857142858;9.54118873826903;0.8759124087591241;0.31282586027111575
931;111130;115187;2021_2022;40118;futuro_real;63.54679802955665;22.727272727272727;0.0;0.48335123523093443;0.0;1.1600429645542427;0.870032223415682;0.09667024704618689;1.3533834586466165;0.19334049409237378;0.6766917293233082;1.1600429645542427;0.38668098818474755;2.416756176154672;1.2567132116004296;4.930182599355532;4.930182599355532;0.0;0.0;0.19334049409237378
1043;119365;882851;2021_2022;40118;futuro_real;80.43912175648703;9.523809523809524;0.0;0.1725790987535954;0.0862895493767977;0.5177372962607862;0.9491850431447747;0.3451581975071908;2.2435282837967403;1.3806327900287632;0.2588686481303931;0.0862895493767977;1.0354745925215725;0.6903163950143816;1.5532118887823587;0.0862895493767977;11.476510067114095;4.055608820709492;1.2080536912751678;0.1725790987535954
1079;120964;578352;2021_2022;40118;futuro_real;62.55707762557078;25.925925925925924;100.0;0.5838739573679332;0.0;0.7506950880444856;1.1677479147358665;0.3336422613531047;0.5838739573679332;0.16682113067655235;1.2511584800741427;1.5013901760889712;0.4170528266913809;2.0018535681186282;1.6682113067655235;2.5857275254865617;3.753475440222428;0.5004633920296571;0.0;0.25023169601482853
821;123418;107388;2021_2022;40118;futuro_real;82.53521126760563;0.0;0.0;0.0;0.0;0.0;0.32886723507917176;0.10962241169305725;0.438489646772229;1.4250913520097443;0.0;0.32886723507917176;1.6443361753958587;0.7673568818514007;1.8635809987819734;0.438489646772229;7.1254567600487215;2.8501827040194887;0.2192448233861145;0.438489646772229
2294;124244;122618;2021_2022;40118;futuro_real;79.32454695222405;4.0;0.0;0.03923278116826504;0.03923278116826504;0.2746294681778553;0.5492589363557105;0.15693112467306017;0.23539668700959024;0.15693112467306017;0.07846556233653008;3.2955536181342637;0.5492589363557105;1.1377506538796862;0.3923278116826504;2.1185701830863124;4.394071490845684;5.453356582388841;0.03923278116826504;0.3530950305143854
1721;126042;110856;2021_2022;40118;futuro_real;71.46496815286623;27.586206896551722;100.0;0.41836141778036023;0.5229517722254503;0.7321324811156305;0.5229517722254503;0.26147588611272515;2.8762347472399767;0.6275421266705403;0.05229517722254503;0.10459035444509006;0.8367228355607205;1.6211504938988959;0.8367228355607205;0.3660662405578152;11.295758280069727;3.399186519465427;2.0918070889018012;0.15688553166763508
1413;127459;169935;2021_2022;40118;futuro_real;75.0;20.0;0.0;0.5732484076433121;0.0;1.0828025477707006;1.2738853503184715;0.5095541401273885;1.1464968152866242;0.8280254777070064;0.5095541401273885;0.8280254777070064;0.06369426751592357;1.2101910828025477;1.5286624203821657;1.4649681528662422;6.114649681528663;0.7643312101910829;0.0;0.0
2420;140931;107596;2021_2022;40118;futuro_real;75.0559284116331;8.333333333333332;0.0;0.0371900826446281;0.0;0.1487603305785124;0.2975206611570248;0.0;0.371900826446281;0.8553719008264463;0.0;3.6818181818181817;0.5206611570247934;1.7851239669421488;0.4834710743801653;1.56198347107438;3.644628099173554;3.3471074380165287;0.1115702479338843;0.4462809917355372
1550;149527;249875;2021_2022;40118;futuro_real;62.7177700348432;5.128205128205128;0.0;0.11612903225806452;0.11612903225806452;0.7548387096774194;0.9290322580645162;0.5806451612903226;1.5096774193548388;2.032258064516129;0.5806451612903226;0.17419354838709677;0.40645161290322585;1.4516129032258065;2.032258064516129;0.4645161290322581;6.967741935483871;0.11612903225806452;0.8709677419354839;0.34838709677419355
2776;149622;176285;2021_2022;40118;futuro_real;77.71966527196653;0.0;0.0;0.0;0.032420749279538905;0.06484149855907781;0.324207492795389;0.032420749279538905;0.19452449567723343;0.032420749279538905;0.19452449567723343;4.538904899135447;0.19452449567723343;0.9077809798270893;0.38904899135446686;2.2370317002881843;1.1995677233429394;3.5338616714697406;0.0;0.09726224783861671
1799;170616;176289;2021_2022;40118;futuro_real;85.36285362853629;0.0;0.0;0.0;0.1000555864369094;0.1000555864369094;0.2501389660922735;0.0500277932184547;0.8004446914952752;0.500277932184547;0.0500277932184547;1.9510839355197334;0.8504724847137299;2.1511951083935523;0.500277932184547;1.200667037242913;6.153418565869928;2.201222901612007;0.1000555864369094;0.500277932184547
1065;178104;340349;2021_2022;40118;futuro_real;58.333333333333336;21.21212121212121;100.0;0.5915492957746479;0.5915492957746479;0.9295774647887324;1.2676056338028168;0.5915492957746479;1.2676056338028168;1.5211267605633803;0.7605633802816901;1.1830985915492958;0.2535211267605634;2.5352112676056335;2.873239436619718;4.901408450704225;3.549295774647887;0.9295774647887324;0.0;0.3380281690140845
2489;178893;590310;2021_2022;40118;futuro_real;77.88778877887789;6.329113924050633;0.0;0.1807955002008839;0.2892728003214142;0.976295701084773;1.1932503013258338;0.6870229007633588;3.0735235034150263;1.1932503013258338;0.2892728003214142;0.3615910004017678;0.6508638007231821;1.3017276014463641;2.24186420249096;0.9401366010445963;15.295299316994777;3.0012053033346726;1.5548413017276015;0.21695460024106067
2168;180911;789965;2021_2022;40118;futuro_real;67.18938480096502;0.0;0.0;0.0;0.0;0.12453874538745388;0.4151291512915129;0.16605166051660517;1.5774907749077491;0.6642066420664207;0.08302583025830258;1.5774907749077491;0.996309963099631;1.0793357933579335;1.868081180811808;0.6642066420664207;6.392988929889299;3.9437269372693726;2.4907749077490777;0.3736162361623616
2442;189283;220921;2021_2022;40118;futuro_real;81.60261651676205;0.0;0.0;0.0;0.0;0.29484029484029484;0.18427518427518427;0.036855036855036855;0.257985257985258;0.5896805896805897;0.0;3.796068796068796;0.36855036855036855;1.6953316953316953;0.6633906633906634;1.031941031941032;3.906633906633907;3.538083538083538;0.07371007371007371;0.3316953316953317
2248;195858;826377;2021_2022;40118;futuro_real;72.34285714285714;0.0;0.0;0.0;0.0400355871886121;0.0800711743772242;0.3202846975088968;0.1601423487544484;0.6405693950177936;0.400355871886121;0.0400355871886121;2.882562277580071;0.5604982206405694;1.0008896797153024;1.1610320284697508;0.9608540925266904;8.487544483985765;4.0836298932384345;0.4403914590747331;0.2402135231316726
2649;196037;340077;2021_2022;40118;futuro_real;70.03257328990227;18.0327868852459;100.0;0.3737259343148358;0.33975084937712347;1.0192525481313703;0.7474518686296716;0.30577576443941107;2.6160815402038504;1.1551528878822197;0.20385050962627407;0.30577576443941107;0.6455266138165345;1.4949037372593432;2.276330690826727;0.7474518686296716;8.867497168742922;1.2570781426953568;2.4801812004530013;0.10192525481313704
2321;207246;249403;2021_2022;40118;futuro_real;81.75046554934823;15.789473684210526;0.0;0.3489875053856097;0.11632916846186989;0.9694097371822491;0.8918569582076692;0.3489875053856097;1.008186126669539;0.5816458423093495;0.19388194743644982;0.23265833692373977;0.23265833692373977;1.008186126669539;0.9306333476949591;0.9306333476949591;10.54717794054287;2.908229211546747;0.6979750107712194;0.15510555794915984
2085;214719;220929;2021_2022;40118;futuro_real;79.39110070257611;11.428571428571429;0.0;0.1726618705035971;0.08633093525179855;0.6906474820143884;0.5179856115107914;0.302158273381295;0.5179856115107914;0.1726618705035971;0.1726618705035971;1.5971223021582732;0.4748201438848921;2.460431654676259;2.5035971223021583;2.330935251798561;4.618705035971223;3.58273381294964;0.08633093525179855;0.6906474820143884
1739;224670;339177;2021_2022;40118;futuro_real;76.8160741885626;33.33333333333333;0.0;0.15526164462334674;0.0;0.15526164462334674;0.3105232892466935;0.0;0.20701552616446234;0.15526164462334674;0.051753881541115584;2.846463484761357;0.7245543415756182;0.7763082231167338;0.4140310523289247;2.1736630247268542;3.1569867740080504;3.4157561817136286;0.051753881541115584;0.25876940770557794
2818;242546;1100345;2021_2022;40118;futuro_real;77.72685609532539;0.0;0.0;0.0;0.0319375443577005;0.063875088715401;0.28743789921930446;0.063875088715401;0.255500354861604;0.127750177430802;0.0319375443577005;4.311568488289567;0.44712562100780695;1.0539389638041163;0.4151880766501065;2.012065294535131;2.618878637331441;3.8005677785663594;0.0319375443577005;0.19162526614620298
2091;248094;828836;2021_2022;40118;futuro_real;82.63546798029556;11.363636363636363;0.0;0.2152080344332855;0.1721664275466284;0.8177905308464849;0.6456241032998565;0.430416068866571;1.1621233859397417;0.9038737446197991;0.3012912482065997;0.6886657101865136;0.7317073170731707;0.3443328550932568;1.6786226685796268;0.6456241032998565;11.836441893830703;1.5925394548063128;0.7747489239598278;0.0430416068866571
509;249967;925232;2021_2022;40118;futuro_real;81.69014084507043;0.0;0.0;0.0;0.0;0.0;0.1768172888015717;0.0;0.0;0.3536345776031434;0.5304518664047151;2.475442043222004;0.0;2.298624754420432;1.5913555992141453;2.298624754420432;2.298624754420432;2.6522593320235757;0.1768172888015717;0.5304518664047151
1837;249975;339843;2021_2022;40118;futuro_real;75.3479125248509;7.6923076923076925;100.0;0.14697876973326074;0.24496461622210125;0.6859009254218835;0.7348938486663037;0.4899292324442025;1.0778443113772456;0.8328796951551443;0.8328796951551443;0.8328796951551443;0.587915078933043;1.8127381600435493;1.95971692977681;2.00870985302123;7.054980947196516;0.2939575394665215;0.24496461622210125;0.195971692977681
1325;250004;312270;2021_2022;40118;futuro_real;71.78988326848248;0.0;0.0;0.0;0.06792452830188679;0.2037735849056604;0.27169811320754716;0.06792452830188679;1.2226415094339624;0.4075471698113208;0.06792452830188679;1.0867924528301887;2.445283018867925;2.1056603773584905;0.9509433962264151;0.2037735849056604;8.69433962264151;2.445283018867925;1.0867924528301887;0.339622641509434
1438;250437;589448;2021_2022;40118;futuro_real;81.52327221438645;13.636363636363635;0.0;0.18776077885952713;0.12517385257301808;0.37552155771905427;0.6884561891515995;0.3129346314325452;0.6258692628650904;0.06258692628650904;0.12517385257301808;0.9388038942976356;1.1891515994436717;2.4408901251738526;1.3143254520166898;1.7524339360222532;7.948539638386648;3.8803894297635604;0.06258692628650904;0.3129346314325452
1773;260094;873704;2021_2022;40118;futuro_real;78.61702127659575;0.0;0.0;0.0;0.0;0.10152284263959391;0.20304568527918782;0.20304568527918782;0.5076142131979695;0.7106598984771574;0.0;2.33502538071066;1.3705583756345179;1.218274111675127;0.5583756345177665;1.116751269035533;8.934010152284264;3.197969543147208;0.20304568527918782;0.20304568527918782
2392;260324;339163;2021_2022;40118;futuro_real;76.4961915125136;3.125;0.0;0.037625418060200665;0.2633779264214047;0.07525083612040133;0.7525083612040133;0.37625418060200666;2.483277591973244;0.5267558528428093;0.15050167224080266;1.5050167224080266;0.677257525083612;1.3168896321070234;0.451505016722408;1.0535117056856187;7.6755852842809364;2.934782608695652;1.8436454849498327;0.338628762541806
720;267549;589438;2021_2022;40118;futuro_real;69.60352422907489;0.0;0.0;0.0;0.0;0.125;0.125;0.125;0.5;0.125;0.125;4.125;0.875;1.875;0.25;1.75;3.875;2.125;0.625;0.25
1621;271676;590468;2021_2022;40118;futuro_real;75.62724014336918;7.142857142857142;0.0;0.055521283158544106;0.1665638494756323;0.2776064157927205;0.22208513263417642;0.2776064157927205;0.9438618136952498;0.49969154842689695;0.11104256631708821;1.7766810610734114;1.6656384947563232;2.220851326341764;0.8883405305367057;0.8883405305367057;5.718692165330043;2.331893892658852;0.555212831585441;0.2776064157927205
2290;288320;602184;2021_2022;40118;futuro_real;73.40553549939831;15.0;0.0;0.11790393013100438;0.0;0.314410480349345;0.314410480349345;0.1572052401746725;0.314410480349345;0.19650655021834063;0.039301310043668124;3.6157205240174677;0.39301310043668125;0.943231441048035;0.7860262008733625;1.2183406113537119;3.0262008733624457;3.458515283842795;0.07860262008733625;0.2751091703056769
826;292729;384658;2021_2022;40118;futuro_real;77.09923664122137;0.0;0.0;0.0;0.0;0.10895883777239711;0.6537530266343826;0.10895883777239711;1.089588377723971;0.3268765133171913;0.0;0.9806295399515739;0.5447941888619855;1.6343825665859566;1.1985472154963681;0.9806295399515739;4.576271186440678;1.9612590799031477;0.9806295399515739;0.21791767554479421
1666;312151;826380;2021_2022;40118;futuro_real;76.73860911270984;29.03225806451613;0.0;0.4861944777911164;0.10804321728691475;0.5942376950780311;0.7022809123649459;0.37815126050420167;1.134453781512605;0.7563025210084033;0.2160864345738295;0.4861944777911164;0.6482593037214885;1.296518607442977;2.7551020408163263;0.432172869147659;7.5630252100840325;1.6206482593037213;0.4861944777911164;0.37815126050420167
2771;320749;385418;2021_2022;40118;futuro_real;72.57889009793253;13.636363636363635;0.0;0.09743774810537713;0.09743774810537713;0.19487549621075426;0.3247924936845904;0.19487549621075426;0.8444604835799351;0.45470949115842657;0.0;2.0137134608444605;0.7145434861060989;1.0393359797906894;0.6495849873691808;0.747022735474558;6.268495128112595;2.1761097076867557;0.7145434861060989;0.3247924936845904
1217;325591;875662;2021_2022;40118;futuro_real;69.58041958041959;7.4074074074074066;0.0;0.14790468364831552;0.0;0.5176663927691043;1.257189811010682;0.2218570254724733;1.1092851273623665;0.961380443714051;0.5176663927691043;0.8134757600657354;0.3697617091207888;1.6269515201314708;1.848808545603944;2.218570254724733;6.729663105998356;0.7395234182415776;0.6655710764174199;0.14790468364831552
457;325706;883389;2021_2022;40118;futuro_real;74.67811158798283;0.0;0.0;0.0;0.19693654266958427;0.39387308533916854;0.39387308533916854;0.5908096280087528;2.166301969365427;0.7877461706783371;0.39387308533916854;0.9846827133479212;1.5754923413566742;2.954048140043764;3.3479212253829322;2.3632385120350112;10.437636761487965;1.9693654266958425;1.3785557986870898;0.9846827133479212
1404;325711;790018;2021_2022;40118;futuro_real;72.0524017467249;25.0;0.0;0.06410256410256411;0.19230769230769232;0.06410256410256411;0.19230769230769232;0.0;0.8974358974358975;0.25641025641025644;0.19230769230769232;1.9871794871794872;1.0256410256410258;2.435897435897436;0.7692307692307693;0.8974358974358975;6.730769230769231;2.1794871794871797;0.7051282051282052;0.5128205128205129
1062;330691;339481;2021_2022;40118;futuro_real;70.16949152542374;0.0;0.0;0.0;0.0847457627118644;0.0847457627118644;0.1694915254237288;0.0847457627118644;0.3389830508474576;0.3389830508474576;0.1694915254237288;2.4576271186440675;0.1694915254237288;1.5254237288135593;0.5932203389830508;1.1864406779661016;3.559322033898305;1.4406779661016949;0.423728813559322;0.0847457627118644
297;334104;805267;2021_2022;40118;futuro_real;79.08163265306123;25.0;0.0;0.30303030303030304;0.0;0.6060606060606061;0.30303030303030304;0.30303030303030304;3.6363636363636367;0.30303030303030304;0.30303030303030304;0.0;0.6060606060606061;0.9090909090909092;0.9090909090909092;0.9090909090909092;15.151515151515152;2.7272727272727275;1.2121212121212122;0.30303030303030304
1585;356381;873703;2021_2022;40118;futuro_real;75.0;9.523809523809524;0.0;0.11356466876971609;0.0;0.34069400630914826;0.5678233438485805;0.28391167192429023;0.8517350157728707;0.34069400630914826;0.17034700315457413;0.9652996845425867;0.7949526813880127;1.135646687697161;1.476340694006309;0.9652996845425867;6.870662460567823;2.1577287066246056;0.7381703470031545;0.22712933753943218
861;357124;805366;2021_2022;40118;futuro_real;77.61904761904762;66.66666666666666;0.0;0.4181184668989547;0.10452961672473868;0.20905923344947736;0.31358885017421606;0.10452961672473868;1.3588850174216027;1.5679442508710801;0.20905923344947736;1.4634146341463414;0.5226480836236934;1.4634146341463414;0.5226480836236934;0.8362369337979094;4.494773519163763;0.4181184668989547;0.5226480836236934;0.10452961672473868
516;368844;924924;2021_2022;40118;futuro_real;63.81578947368421;0.0;0.0;0.0;0.1744186046511628;0.1744186046511628;0.1744186046511628;0.0;0.3488372093023256;0.3488372093023256;0.0;2.441860465116279;1.569767441860465;1.744186046511628;1.2209302325581395;0.6976744186046512;4.011627906976744;1.3953488372093024;0.3488372093023256;0.6976744186046512
1392;375178;805270;2021_2022;40118;futuro_real;83.56890459363959;33.33333333333333;0.0;0.12931034482758622;0.06465517241379311;0.12931034482758622;0.1939655172413793;0.06465517241379311;0.3232758620689655;0.12931034482758622;0.06465517241379311;2.7155172413793105;0.06465517241379311;1.3577586206896552;0.8405172413793104;1.875;2.7155172413793105;5.237068965517241;0.0;0.4525862068965517
268;375364;805259;2021_2022;40118;futuro_real;71.07438016528926;12.5;0.0;0.33582089552238803;0.0;1.007462686567164;1.007462686567164;0.6716417910447761;2.6865671641791042;0.33582089552238803;0.0;1.3432835820895521;1.3432835820895521;3.0223880597014925;2.3507462686567164;0.33582089552238803;9.738805970149253;2.6865671641791042;2.6865671641791042;0.6716417910447761
68;390609;868711;2021_2022;40118;futuro_real;50.0;0.0;0.0;0.0;0.0;0.0;0.0;1.3235294117647058;0.0;0.0;0.0;0.0;0.0;1.3235294117647058;0.0;0.0;2.6470588235294117;2.6470588235294117;0.0;0.0
1749;420864;879629;2021_2022;40118;futuro_real;65.50522648083623;18.461538461538463;0.0;0.6174957118353345;0.051457975986277875;1.2864493996569468;1.6981132075471699;0.3602058319039451;0.6689536878216124;1.0291595197255574;0.7718696397941681;0.411663807890223;0.411663807890223;0.8747855917667239;1.646655231560892;1.234991423670669;3.910806174957118;0.5145797598627787;0.30874785591766724;0.051457975986277875
855;425260;1016015;2021_2022;40118;futuro_real;74.50980392156863;0.0;0.0;0.0;0.21052631578947367;0.7368421052631579;0.5263157894736842;0.631578947368421;2.4210526315789473;2.526315789473684;0.21052631578947367;0.21052631578947367;1.1578947368421053;1.6842105263157894;1.263157894736842;0.5263157894736842;9.894736842105264;1.7894736842105263;1.1578947368421053;0.631578947368421
1699;434955;883293;2021_2022;40118;futuro_real;89.84156570363467;22.22222222222222;0.0;0.10594467333725721;0.052972336668628606;0.26486168334314303;0.10594467333725721;0.10594467333725721;0.42377869334902885;1.4302530900529724;0.052972336668628606;0.953502060035315;0.9005297233666864;2.1188934667451442;1.2713360800470865;0.42377869334902885;8.42260153031195;2.4896998234255445;0.0;0.10594467333725721
2887;442677;896879;2021_2022;40118;futuro_real;79.16376306620208;0.0;0.0;0.0;0.031174229303775548;0.12469691721510219;0.7170072739868376;0.15587114651887773;0.3740907516453066;0.21821960512642882;0.15587114651887773;2.7121579494284727;0.21821960512642882;0.9975753377208175;0.31174229303775547;1.4340145479736752;3.5538621406304123;5.0190509179078635;0.062348458607551095;0.1870453758226533
1075;446662;883813;2021_2022;40118;futuro_real;72.10401891252955;0.0;0.0;0.0;0.0;0.08372093023255814;0.08372093023255814;0.0;0.0;0.0;0.0;4.855813953488372;0.41860465116279066;1.3395348837209302;0.41860465116279066;1.758139534883721;2.344186046511628;2.511627906976744;0.0;0.9209302325581395
1694;458461;1020999;2021_2022;40118;futuro_real;82.46913580246914;12.280701754385964;100.0;0.371900826446281;0.10625737898465171;1.062573789846517;1.3282172373081464;0.6375442739079102;1.2750885478158205;0.9563164108618654;0.4781582054309327;0.4781582054309327;0.42502951593860683;0.9031877213695395;1.859504132231405;0.9031877213695395;7.225501770956316;0.9031877213695395;0.26564344746162927;0.21251475796930341
2128;473579;876928;2021_2022;40118;futuro_real;76.87074829931973;0.0;0.0;0.0;0.042293233082706765;0.1268796992481203;0.21146616541353383;0.2537593984962406;0.6766917293233082;1.099624060150376;0.1268796992481203;1.987781954887218;0.8458646616541353;1.43796992481203;1.43796992481203;0.6766917293233082;4.609962406015037;1.2265037593984962;1.0573308270676691;0.29605263157894735
1273;475116;883142;2021_2022;40118;futuro_real;70.97791798107255;7.317073170731707;100.0;0.21209740769835037;0.2827965435978005;1.0604870384917517;1.131186174391202;0.7069913589945012;1.131186174391202;0.9897879025923016;0.7069913589945012;0.565593087195601;0.9897879025923016;2.0502749410840533;3.888452474469757;1.4139827179890023;6.928515318146112;0.6362922230950511;0.9190887666928516;0.42419481539670073
1850;477378;883396;2021_2022;40118;futuro_real;76.32911392405063;14.285714285714285;0.0;0.048648648648648644;0.19459459459459458;0.048648648648648644;0.19459459459459458;0.09729729729729729;1.654054054054054;1.4108108108108106;0.29189189189189185;0.9729729729729729;0.5837837837837837;0.6324324324324324;0.9729729729729729;0.5351351351351351;8.172972972972973;1.9459459459459458;0.6324324324324324;0.0
90;481192;876304;2021_2022;40118;futuro_real;81.48148148148148;0.0;0.0;0.0;0.0;0.0;1.0;0.0;0.0;0.0;0.0;7.0;0.0;0.0;0.0;2.0;3.0;8.0;0.0;0.0
950;483715;883812;2021_2022;40118;futuro_real;68.42105263157895;18.181818181818183;0.0;0.5684210526315789;0.09473684210526316;1.4210526315789473;1.0421052631578946;0.6631578947368422;1.5157894736842106;0.37894736842105264;1.8947368421052633;0.8526315789473684;0.28421052631578947;1.231578947368421;1.231578947368421;3.126315789473684;5.305263157894737;0.6631578947368422;0.09473684210526316;0.18947368421052632
1498;486264;883339;2021_2022;40118;futuro_real;74.88921713441654;0.0;0.0;0.0;0.06008010680907877;0.0;0.0;0.0;0.48064085447263016;0.30040053404539385;0.0;3.124165554072096;1.3217623497997328;0.9612817089452603;0.6608811748998664;1.021361815754339;5.587449933244326;3.604806408544726;0.24032042723631508;0.30040053404539385
1225;489993;875661;2021_2022;40118;futuro_real;72.91242362525459;9.090909090909092;0.0;0.07346938775510205;0.0;0.2938775510204082;0.44081632653061226;0.07346938775510205;0.6612244897959184;0.44081632653061226;0.0;1.836734693877551;0.8816326530612245;1.689795918367347;0.3673469387755102;1.1755102040816328;6.09795918367347;2.8653061224489798;0.7346938775510204;0.3673469387755102
441;494597;922869;2021_2022;40118;futuro_real;74.70588235294117;0.0;0.0;0.0;0.0;0.0;0.2040816326530612;0.4081632653061224;0.2040816326530612;0.6122448979591836;0.0;1.0204081632653061;1.0204081632653061;3.061224489795918;1.4285714285714284;1.4285714285714284;4.081632653061225;3.061224489795918;0.2040816326530612;0.4081632653061224
891;51225;35621;2021_2022;40118;futuro_real;63.39869281045751;33.33333333333333;0.0;0.7070707070707071;0.0;0.9090909090909091;0.8080808080808081;0.40404040404040403;0.8080808080808081;0.10101010101010101;0.8080808080808081;1.1111111111111112;0.30303030303030304;1.1111111111111112;1.3131313131313131;5.555555555555555;3.7373737373737375;0.20202020202020202;0.10101010101010101;0.20202020202020202
1471;516242;914294;2021_2022;40118;futuro_real;78.74251497005989;0.0;0.0;0.0;0.24473147518694766;0.36709721278042146;0.6730115567641061;0.24473147518694766;1.8354860639021073;0.8565601631543167;0.0;0.24473147518694766;0.6730115567641061;1.1624745071380014;1.9578518014955812;0.30591434398368456;11.624745071380014;3.7321549966009515;1.8966689326988442;0.12236573759347383
743;54594;790020;2021_2022;40118;futuro_real;74.09638554216868;3.125;0.0;0.12113055181695827;0.48452220726783307;0.6056527590847913;2.0592193808882904;1.2113055181695827;3.3916554508748313;0.7267833109017496;0.0;0.12113055181695827;0.8479138627187078;0.7267833109017496;1.5746971736204574;0.6056527590847913;15.868102288021532;3.0282637954239564;1.2113055181695827;0.0
2233;56004;590448;2021_2022;40118;futuro_real;77.95004306632214;3.225806451612903;0.0;0.040304523063143756;0.0;0.3627407075682938;0.6851768920734438;0.20152261531571877;0.40304523063143755;0.5239587998208688;0.040304523063143756;2.8213166144200628;0.6448723690103001;1.8943125839677564;1.6121809225257502;2.4988804299149128;5.199283475145545;3.6677115987460818;0.040304523063143756;0.24182713837886252
1200;581201;924791;2021_2022;40118;futuro_real;80.76109936575054;50.0;100.0;0.22499999999999998;0.0;0.075;0.375;0.0;0.6;0.375;0.075;1.875;2.55;1.65;1.3499999999999999;0.3;4.2749999999999995;3.5999999999999996;0.0;0.525
1226;59947;38516;2021_2022;40118;futuro_real;77.4294670846395;12.5;0.0;0.0734094616639478;0.0;0.2202283849918434;0.367047308319739;0.0;0.0734094616639478;0.1468189233278956;0.0734094616639478;3.5236541598694946;0.2936378466557912;0.8809135399673736;0.367047308319739;0.8075040783034259;1.9086460032626429;3.450244698205547;0.0;0.5872756933115824
1530;621023;975924;2021_2022;40118;futuro_real;79.76782752902156;8.333333333333332;0.0;0.058823529411764705;0.0;0.058823529411764705;0.35294117647058826;0.29411764705882354;0.7647058823529411;0.4117647058823529;0.058823529411764705;0.8823529411764706;0.7647058823529411;1.7647058823529411;1.2941176470588236;0.5882352941176471;5.411764705882353;2.6470588235294117;0.0;0.4117647058823529
1790;628328;932088;2021_2022;40118;futuro_real;81.04575163398692;7.6923076923076925;0.0;0.10055865921787709;0.0;0.3016759776536313;0.553072625698324;0.4525139664804469;0.8547486033519552;1.7094972067039105;0.15083798882681565;0.3016759776536313;1.005586592178771;1.458100558659218;1.4078212290502794;0.35195530726256985;9.553072625698324;1.3575418994413408;0.5027932960893855;0.25139664804469275
459;63451;26176;2021_2022;40118;futuro_real;87.2;42.857142857142854;50.0;0.5882352941176471;0.3921568627450981;0.5882352941176471;0.3921568627450981;0.3921568627450981;0.9803921568627452;2.1568627450980395;0.19607843137254904;0.19607843137254904;0.9803921568627452;1.1764705882352942;2.3529411764705883;0.7843137254901962;8.23529411764706;0.7843137254901962;0.7843137254901962;0.19607843137254904
2092;653476;973650;2021_2022;40118;futuro_real;69.31216931216932;17.073170731707318;100.0;0.3011472275334608;0.12906309751434034;0.6883365200764818;0.9034416826003825;0.17208413001912046;1.1615678776290632;0.9464627151051626;0.25812619502868067;0.38718929254302104;0.7743785850860421;1.118546845124283;2.4952198852772467;0.6883365200764818;4.3021032504780115;0.38718929254302104;0.6022944550669216;0.08604206500956023
947;653689;973635;2021_2022;40118;futuro_real;72.63157894736842;22.22222222222222;0.0;0.1900739176346357;0.0;0.1900739176346357;0.3801478352692714;0.28511087645195354;0.7602956705385427;0.47518479408658926;0.09503695881731784;2.470960929250264;0.8553326293558606;1.1404435058078142;0.7602956705385427;0.8553326293558606;3.801478352692714;2.0908130939809926;0.3801478352692714;0.28511087645195354
2100;662699;973664;2021_2022;40118;futuro_real;75.43859649122807;10.81081081081081;0.0;0.17142857142857143;0.08571428571428572;0.6857142857142857;0.7285714285714286;0.17142857142857143;1.5857142857142859;0.8142857142857143;0.08571428571428572;1.1142857142857143;0.8142857142857143;1.542857142857143;2.0571428571428574;1.1142857142857143;8.057142857142857;1.3714285714285714;1.3285714285714287;0.2571428571428572
165;662708;988299;2021_2022;40118;futuro_real;66.0377358490566;0.0;0.0;0.0;0.5454545454545455;1.090909090909091;0.5454545454545455;0.5454545454545455;0.5454545454545455;0.0;0.0;0.0;0.5454545454545455;2.181818181818182;1.090909090909091;1.6363636363636365;6.0;0.0;0.0;0.0
323;664362;931772;2021_2022;40118;futuro_real;78.1456953642384;0.0;0.0;0.0;0.0;0.0;0.0;0.0;0.2786377708978328;0.5572755417956656;0.0;2.2291021671826625;0.2786377708978328;1.1145510835913313;1.1145510835913313;1.393188854489164;2.5077399380804954;2.786377708978328;0.2786377708978328;0.5572755417956656
1284;670060;1090706;2021_2022;40118;futuro_real;78.17460317460318;16.363636363636363;66.66666666666666;0.6308411214953271;0.0;1.542056074766355;1.3317757009345794;0.9813084112149533;1.0514018691588785;0.5607476635514018;0.5607476635514018;0.4205607476635514;0.2102803738317757;1.8925233644859811;3.014018691588785;0.911214953271028;6.728971962616822;0.2803738317757009;0.14018691588785046;0.07009345794392523
1151;671538;975958;2021_2022;40118;futuro_real;84.9507735583685;0.0;0.0;0.0;0.07819287576020852;0.23457862728062553;0.7037358818418766;0.23457862728062553;0.9383145091225021;0.07819287576020852;0.0;1.5638575152041703;1.3292788879235446;2.267593397046047;1.0165073848827106;1.094700260642919;9.539530842745439;4.144222415291051;0.23457862728062553;0.46915725456125107
1105;671879;1049088;2021_2022;40118;futuro_real;77.17842323651453;0.0;0.0;0.0;0.0;0.24434389140271492;1.0588235294117647;0.24434389140271492;0.4072398190045249;0.4072398190045249;0.08144796380090497;2.443438914027149;1.1402714932126696;1.7104072398190044;1.5475113122171944;1.7104072398190044;6.271493212669683;2.199095022624434;0.08144796380090497;0.6515837104072397
2058;67439;974451;2021_2022;40118;futuro_real;82.41965973534971;7.4074074074074066;0.0;0.08746355685131195;0.08746355685131195;0.30612244897959184;0.6997084548104956;0.1749271137026239;2.142857142857143;1.1807580174927113;0.08746355685131195;0.8746355685131195;0.7434402332361516;1.793002915451895;3.4110787172011663;0.3935860058309038;11.28279883381924;3.1486880466472305;1.4868804664723032;0.30612244897959184
2677;72971;26172;2021_2022;40118;futuro_real;83.59293873312565;14.285714285714285;0.0;0.03361972357116175;0.0672394471423235;0.0672394471423235;0.03361972357116175;0.134478894284647;1.0085917071348525;1.210310048561823;0.0;0.8068733657078819;0.36981695928277925;0.6387747478520732;1.075831154277176;0.8068733657078819;7.127381397086291;1.3111692192753082;0.6723944714232349;0.10085917071348524
2131;73705;249599;2021_2022;40118;futuro_real;77.71428571428571;15.384615384615385;85.71428571428571;0.25340215861098075;0.25340215861098075;0.6757390896292821;0.4645706241201314;0.5068043172219615;2.2806194274988267;1.267010793054904;0.16893477240732052;0.8869075551384327;0.8446738620366026;1.1825434068512435;1.7738151102768653;0.8024401689347724;12.923510089160018;3.2097606757390897;1.4781792585640545;0.29563585171281087
1175;741727;1018255;2021_2022;40118;futuro_real;78.6046511627907;0.0;0.0;0.0;0.07659574468085106;0.0;0.07659574468085106;0.3829787234042553;0.6893617021276596;1.225531914893617;0.4595744680851064;0.7659574468085106;0.6893617021276596;1.9148936170212767;3.6;0.5361702127659574;6.357446808510638;1.8382978723404255;0.30638297872340425;0.2297872340425532
561;789198;1017747;2021_2022;40118;futuro_real;76.38376383763837;33.33333333333333;0.0;0.16042780748663102;0.0;0.16042780748663102;0.32085561497326204;0.0;0.16042780748663102;0.0;0.0;3.5294117647058822;0.9625668449197861;2.2459893048128343;0.8021390374331551;0.9625668449197861;2.406417112299465;3.6898395721925135;0.0;0.48128342245989303
2772;82566;38020;2021_2022;40118;futuro_real;69.61206896551724;13.043478260869565;0.0;0.09740259740259741;0.06493506493506493;0.2597402597402597;0.2597402597402597;0.22727272727272727;0.487012987012987;0.6818181818181818;0.032467532467532464;2.727272727272727;0.2597402597402597;0.8441558441558441;0.38961038961038963;1.6233766233766234;5.357142857142857;1.4285714285714286;0.42207792207792205;0.19480519480519481
876;82570;924643;2021_2022;40118;futuro_real;78.419452887538;0.0;0.0;0.0;0.0;0.0;0.20547945205479454;0.3082191780821918;0.20547945205479454;0.10273972602739727;0.10273972602739727;5.856164383561644;0.3082191780821918;0.7191780821917809;0.5136986301369864;1.2328767123287672;2.671232876712329;3.493150684931507;0.0;0.4109589041095891
583;82577;38024;2021_2022;40118;futuro_real;75.0915750915751;33.33333333333333;0.0;0.30874785591766724;0.4631217838765008;0.30874785591766724;0.0;0.6174957118353345;2.3156089193825045;0.7718696397941681;0.15437392795883362;0.30874785591766724;0.7718696397941681;0.9262435677530017;2.1612349914236706;0.0;14.51114922813036;1.8524871355060033;1.8524871355060033;0.4631217838765008
1641;84506;47439;2021_2022;40118;futuro_real;84.9002849002849;0.0;0.0;0.0;0.0;0.0;0.2742230347349177;0.16453382084095064;0.10968921389396709;0.054844606946983544;0.0;2.6325411334552102;0.21937842778793418;1.8098720292504569;0.3839122486288848;1.3711151736745886;3.9488117001828154;4.113345521023766;0.054844606946983544;0.3290676416819013
1438;94406;73666;2021_2022;40118;futuro_real;71.54811715481172;8.333333333333332;100.0;0.18776077885952713;0.06258692628650904;0.6884561891515995;0.9388038942976356;0.6258692628650904;2.0027816411682893;0.5632823365785814;0.06258692628650904;1.3143254520166898;0.5006954102920723;0.6884561891515995;0.7510431154381085;0.6884561891515995;7.510431154381084;4.819193324061196;1.439499304589708;0.3129346314325452
659;94447;960216;2021_2022;40118;futuro_real;75.9090909090909;0.0;0.0;0.0;0.0;0.27314112291350534;0.0;0.0;0.27314112291350534;0.27314112291350534;0.0;3.0045523520485586;1.6388467374810318;1.7754172989377845;0.27314112291350534;0.9559939301972686;3.8239757207890746;1.5022761760242793;0.0;0.6828528072837633
1738;94735;311734;2021_2022;40118;futuro_real;68.4729064039409;23.52941176470588;0.0;0.20713463751438435;0.0;0.3624856156501726;0.25891829689298046;0.25891829689298046;0.31070195627157654;0.3624856156501726;0.15535097813578827;3.521288837744534;1.3463751438434983;1.087456846950518;1.087456846950518;1.6570771001150748;4.090909090909091;3.1070195627157653;0.05178365937859609;0.31070195627157654
1976;94761;883299;2021_2022;40118;futuro_real;74.64114832535886;23.4375;100.0;0.6831983805668016;0.09109311740890688;1.2753036437246963;1.2297570850202428;0.409919028340081;1.4119433198380567;0.09109311740890688;0.8653846153846154;0.18218623481781376;0.3643724696356275;1.45748987854251;1.5030364372469636;1.4119433198380567;5.784412955465587;0.3188259109311741;0.0;0.04554655870445344
996;94880;46988;2021_2022;40118;futuro_real;88.68894601542416;11.76470588235294;50.0;0.18072289156626506;0.09036144578313253;0.9036144578313253;0.6325301204819277;0.0;1.8975903614457832;0.6325301204819277;0.09036144578313253;0.3614457831325301;1.8072289156626506;1.4457831325301205;2.3493975903614457;0.6325301204819277;19.789156626506024;5.602409638554217;1.4457831325301205;0.5421686746987951
2039;95852;123238;2021_2022;40118;futuro_real;85.10427010923534;18.181818181818183;0.0;0.08827856792545366;0.0;0.13241785188818048;0.26483570377636095;0.08827856792545366;0.4855321235899951;0.4855321235899951;0.0;1.544874938695439;0.7503678273663561;1.4565963707699854;1.0593428151054438;1.015203531142717;6.576753310446297;3.8842569887199607;0.0;0.13241785188818048
964;96295;46992;2021_2022;40118;futuro_real;78.26086956521739;0.0;0.0;0.0;0.09336099585062241;0.09336099585062241;0.18672199170124482;0.18672199170124482;0.0;0.09336099585062241;0.18672199170124482;5.881742738589212;0.09336099585062241;1.6804979253112033;0.18672199170124482;2.1473029045643157;1.2136929460580914;2.3340248962655603;0.0;0.46680497925311204
978;96309;897009;2021_2022;40118;futuro_real;69.1304347826087;22.22222222222222;100.0;0.5521472392638036;0.09202453987730061;1.3803680981595092;0.8282208588957055;0.2760736196319018;1.1042944785276072;0.2760736196319018;1.1042944785276072;1.196319018404908;0.36809815950920244;0.920245398773006;1.5644171779141103;4.601226993865031;5.521472392638037;0.36809815950920244;0.0;0.09202453987730061
2739;100197;162603;2022_2023;48078;futuro_real;84.5662100456621;0.0;0.0;0.0;0.0;0.0;0.09857612267250822;0.0;0.4600219058050383;0.7886089813800657;0.0;1.0186199342825848;1.3472070098576123;1.5772179627601315;1.380065717415115;0.8214676889375685;4.830230010952903;1.8400876232201533;0.0;0.29572836801752467
1920;102784;107293;2022_2023;48078;futuro_real;81.32250580046404;3.225806451612903;0.0;0.046875;0.234375;0.28125;0.75;0.421875;1.828125;1.40625;0.09375;0.09375;1.03125;1.3125;1.125;0.421875;14.4375;2.25;1.078125;0.234375
1387;103817;311524;2022_2023;48078;futuro_real;82.4074074074074;0.0;0.0;0.0;0.1946647440519106;0.1946647440519106;0.2595529920692141;0.1946647440519106;1.0382119682768565;0.4542177361211247;0.06488824801730353;1.6870944484498918;1.4924297043979813;1.9466474405191059;0.7786589762076424;0.4542177361211247;7.137707281903388;4.152847873107426;0.5839942321557318;0.4542177361211247
408;105834;1018128;2022_2023;48078;futuro_real;68.18181818181817;0.0;0.0;0.0;0.0;0.4411764705882353;0.6617647058823529;0.4411764705882353;1.1029411764705883;0.22058823529411764;0.4411764705882353;0.22058823529411764;0.0;1.1029411764705883;1.1029411764705883;1.5441176470588236;5.073529411764706;1.3235294117647058;0.4411764705882353;0.22058823529411764
160;111130;115187;2022_2023;48078;futuro_real;65.78947368421053;0.0;0.0;0.0;0.5625;0.5625;3.375;0.0;1.6875;0.0;0.5625;1.125;1.125;3.9375;1.6875;4.5;7.3125;0.0;0.5625;1.125
425;119365;882851;2022_2023;48078;futuro_real;84.7328244274809;0.0;0.0;0.0;0.21176470588235294;0.4235294117647059;0.8470588235294118;0.21176470588235294;2.7529411764705882;1.4823529411764707;0.0;0.21176470588235294;1.4823529411764707;0.4235294117647059;1.2705882352941176;0.4235294117647059;16.941176470588236;5.294117647058823;2.1176470588235294;0.21176470588235294
701;120093;248065;2022_2023;48078;futuro_real;81.23167155425219;20.0;100.0;0.25677603423680456;0.25677603423680456;0.5135520684736091;0.6419400855920114;0.12838801711840228;1.412268188302425;1.7974322396576319;0.25677603423680456;0.25677603423680456;0.7703281027104137;2.82453637660485;0.7703281027104137;0.38516405135520687;11.2981455064194;2.182596291012839;0.5135520684736091;0.38516405135520687
2219;126019;83951;2022_2023;48078;futuro_real;81.44192256341789;8.571428571428571;0.0;0.12167643082469581;0.24335286164939163;0.48670572329878325;0.7300585849481749;0.20279405137449302;1.6223524109959442;1.1762054979720595;0.6083821541234791;0.08111762054979721;0.36502929247408744;0.8922938260477693;2.6363226678684093;0.40558810274898605;9.734114465975665;1.2573231185218567;0.5678233438485805;0.16223524109959442
2383;135139;839571;2022_2023;48078;futuro_real;79.07253269916765;0.0;0.0;0.0;0.0;0.11330255979857323;0.3776751993285774;0.03776751993285774;0.41544271926143517;0.0;0.0;0.8686529584557281;0.8308854385228703;1.0574905581200167;0.9819555182543013;0.45321023919429293;4.4943348720100715;2.908099034830046;0.07553503986571548;0.1888375996642887
1846;138110;129520;2022_2023;48078;futuro_real;77.76096822995461;20.0;0.0;0.048754062838569874;0.09750812567713975;0.048754062838569874;0.09750812567713975;0.09750812567713975;0.780065005417118;0.14626218851570963;0.0;1.6088840736728058;0.6825568797399783;1.2676056338028168;1.1213434452871072;0.4387865655471289;6.191765980498374;1.170097508125677;0.8775731310942578;0.4875406283856988
1250;146822;339169;2022_2023;48078;futuro_real;81.25;0.0;0.0;0.0;0.0;0.0;0.504;0.144;0.576;0.648;0.0;1.152;0.864;0.864;0.72;0.288;7.704;5.544;0.072;0.072
1191;149622;176285;2022_2023;48078;futuro_real;71.55963302752293;12.5;0.0;0.07556675062972293;0.0;0.07556675062972293;0.3778337531486146;0.15113350125944586;0.15113350125944586;0.0;0.3778337531486146;3.9294710327455924;0.22670025188916879;0.8312342569269522;0.3022670025188917;1.9647355163727962;1.4357682619647356;3.09823677581864;0.0;0.22670025188916879
1272;149771;339841;2022_2023;48078;futuro_real;80.35714285714286;7.142857142857142;0.0;0.07075471698113207;0.0;0.2830188679245283;0.42452830188679247;0.2830188679245283;0.8490566037735849;0.0;0.0;0.9905660377358491;0.6367924528301887;2.2641509433962264;0.2830188679245283;0.42452830188679247;5.872641509433962;3.3254716981132075;0.07075471698113207;0.5660377358490566
1426;168974;842529;2022_2023;48078;futuro_real;85.41973490427098;0.0;0.0;0.0;0.0;0.12622720897615708;0.37868162692847124;0.12622720897615708;0.820476858345021;0.25245441795231416;0.0;1.1360448807854138;0.6942496493688639;1.3884992987377278;1.1991584852734922;0.6942496493688639;4.73352033660589;3.281907433380084;0.12622720897615708;0.31556802244039267
2409;170616;176289;2022_2023;48078;futuro_real;83.90446521287642;10.0;0.0;0.07471980074719801;0.0;0.22415940224159403;0.261519302615193;0.261519302615193;0.33623910336239105;0.261519302615193;0.0;2.428393524283935;0.7471980074719801;1.3823163138231631;0.635118306351183;1.270236612702366;4.595267745952678;1.8679950186799503;0.07471980074719801;0.11207970112079702
1433;170787;869721;2022_2023;48078;futuro_real;81.43074581430746;0.0;0.0;0.0;0.0;0.0;0.3768318213538032;0.0628053035589672;0.314026517794836;0.3768318213538032;0.0628053035589672;4.396371249127704;1.0048848569434752;1.3189113747383112;0.4396371249127704;1.0048848569434752;4.082344731332868;4.961618981158409;0.1884159106769016;0.5652477320307048
1945;171151;805289;2022_2023;48078;futuro_real;75.82644628099173;3.6363636363636362;0.0;0.09254498714652956;0.23136246786632392;0.7403598971722365;1.2956298200514138;0.5089974293059126;1.2956298200514138;1.2030848329048844;0.37017994858611825;0.37017994858611825;0.6015424164524422;0.6015424164524422;3.19280205655527;0.7403598971722365;6.709511568123394;1.2493573264781492;1.3419023136246786;0.09254498714652956
2446;176400;220931;2022_2023;48078;futuro_real;86.81462140992167;3.8461538461538463;0.0;0.03679476696647588;0.1471790678659035;0.22076860179885527;0.294358135731807;0.44153720359771054;0.9566639411283728;0.44153720359771054;0.03679476696647588;0.588716271463614;0.3679476696647588;0.8462796402289452;0.8830744071954211;0.294358135731807;7.3221586263287;0.9566639411283728;0.22076860179885527;0.1471790678659035
1312;178104;340349;2022_2023;48078;futuro_real;56.015037593984964;11.428571428571429;100.0;0.27439024390243905;0.06859756097560976;0.8917682926829269;1.0289634146341464;0.4801829268292683;0.8231707317073171;1.6463414634146343;0.6173780487804879;1.3033536585365855;0.3429878048780488;1.9893292682926829;3.4984756097560976;3.4984756097560976;3.2240853658536586;0.8231707317073171;0.0;0.13719512195121952
1097;180911;789965;2022_2023;48078;futuro_real;68.52678571428571;0.0;0.0;0.0;0.24612579762989975;0.32816773017319967;0.24612579762989975;0.16408386508659983;2.6253418413855973;0.9024612579762991;0.0;1.5587967183226983;1.3126709206927987;0.6563354603463993;1.1485870556061988;0.7383773928896992;8.860528714676391;2.215132178669098;3.4457611668185963;0.32816773017319967
817;186903;248229;2022_2023;48078;futuro_real;77.93594306049823;5.88235294117647;0.0;0.11015911872705018;0.0;0.5507955936352509;0.8812729498164015;0.44063647490820074;0.44063647490820074;0.0;0.11015911872705018;2.5336597307221544;0.33047735618115054;2.5336597307221544;0.7711138310893513;1.1015911872705018;5.287637698898409;2.9742962056303552;0.0;0.33047735618115054
1332;194999;248059;2022_2023;48078;futuro_real;70.97744360902256;4.3478260869565215;0.0;0.06756756756756756;0.13513513513513511;0.6081081081081081;0.6756756756756757;0.27027027027027023;2.8378378378378377;1.8243243243243243;0.13513513513513511;0.13513513513513511;0.9459459459459459;1.2837837837837838;1.1486486486486487;0.47297297297297297;14.256756756756756;2.77027027027027;1.689189189189189;0.13513513513513511
657;195002;175977;2022_2023;48078;futuro_real;84.59214501510573;25.0;0.0;0.136986301369863;0.0;0.273972602739726;0.273972602739726;0.0;0.547945205479452;0.9589041095890412;0.0;2.8767123287671232;0.684931506849315;2.4657534246575343;0.547945205479452;2.191780821917808;4.657534246575342;4.52054794520548;0.4109589041095891;0.8219178082191781
482;195858;826377;2022_2023;48078;futuro_real;76.35467980295566;25.0;0.0;0.18672199170124482;0.18672199170124482;0.18672199170124482;0.0;0.5601659751037344;1.120331950207469;0.18672199170124482;0.18672199170124482;0.9336099585062241;0.37344398340248963;0.7468879668049793;1.3070539419087137;1.120331950207469;8.962655601659751;2.427385892116183;0.9336099585062241;0.37344398340248963
271;198027;189207;2022_2023;48078;futuro_real;75.51020408163265;0.0;0.0;0.0;0.6642066420664207;0.6642066420664207;0.996309963099631;0.33210332103321033;1.3284132841328413;2.988929889298893;0.33210332103321033;0.0;0.996309963099631;0.996309963099631;3.653136531365314;0.33210332103321033;9.29889298892989;4.9815498154981555;0.6642066420664207;0.33210332103321033
1002;201043;358202;2022_2023;48078;futuro_real;70.68062827225131;0.0;0.0;0.0;0.0;0.0;0.2694610778443114;0.2694610778443114;0.08982035928143713;0.17964071856287425;0.08982035928143713;4.041916167664671;0.2694610778443114;1.437125748502994;0.44910179640718567;3.1437125748502996;2.694610778443114;3.3233532934131738;0.0;0.44910179640718567
1536;203385;590312;2022_2023;48078;futuro_real;77.68924302788844;13.157894736842104;100.0;0.29296875;0.17578125;0.76171875;0.87890625;0.5859375;1.7578125;1.171875;0.46875;0.3515625;0.99609375;2.05078125;1.171875;0.703125;8.7890625;0.9375;1.34765625;0.46875
2800;207246;249403;2022_2023;48078;futuro_real;80.92532467532467;4.411764705882353;0.0;0.09642857142857143;0.03214285714285715;0.6107142857142858;1.0285714285714287;0.5464285714285715;1.0607142857142857;0.675;0.38571428571428573;0.5785714285714286;0.675;1.092857142857143;0.8357142857142857;0.675;9.835714285714285;3.053571428571429;0.3535714285714286;0.16071428571428573
1159;210481;339737;2022_2023;48078;futuro_real;79.72972972972973;13.333333333333334;0.0;0.15530629853321828;0.0;0.543572044866264;0.6212251941328731;0.0;0.15530629853321828;0.3882657463330457;0.15530629853321828;4.50388265746333;0.543572044866264;1.3977566867989646;0.6988783433994823;2.5625539257981016;3.5720448662640205;4.892148403796376;0.0;0.31061259706643657
1318;214624;345787;2022_2023;48078;futuro_real;74.85549132947978;0.0;0.0;0.0;0.0;0.0;0.27314112291350534;0.13657056145675267;0.06828528072837634;0.27314112291350534;0.06828528072837634;1.4339908952959028;1.2974203338391503;1.3657056145675266;0.7511380880121397;0.40971168437025796;3.755690440060698;1.843702579666161;0.0;0.20485584218512898
2079;224677;588144;2022_2023;48078;futuro_real;78.625;4.166666666666666;0.0;0.04329004329004329;0.04329004329004329;0.2597402597402597;0.5194805194805194;0.2597402597402597;1.6450216450216448;1.4718614718614718;0.08658008658008658;0.47619047619047616;0.8225108225108224;1.4718614718614718;1.2121212121212122;0.2597402597402597;9.870129870129869;1.6017316017316017;0.47619047619047616;0.17316017316017315
2832;226327;220465;2022_2023;48078;futuro_real;79.16213275299239;3.0303030303030303;0.0;0.03177966101694915;0.0635593220338983;0.15889830508474578;0.6355932203389831;0.2542372881355932;1.239406779661017;0.4766949152542373;0.0;0.9216101694915255;0.9216101694915255;1.0805084745762712;1.0805084745762712;0.7309322033898306;13.697033898305085;8.135593220338983;0.1271186440677966;0.2860169491525424
427;227771;312276;2022_2023;48078;futuro_real;79.90654205607477;0.0;0.0;0.0;0.0;0.0;0.0;0.0;0.2107728337236534;0.0;0.0;2.107728337236534;0.8430913348946136;0.8430913348946136;0.8430913348946136;1.6861826697892273;1.8969555035128804;4.215456674473068;0.0;0.0
1847;246548;333585;2022_2023;48078;futuro_real;75.20775623268699;0.0;0.0;0.0;0.04872766648619383;0.1461829994585815;0.5360043313481321;0.04872766648619383;0.1461829994585815;0.19491066594477532;0.0;5.2625879805089335;0.5360043313481321;1.65674066053059;0.7796426637791013;2.3876556578234975;3.118570655116405;5.0676773145641585;0.0;0.43854899837574446
508;249977;883294;2022_2023;48078;futuro_real;83.77192982456141;0.0;0.0;0.0;0.0;0.0;0.17716535433070865;0.0;0.3543307086614173;0.3543307086614173;0.0;0.5314960629921259;1.0629921259842519;1.5944881889763778;0.5314960629921259;0.7086614173228346;4.960629921259843;2.6574803149606296;0.17716535433070865;0.5314960629921259
818;250004;312270;2022_2023;48078;futuro_real;72.65917602996255;0.0;0.0;0.0;0.22004889975550124;0.0;0.22004889975550124;0.0;0.880195599022005;0.33007334963325186;0.0;1.9804400977995111;1.2102689486552567;1.8704156479217604;0.4400977995110025;0.0;5.39119804400978;2.530562347188264;0.4400977995110025;0.11002444987775062
207;250482;805353;2022_2023;48078;futuro_real;74.28571428571429;25.0;100.0;0.4347826086956522;0.0;0.4347826086956522;0.4347826086956522;0.8695652173913044;0.8695652173913044;0.4347826086956522;3.0434782608695654;0.0;1.3043478260869565;2.608695652173913;1.7391304347826089;0.8695652173913044;5.6521739130434785;0.4347826086956522;0.0;0.4347826086956522
2378;260324;339163;2022_2023;48078;futuro_real;71.91697191697192;4.545454545454546;0.0;0.03784693019343987;0.1135407905803196;0.2270815811606392;0.4920100925147183;0.1135407905803196;0.8704793944491169;0.6812447434819177;0.15138772077375948;1.703111858704794;0.7190916736753575;1.476030277544155;0.7190916736753575;0.7569386038687973;4.087468460891506;3.3683767872161483;0.7569386038687973;0.34062237174095883
477;267549;589438;2022_2023;48078;futuro_real;83.33333333333334;0.0;0.0;0.0;0.0;0.0;0.18867924528301888;0.0;0.5660377358490566;0.18867924528301888;0.0;2.0754716981132075;0.18867924528301888;1.509433962264151;0.9433962264150944;0.5660377358490566;4.339622641509434;1.509433962264151;0.37735849056603776;0.5660377358490566
1932;271438;330867;2022_2023;48078;futuro_real;82.57575757575758;8.450704225352112;0.0;0.27950310559006214;0.32608695652173914;0.8850931677018634;1.7701863354037268;0.6521739130434783;2.236024844720497;1.3043478260869565;0.27950310559006214;0.1863354037267081;0.6987577639751553;0.9316770186335405;1.6770186335403727;0.3726708074534162;15.046583850931679;2.468944099378882;1.3975155279503106;0.1863354037267081
1157;275266;339171;2022_2023;48078;futuro_real;71.2280701754386;16.666666666666664;0.0;0.15557476231633535;0.07778738115816768;0.5445116681071737;0.23336214347450301;0.15557476231633535;0.3111495246326707;0.38893690579083834;0.6222990492653414;0.9334485738980121;0.6222990492653414;1.7891097666378564;0.7778738115816767;1.0890233362143473;5.67847882454624;0.23336214347450301;0.23336214347450301;0.38893690579083834
2323;279380;883343;2022_2023;48078;futuro_real;74.95908346972176;0.0;0.0;0.0;0.07748600947051228;0.11622901420576841;0.27120103314679295;0.03874300473525614;0.42617305208781747;0.07748600947051228;0.07748600947051228;2.4020662935858805;0.23245802841153682;1.162290142057684;0.38743004735256137;0.9685751183814034;2.4020662935858805;1.8984072320275507;0.07748600947051228;0.38743004735256137
1265;279387;339475;2022_2023;48078;futuro_real;78.41530054644808;15.0;0.0;0.21343873517786563;0.1422924901185771;0.5691699604743083;0.2845849802371542;0.5691699604743083;1.4229249011857708;0.4980237154150198;0.7114624505928854;0.7114624505928854;0.4980237154150198;1.992094861660079;1.4940711462450593;0.3557312252964427;9.035573122529645;0.3557312252964427;1.0671936758893281;0.07114624505928854
2075;292729;384658;2022_2023;48078;futuro_real;73.68421052631578;4.545454545454546;0.0;0.043373493975903614;0.08674698795180723;0.13012048192771083;0.5204819277108433;0.3036144578313253;1.4746987951807229;0.17349397590361446;0.043373493975903614;2.9927710843373494;1.0843373493975903;0.9542168674698794;0.4771084337349397;1.3012048192771084;4.250602409638554;1.6481927710843371;1.56144578313253;0.21686746987951805
1957;296211;882909;2022_2023;48078;futuro_real;78.19548872180451;5.88235294117647;0.0;0.045988758303525806;0.045988758303525806;0.22994379151762903;0.45988758303525806;0.09197751660705161;0.27593254982115484;0.0;0.0;3.541134389371487;0.7358201328564129;0.9197751660705161;0.6898313745528871;1.6096065406234032;2.0694941236586613;4.1389882473173225;0.045988758303525806;0.4138988247317323
534;325591;875662;2022_2023;48078;futuro_real;75.28735632183908;20.0;0.0;0.33707865168539325;0.0;1.0112359550561798;0.16853932584269662;0.5056179775280899;1.1797752808988764;1.0112359550561798;0.33707865168539325;1.0112359550561798;0.6741573033707865;2.359550561797753;2.359550561797753;2.528089887640449;7.415730337078651;1.0112359550561798;0.33707865168539325;0.33707865168539325
348;325726;846366;2022_2023;48078;futuro_real;72.72727272727273;0.0;0.0;0.0;0.25862068965517243;0.5172413793103449;1.0344827586206897;0.25862068965517243;0.7758620689655172;1.293103448275862;0.25862068965517243;0.25862068965517243;1.0344827586206897;2.0689655172413794;2.0689655172413794;0.7758620689655172;8.017241379310345;0.25862068965517243;0.0;0.25862068965517243
2327;330690;805068;2022_2023;48078;futuro_real;88.46153846153845;0.0;0.0;0.0;0.03867640739149119;0.03867640739149119;0.11602922217447358;0.11602922217447358;0.4641168886978943;0.3094112591319295;0.03867640739149119;0.6961753330468414;0.4641168886978943;0.8122045552213151;0.6574989256553503;0.4254404813064031;4.331757627847013;3.210141813493769;0.03867640739149119;0.3094112591319295
2580;335217;883397;2022_2023;48078;futuro_real;81.62705667276052;4.545454545454546;0.0;0.03488372093023256;0.03488372093023256;0.2441860465116279;0.45348837209302323;0.06976744186046512;0.6627906976744186;0.5930232558139534;0.0;0.872093023255814;1.2906976744186045;1.6046511627906976;1.2906976744186045;0.8023255813953488;5.441860465116279;2.7906976744186047;0.06976744186046512;0.27906976744186046
2008;352344;876926;2022_2023;48078;futuro_real;78.99603698811096;11.11111111111111;0.0;0.044820717131474105;0.0;0.13446215139442233;0.26892430278884466;0.0;0.13446215139442233;0.0;0.08964143426294821;4.078685258964144;0.40338645418326696;0.7171314741035857;0.5378486055776893;1.4790836653386454;2.465139442231076;2.6892430278884465;0.044820717131474105;0.17928286852589642
2556;356381;873703;2022_2023;48078;futuro_real;79.14046121593292;0.0;0.0;0.0;0.21126760563380284;0.24647887323943662;0.17605633802816903;0.035211267605633804;1.0211267605633803;0.21126760563380284;0.21126760563380284;1.5845070422535212;0.4225352112676057;0.5633802816901409;0.8450704225352114;0.7042253521126761;6.901408450704226;1.795774647887324;0.5633802816901409;0.0
1191;358338;925309;2022_2023;48078;futuro_real;78.76923076923077;0.0;0.0;0.0;0.0;0.07556675062972293;0.3778337531486146;0.07556675062972293;0.5289672544080605;0.15113350125944586;0.15113350125944586;1.2846347607052897;2.2670025188916876;2.2670025188916876;3.2493702770780857;0.3778337531486146;5.591939546599496;1.5113350125944585;0.15113350125944586;0.7556675062972292
467;398023;836280;2022_2023;48078;futuro_real;85.88235294117646;0.0;0.0;0.0;0.0;0.5781584582441113;0.5781584582441113;0.7708779443254817;1.1563169164882225;0.9635974304068522;0.38543897216274087;0.0;0.7708779443254817;0.7708779443254817;1.9271948608137044;0.38543897216274087;10.021413276231263;0.9635974304068522;1.1563169164882225;0.19271948608137043
646;41301;26884;2022_2023;48078;futuro_real;80.3030303030303;0.0;0.0;0.0;0.2786377708978328;0.696594427244582;0.4179566563467492;0.0;2.3684210526315788;0.696594427244582;0.5572755417956656;0.4179566563467492;0.2786377708978328;1.2538699690402477;0.5572755417956656;0.9752321981424148;6.96594427244582;0.696594427244582;0.4179566563467492;0.0
2668;415544;830746;2022_2023;48078;futuro_real;66.58767772511848;13.592233009708737;0.0;0.472263868065967;0.13493253373313344;1.3493253373313343;1.6866566716641678;0.43853073463268366;0.9782608695652173;0.2698650674662669;1.0794602698650675;0.6409295352323838;0.4047976011994003;1.0457271364317842;2.0577211394302846;0.8433283358320839;4.62143928035982;0.3035982008995502;0.4047976011994003;0.03373313343328336
723;420864;879629;2022_2023;48078;futuro_real;68.37606837606837;14.285714285714285;0.0;0.24896265560165975;0.12448132780082988;0.995850622406639;0.4979253112033195;0.24896265560165975;0.4979253112033195;0.6224066390041494;0.6224066390041494;0.37344398340248963;0.8713692946058091;1.3692946058091287;1.120331950207469;1.120331950207469;2.3651452282157677;0.8713692946058091;0.37344398340248963;0.37344398340248963
1089;426325;819114;2022_2023;48078;futuro_real;64.73029045643153;21.951219512195124;100.0;0.7438016528925621;0.08264462809917356;1.5702479338842976;1.4876033057851241;0.3305785123966942;0.7438016528925621;0.7438016528925621;1.2396694214876034;0.6611570247933884;0.1652892561983471;2.479338842975207;1.8181818181818183;1.9008264462809918;5.537190082644628;0.7438016528925621;0.3305785123966942;0.578512396694215
1424;433698;887125;2022_2023;48078;futuro_real;76.16279069767442;0.0;0.0;0.0;0.12640449438202248;0.0;0.3792134831460674;0.5056179775280899;1.1376404494382022;0.3792134831460674;0.0;1.1376404494382022;1.0112359550561798;1.2640449438202246;0.6952247191011236;0.821629213483146;8.974719101123595;1.4536516853932584;1.3904494382022472;0.06320224719101124
1772;434192;883768;2022_2023;48078;futuro_real;84.2548076923077;0.0;0.0;0.0;0.25395033860045146;0.25395033860045146;0.35553047404063204;0.15237020316027086;2.082392776523702;0.20316027088036115;0.15237020316027086;0.4063205417607223;0.6602708803611738;1.1681715575620766;0.7618510158013544;0.35553047404063204;7.1106094808126405;2.7934537246049658;1.4729119638826185;0.10158013544018057
1928;435046;840208;2022_2023;48078;futuro_real;75.10373443983403;27.083333333333332;100.0;0.6068464730290457;0.18672199170124482;0.9802904564315353;0.7468879668049793;0.5134854771784233;1.2136929460580914;0.5601659751037344;0.8402489626556017;0.6535269709543569;0.2800829875518672;1.353734439834025;2.0072614107883817;0.9336099585062241;6.068464730290457;1.2136929460580914;0.0;0.1400414937759336
2435;439631;876929;2022_2023;48078;futuro_real;76.14035087719299;8.0;0.0;0.29568788501026694;0.1108829568788501;1.3675564681724846;1.3305954825462012;0.9979466119096508;1.7741273100616015;1.8110882956878849;0.14784394250513347;0.3326488706365503;0.14784394250513347;0.5544147843942505;1.404517453798768;0.48049281314168374;7.835728952772073;0.702258726899384;0.36960985626283366;0.14784394250513347
1490;440312;883747;2022_2023;48078;futuro_real;75.67567567567568;11.76470588235294;0.0;0.24161073825503354;0.060402684563758385;0.8456375838926173;0.785234899328859;0.42281879194630867;1.2080536912751676;2.838926174496644;0.3020134228187919;0.0;0.5436241610738255;1.1476510067114092;2.2348993288590604;0.4832214765100671;8.456375838926174;0.785234899328859;0.3020134228187919;0.3020134228187919
2792;441344;884997;2022_2023;48078;futuro_real;77.13235294117648;6.666666666666667;0.0;0.032234957020057305;0.06446991404011461;0.06446991404011461;0.29011461318051573;0.12893982808022922;0.12893982808022922;0.19340974212034384;0.032234957020057305;2.9011461318051577;0.19340974212034384;1.901862464183381;0.22564469914040114;2.5465616045845274;4.706303724928366;4.9964183381088825;0.0;0.419054441260745
1048;458461;1020999;2022_2023;48078;futuro_real;77.72277227722772;9.090909090909092;0.0;0.25763358778625955;0.08587786259541985;0.9446564885496184;1.2881679389312977;0.601145038167939;0.601145038167939;0.9446564885496184;0.1717557251908397;0.0;0.1717557251908397;1.8893129770992367;2.833969465648855;0.08587786259541985;5.324427480916031;0.5152671755725191;0.42938931297709926;0.0
2420;473579;876928;2022_2023;48078;futuro_real;83.26241134751773;0.0;0.0;0.0;0.0371900826446281;0.0371900826446281;0.371900826446281;0.1115702479338843;0.1859504132231405;0.78099173553719;0.0371900826446281;1.1900826446280992;0.5950413223140496;1.859504132231405;1.4132231404958677;0.7066115702479339;4.053719008264463;1.0041322314049586;0.3347107438016529;0.3347107438016529
1927;477378;883396;2022_2023;48078;futuro_real;74.96790757381258;8.333333333333332;0.0;0.046704722366372596;0.18681888946549038;0.1401141670991178;0.2802283341982356;0.1401141670991178;1.027503892060197;1.027503892060197;0.046704722366372596;1.2610275038920602;0.8873897249610794;1.3544369486248053;0.8406850025947068;0.37363777893098077;6.912298910223145;2.1951219512195124;0.700570835495589;0.18681888946549038
1812;480523;876927;2022_2023;48078;futuro_real;81.70103092783505;6.666666666666667;0.0;0.09933774834437087;0.049668874172185434;0.2980132450331126;0.9933774834437087;0.19867549668874174;0.794701986754967;0.2980132450331126;0.09933774834437087;1.589403973509934;1.1920529801324504;2.0860927152317883;1.7880794701986755;2.2847682119205297;7.201986754966888;1.9867549668874174;0.19867549668874174;0.347682119205298
1519;480527;973681;2022_2023;48078;futuro_real;77.19298245614034;14.285714285714285;0.0;0.17774851876234365;0.0;0.4147465437788019;0.5924950625411456;0.23699802501645822;1.0072416063199474;0.6517445687952601;0.11849901250822911;0.23699802501645822;0.533245556287031;1.599736668861093;1.9552337063857803;0.7109940750493746;5.628703094140882;0.9479921000658329;0.47399605003291645;0.11849901250822911
1358;483715;883812;2022_2023;48078;futuro_real;67.22972972972973;2.941176470588235;0.0;0.0662739322533137;0.0;0.6627393225331369;0.9941089837997055;0.5964653902798233;0.7290132547864506;0.3976435935198822;0.9278350515463918;0.7290132547864506;0.4639175257731959;1.5243004418262152;1.4580265095729013;1.3917525773195876;3.8438880706921945;0.6627393225331369;0.0662739322533137;0.0662739322533137
687;486264;883339;2022_2023;48078;futuro_real;70.73170731707317;0.0;0.0;0.0;0.13100436681222707;0.0;0.0;0.13100436681222707;1.3100436681222707;0.0;0.0;2.8820960698689957;0.7860262008733624;0.7860262008733624;0.6550218340611353;1.0480349344978166;5.3711790393013095;3.930131004366812;0.7860262008733624;0.0
1619;489993;875661;2022_2023;48078;futuro_real;70.22058823529412;0.0;0.0;0.0;0.0;0.0;0.166769610870908;0.11117974058060533;0.5558987029030266;0.8338480543545399;0.0;2.0568252007411987;0.6114885731933293;1.334156886967264;0.667078443483632;0.8894379246448426;5.725756639901174;2.001235330450896;0.667078443483632;0.2779493514515133
1020;501586;877910;2022_2023;48078;futuro_real;77.21179624664879;0.0;0.0;0.0;0.0;0.08823529411764705;0.3529411764705882;0.1764705882352941;0.5294117647058824;0.0;0.0;2.205882352941176;0.7941176470588235;1.588235294117647;0.8823529411764706;1.588235294117647;4.764705882352941;3.352941176470588;0.1764705882352941;0.3529411764705882
2128;515413;874981;2022_2023;48078;futuro_real;68.53146853146853;5.263157894736842;0.0;0.042293233082706765;0.0;0.3383458646616541;0.2537593984962406;0.21146616541353383;0.3383458646616541;0.29605263157894735;0.042293233082706765;1.987781954887218;0.7612781954887218;0.8035714285714285;0.5921052631578947;1.268796992481203;3.171992481203007;2.8336466165413534;0.21146616541353383;0.2537593984962406
767;516242;914294;2022_2023;48078;futuro_real;85.4875283446712;7.142857142857142;0.0;0.11734028683181226;0.11734028683181226;0.5867014341590613;0.9387222946544981;0.11734028683181226;2.698826597131682;1.0560625814863103;0.11734028683181226;0.5867014341590613;0.5867014341590613;0.46936114732724904;0.9387222946544981;0.8213820078226858;15.371577574967406;5.397653194263364;1.7601043024771839;0.11734028683181226
1175;528367;893067;2022_2023;48078;futuro_real;79.82142857142858;16.666666666666664;0.0;0.07659574468085106;0.07659574468085106;0.30638297872340425;0.15319148936170213;0.0;0.2297872340425532;0.15319148936170213;0.0;3.0638297872340425;0.2297872340425532;0.9191489361702128;0.5361702127659574;2.8340425531914892;4.365957446808511;4.4425531914893615;0.07659574468085106;0.30638297872340425
1466;53533;31611;2022_2023;48078;futuro_real;82.84106891701828;22.22222222222222;0.0;0.1227830832196453;0.0;0.18417462482946795;0.2455661664392906;0.1227830832196453;0.06139154160982265;0.0;0.0;2.7626193724420194;0.5525238744884039;1.6575716234652116;1.4733969986357436;1.412005457025921;4.849931787175989;3.00818553888131;0.1227830832196453;0.4911323328785812
1570;565193;925119;2022_2023;48078;futuro_real;77.61033369214209;16.666666666666664;0.0;0.22929936305732487;0.17197452229299365;0.5732484076433122;0.3439490445859873;0.45859872611464975;3.210191082802548;1.0318471337579618;0.0;0.22929936305732487;0.802547770700637;0.45859872611464975;0.802547770700637;0.05732484076433122;13.815286624203823;3.8407643312101913;3.0955414012738856;0.11464968152866244
1928;581174;888479;2022_2023;48078;futuro_real;77.48756218905473;0.0;0.0;0.0;0.0;0.32676348547717843;0.09336099585062241;0.18672199170124482;1.3070539419087137;0.9336099585062241;0.23340248962655602;1.8205394190871371;1.0736514522821579;1.6804979253112033;0.7935684647302905;0.09336099585062241;7.889004149377594;2.70746887966805;0.6068464730290457;0.23340248962655602
1376;581201;924791;2022_2023;48078;futuro_real;87.5;16.666666666666664;0.0;0.06540697674418604;0.06540697674418604;0.19622093023255813;0.13081395348837208;0.06540697674418604;0.4578488372093023;0.5232558139534883;0.0;1.635174418604651;1.438953488372093;1.569767441860465;1.3735465116279069;0.39244186046511625;5.95203488372093;2.7470930232558137;0.06540697674418604;0.13081395348837208
1462;582098;924787;2022_2023;48078;futuro_real;75.64655172413794;0.0;0.0;0.0;0.0;0.061559507523939815;0.24623803009575926;0.0;0.18467852257181944;0.18467852257181944;0.061559507523939815;4.247606019151847;0.6155950752393982;0.8002735978112175;0.3693570451436389;1.354309165526676;2.6470588235294117;4.309165526675787;0.0;0.18467852257181944
1026;582655;978543;2022_2023;48078;futuro_real;75.75187969924812;0.0;0.0;0.0;0.08771929824561403;0.08771929824561403;0.0;0.17543859649122806;1.4912280701754386;0.5263157894736842;0.0;1.2280701754385965;1.2280701754385965;1.7543859649122806;1.2280701754385965;2.017543859649123;9.12280701754386;3.8596491228070176;0.43859649122807015;0.17543859649122806
2026;621026;929014;2022_2023;48078;futuro_real;81.81818181818183;9.090909090909092;0.0;0.13326752221125368;0.22211253701875616;0.5330700888450147;0.5330700888450147;0.39980256663376107;1.3326752221125369;1.1994076999012833;0.17769002961500494;1.154985192497532;0.6219151036525172;1.1105626850937809;0.8884501480750246;0.22211253701875616;8.26258637709773;1.8657453109575517;0.8884501480750246;0.26653504442250736
895;621028;980889;2022_2023;48078;futuro_real;71.8875502008032;0.0;0.0;0.0;0.10055865921787709;0.0;0.10055865921787709;0.0;1.106145251396648;0.40223463687150834;0.0;1.6089385474860334;1.005586592178771;1.005586592178771;1.7094972067039105;0.6033519553072626;3.9217877094972065;1.6089385474860334;0.8044692737430167;0.3016759776536313
1437;621036;973653;2022_2023;48078;futuro_real;70.45454545454545;20.0;0.0;0.06263048016701461;0.0;0.06263048016701461;0.18789144050104384;0.06263048016701461;0.3757828810020877;0.25052192066805845;0.0;3.4446764091858038;0.5636743215031316;1.62839248434238;0.5010438413361169;1.3152400835073068;1.6910229645093946;2.1920668058455113;0.0;0.12526096033402923
2767;624291;958382;2022_2023;48078;futuro_real;85.72409059711737;7.894736842105263;0.0;0.09757860498735092;0.0;0.26020961329960246;0.7155764365739068;0.26020961329960246;0.22768341163715217;0.3252620166245031;0.09757860498735092;3.675460787856885;0.3577882182869534;1.496205276472714;0.9757860498735093;2.5695699313335743;2.862305746295627;3.382724972894832;0.03252620166245031;0.3577882182869534
767;628328;932088;2022_2023;48078;futuro_real;82.29426433915212;0.0;0.0;0.0;0.3520208604954368;0.9387222946544981;1.0560625814863103;0.46936114732724904;2.698826597131682;2.229465449804433;0.23468057366362452;0.11734028683181226;0.8213820078226858;1.8774445893089962;0.7040417209908736;0.23468057366362452;12.555410691003912;2.9335071707953064;1.2907431551499349;0.23468057366362452
2209;639467;924881;2022_2023;48078;futuro_real;67.85714285714286;12.5;0.0;0.040742417383431415;0.040742417383431415;0.08148483476686283;0.16296966953372566;0.08148483476686283;0.24445450430058852;0.6111362607514712;0.08148483476686283;2.2000905387052967;0.7741059302851969;1.466727025803531;0.8148483476686283;0.7333635129017655;3.3408782254413762;1.5889542779538253;0.12222725215029426;0.28519692168401994
2175;641820;933730;2022_2023;48078;futuro_real;80.45822102425876;15.714285714285714;100.0;0.4551724137931034;0.20689655172413793;1.1586206896551723;1.2;0.5379310344827586;1.986206896551724;1.6137931034482758;0.2482758620689655;0.6620689655172414;0.6206896551724138;1.6965517241379309;2.4;0.7448275862068965;9.972413793103447;1.2413793103448276;0.7448275862068965;0.20689655172413793
2143;647304;830085;2022_2023;48078;futuro_real;80.84632516703786;16.666666666666664;0.0;0.12599160055996267;0.08399440037330845;0.3359776014932338;0.41997200186654227;0.0;0.41997200186654227;0.2939804013065796;0.12599160055996267;3.737750816612226;0.5879608026131592;1.4699020065328978;0.25198320111992534;1.5538964069062062;3.2337844143723755;4.07372841810546;0.0;0.2939804013065796
1787;653484;975241;2022_2023;48078;futuro_real;71.75043327556327;0.0;0.0;0.0;0.1510912143256855;0.05036373810856184;0.1510912143256855;0.05036373810856184;0.7554560716284275;0.8058198097369894;0.0;2.6189143816452156;0.8561835478455513;1.3598209289311696;1.0072747621712368;0.906547285954113;6.04364857302742;1.4605484051482933;0.8058198097369894;0.10072747621712368
1143;654297;973563;2022_2023;48078;futuro_real;80.3234501347709;11.538461538461538;0.0;0.2362204724409449;0.31496062992125984;0.5511811023622047;0.9448818897637796;0.5511811023622047;1.4173228346456694;0.8661417322834646;0.0;0.2362204724409449;1.0236220472440944;1.4173228346456694;3.5433070866141736;0.7874015748031497;7.322834645669292;2.047244094488189;0.2362204724409449;0.2362204724409449
1909;665116;978545;2022_2023;48078;futuro_real;88.77777777777777;0.0;0.0;0.0;0.09429020429544263;0.047145102147721316;0.047145102147721316;0.14143530644316396;0.42430591932949185;0.2828706128863279;0.047145102147721316;0.754321634363541;1.2257726558407542;1.6972236773179674;0.754321634363541;0.6600314300680985;7.637506547930854;2.922996333158722;0.047145102147721316;0.2828706128863279
2290;670060;1090706;2022_2023;48078;futuro_real;73.97260273972603;7.5;0.0;0.23580786026200876;0.0;0.8253275109170306;1.7685589519650655;0.5502183406113538;0.6681222707423581;1.0218340611353713;0.35371179039301315;0.8253275109170306;0.2751091703056769;1.3755458515283843;2.0436681222707427;1.6899563318777293;3.9694323144104806;0.4716157205240175;0.07860262008733625;0.314410480349345
1996;671879;1049088;2022_2023;48078;futuro_real;74.29775280898876;5.88235294117647;0.0;0.045090180360721446;0.0;0.18036072144288579;0.27054108216432865;0.3156312625250501;0.5861723446893787;0.36072144288577157;0.09018036072144289;2.0741482965931866;0.9919839679358717;2.1192384769539077;1.217434869739479;1.3977955911823647;4.013026052104209;2.3897795591182365;0.09018036072144289;0.36072144288577157
968;672263;960225;2022_2023;48078;futuro_real;83.88429752066115;0.0;0.0;0.0;0.09297520661157024;0.2789256198347107;0.2789256198347107;0.5578512396694214;1.1157024793388428;1.580578512396694;0.371900826446281;1.3946280991735536;0.9297520661157024;0.8367768595041322;0.6508264462809917;0.8367768595041322;9.297520661157025;2.5103305785123964;0.743801652892562;0.0
560;696726;1018388;2022_2023;48078;futuro_real;81.73913043478261;0.0;0.0;0.0;0.0;0.0;0.0;0.1607142857142857;0.1607142857142857;0.6428571428571428;0.0;1.7678571428571428;1.4464285714285714;1.6071428571428572;1.4464285714285714;0.8035714285714286;8.035714285714285;2.732142857142857;0.1607142857142857;0.1607142857142857
1466;72680;13532;2022_2023;48078;futuro_real;78.05343511450383;7.6923076923076925;0.0;0.06139154160982265;0.06139154160982265;0.3683492496589359;0.2455661664392906;0.18417462482946795;1.043656207366985;1.2892223738062756;0.3683492496589359;0.4911323328785812;0.4911323328785812;2.0259208731241474;2.3328785811732606;0.5525238744884039;9.02455661664393;1.412005457025921;0.2455661664392906;0.2455661664392906
1811;72971;26172;2022_2023;48078;futuro_real;78.04878048780488;50.0;0.0;0.049696300386526775;0.09939260077305355;0.049696300386526775;0.049696300386526775;0.0;1.1927112092766428;1.2424075096631695;0.049696300386526775;1.7393705135284372;0.3478741027056874;0.3975704030922142;0.894533406957482;0.7454445057979017;7.056874654886802;2.1369409166206514;0.7951408061844284;0.09939260077305355
460;73705;249599;2022_2023;48078;futuro_real;85.0574712643678;0.0;0.0;0.0;0.0;0.5869565217391305;1.3695652173913044;0.391304347826087;1.3695652173913044;1.173913043478261;0.1956521739130435;0.9782608695652175;1.7608695652173914;2.1521739130434785;2.5434782608695654;0.391304347826087;23.47826086956522;3.717391304347826;0.0;0.5869565217391305
246;740619;1050816;2022_2023;48078;futuro_real;76.19047619047619;12.5;0.0;0.36585365853658536;0.0;0.36585365853658536;1.4634146341463414;1.0975609756097562;1.4634146341463414;1.0975609756097562;0.36585365853658536;0.0;0.0;0.7317073170731707;1.4634146341463414;0.0;8.78048780487805;1.829268292682927;0.7317073170731707;0.0
1456;741727;1018255;2022_2023;48078;futuro_real;87.20472440944881;0.0;0.0;0.0;0.0;0.0;0.18543956043956045;0.061813186813186816;0.7417582417582418;0.989010989010989;0.24725274725274726;0.4326923076923077;0.3708791208791209;1.6071428571428572;3.276098901098901;0.12362637362637363;8.159340659340659;1.1744505494505495;0.3708791208791209;0.3090659340659341
1905;741728;1017760;2022_2023;48078;futuro_real;80.56478405315615;5.0;0.0;0.047244094488188976;0.09448818897637795;0.3779527559055118;0.23622047244094488;0.3307086614173228;1.464566929133858;2.5039370078740157;0.23622047244094488;0.7086614173228346;0.47244094488188976;1.2283464566929134;1.2283464566929134;0.23622047244094488;10.062992125984252;0.6614173228346456;0.7086614173228346;0.14173228346456693
1342;74351;76814;2022_2023;48078;futuro_real;74.28571428571429;0.0;0.0;0.0;0.0;0.0;0.3353204172876304;0.0;0.26825633383010433;0.40238450074515647;0.06706408345752608;5.029806259314456;0.6706408345752608;0.7377049180327868;0.8047690014903129;1.5424739195230999;2.9508196721311473;3.6885245901639343;0.06706408345752608;0.26825633383010433
1421;77125;312264;2022_2023;48078;futuro_real;80.19662921348315;19.047619047619047;0.0;0.2533427163969036;0.19000703729767768;0.44334975369458124;0.633356790992259;0.2533427163969036;2.6600985221674875;0.2533427163969036;0.0633356790992259;0.0633356790992259;1.3933849401829697;1.3933849401829697;3.2934553131597464;0.6966924700914848;13.807178043631245;3.54679802955665;1.266713581984518;0.38001407459535536
506;789198;1017747;2022_2023;48078;futuro_real;78.28571428571428;0.0;0.0;0.0;0.0;0.17786561264822134;0.0;0.17786561264822134;0.5335968379446641;0.0;0.0;2.8458498023715415;0.5335968379446641;1.6007905138339922;0.5335968379446641;1.4229249011857708;2.6679841897233203;3.379446640316206;0.0;0.17786561264822134
2225;805862;1017755;2022_2023;48078;futuro_real;66.21621621621621;0.0;0.0;0.0;0.0;0.12134831460674157;0.12134831460674157;0.08089887640449439;0.5258426966292135;0.28314606741573034;0.0;2.5887640449438205;0.6471910112359551;0.7280898876404495;0.5662921348314607;0.7280898876404495;5.1370786516853935;1.3348314606741574;0.6067415730337079;0.24269662921348314
621;810550;1065267;2022_2023;48078;futuro_real;83.98576512455516;6.25;0.0;0.14492753623188406;0.2898550724637681;0.5797101449275363;1.3043478260869565;0.43478260869565216;1.3043478260869565;1.1594202898550725;0.0;0.43478260869565216;0.5797101449275363;2.318840579710145;1.8840579710144927;0.2898550724637681;10.869565217391305;3.043478260869565;0.8695652173913043;0.5797101449275363
1082;814636;989258;2022_2023;48078;futuro_real;74.91525423728814;0.0;0.0;0.0;0.08317929759704251;0.08317929759704251;0.24953789279112754;0.0;0.49907578558225507;0.24953789279112754;0.08317929759704251;2.578558225508318;0.16635859519408502;1.0813308687615526;0.16635859519408502;0.5822550831792976;4.408502772643253;1.7467652495378927;0.24953789279112754;0.33271719038817005
1487;817656;1068656;2022_2023;48078;futuro_real;71.32530120481928;0.0;0.0;0.0;0.0;0.121049092131809;0.3026227303295225;0.484196368527236;0.7262945527908541;0.7262945527908541;0.0;1.7552118359112308;0.968392737054472;1.0289172831203766;0.8473436449226631;0.9078681909885676;3.1472763954270344;1.6341627437794217;0.36314727639542704;0.42367182246133156
1346;82570;924643;2022_2023;48078;futuro_real;71.9077568134172;0.0;0.0;0.0;0.0;0.06686478454680535;0.46805349182763745;0.1337295690936107;0.20059435364041606;0.1337295690936107;0.06686478454680535;3.5438335809806834;0.2674591381872214;0.8023774145616642;0.1337295690936107;1.5378900445765231;2.87518573551263;3.9450222882615154;0.0;0.2674591381872214
2689;82584;883313;2022_2023;48078;futuro_real;78.5063752276867;0.0;0.0;0.0;0.0;0.0669393826701376;0.2677575306805504;0.0;0.2008181480104128;0.2342878393454816;0.1338787653402752;3.213090368166605;0.2008181480104128;0.9036816660468576;0.6024544440312384;2.2424693194496097;2.4432874674600225;4.284120490888807;0.0;0.2677575306805504
2409;84506;47439;2022_2023;48078;futuro_real;75.38247566063978;0.0;0.0;0.0;0.0;0.0;0.14943960149439603;0.0;0.07471980074719801;0.03735990037359901;0.03735990037359901;4.184308841843088;0.18679950186799502;1.0087173100871731;0.44831880448318806;1.046077210460772;2.2415940224159403;4.0348692403486925;0.0;0.4109589041095891
1364;866488;1107888;2022_2023;48078;futuro_real;80.10033444816054;3.0303030303030303;0.0;0.06598240469208211;0.26392961876832843;1.187683284457478;0.593841642228739;0.3958944281524927;1.5175953079178885;1.5835777126099708;0.13196480938416422;0.32991202346041054;1.187683284457478;2.0454545454545454;1.5835777126099708;0.3958944281524927;13.526392961876834;2.441348973607038;0.9897360703812317;0.32991202346041054
1567;90489;121657;2022_2023;48078;futuro_real;85.47249647390692;9.090909090909092;0.0;0.0574345883854499;0.0;0.1723037651563497;0.4020421186981493;0.0574345883854499;0.1723037651563497;0.1148691767708998;0.0;3.7906828334396936;0.4594767070835992;0.9189534141671984;0.6892150606253988;0.8615188257817485;3.8481174218251435;3.618379068283344;0.0;0.2297383535417996
379;94406;73666;2022_2023;48078;futuro_real;76.04790419161677;0.0;0.0;0.0;0.0;0.47493403693931396;0.47493403693931396;0.7124010554089709;2.8496042216358837;0.0;0.0;0.7124010554089709;0.23746701846965698;2.3746701846965697;1.4248021108179418;0.47493403693931396;9.261213720316622;6.174142480211081;2.1372031662269126;0.7124010554089709
452;94735;311734;2022_2023;48078;futuro_real;65.94202898550725;0.0;0.0;0.0;0.0;0.19911504424778761;0.5973451327433629;0.19911504424778761;0.5973451327433629;0.19911504424778761;0.19911504424778761;2.588495575221239;1.3938053097345133;0.7964601769911505;0.7964601769911505;1.7920353982300885;2.7876106194690267;2.3893805309734515;0.0;0.19911504424778761
2584;94761;883299;2022_2023;48078;futuro_real;69.63087248322147;19.11764705882353;100.0;0.45278637770897834;0.0696594427244582;1.044891640866873;0.9752321981424148;0.348297213622291;1.1145510835913313;0.4179566563467492;0.8707430340557275;0.2438080495356037;0.2786377708978328;1.2538699690402477;1.5325077399380804;2.2291021671826625;5.9907120743034055;0.6269349845201239;0.0696594427244582;0.2438080495356037
322;94820;125100;2022_2023;48078;futuro_real;80.17241379310344;0.0;0.0;0.0;0.0;0.0;0.0;0.0;0.2795031055900621;0.0;0.5590062111801242;3.354037267080745;0.5590062111801242;2.2360248447204967;0.8385093167701863;0.8385093167701863;6.428571428571428;2.5155279503105588;0.2795031055900621;0.8385093167701863
1126;95280;47447;2022_2023;48078;futuro_real;85.3515625;0.0;0.0;0.0;0.07992895204262877;0.3996447602131439;0.3996447602131439;0.3197158081705151;1.6785079928952042;1.5186500888099468;0.6394316163410302;0.15985790408525755;1.119005328596803;1.5985790408525755;2.0781527531083483;0.0;13.507992895204262;2.238010657193606;0.6394316163410302;0.3996447602131439
2895;96295;46992;2022_2023;48078;futuro_real;84.1025641025641;15.0;0.0;0.09326424870466322;0.031088082901554407;0.15544041450777205;0.3730569948186529;0.09326424870466322;0.3108808290155441;0.062176165803108814;0.09326424870466322;3.5129533678756477;0.4352331606217617;1.1191709844559585;0.4663212435233161;1.3989637305699483;1.150259067357513;2.8601036269430056;0.031088082901554407;0.3419689119170985
859;966369;1170472;2022_2023;48078;futuro_real;84.04907975460122;0.0;0.0;0.0;0.10477299185098952;0.0;0.20954598370197905;0.20954598370197905;0.4190919674039581;0.20954598370197905;0.0;1.6763678696158324;1.0477299185098952;1.8859138533178115;0.9429569266589057;0.4190919674039581;3.457508731082654;2.0954598370197903;0.20954598370197905;0.31431897555296856
103;103817;311524;2023_2024;57741;futuro_real;72.0;0.0;0.0;0.0;0.0;0.0;0.0;0.0;0.0;0.0;0.0;2.621359223300971;5.242718446601942;2.621359223300971;0.0;0.0;2.621359223300971;1.7475728155339807;0.8737864077669903;0.8737864077669903
1468;106283;220935;2023_2024;57741;futuro_real;79.81530343007915;0.0;0.0;0.0;0.06130790190735695;0.42915531335149865;1.0422343324250682;0.7356948228882835;1.471389645776567;0.5517711171662125;0.0;1.164850136239782;0.6130790190735695;1.41008174386921;0.4904632152588556;0.0;10.606267029972752;5.272479564032698;0.30653950953678477;0.1226158038147139
1945;1095971;1466382;2023_2024;57741;futuro_real;72.0626631853786;8.928571428571429;0.0;0.23136246786632392;0.13881748071979436;1.1105398457583548;1.1568123393316196;0.32390745501285345;1.7583547557840618;0.7403598971722365;0.23136246786632392;0.5089974293059126;0.2776349614395887;1.6195372750642674;1.7583547557840618;1.0179948586118253;6.4318766066838045;0.5552699228791774;0.04627249357326478;0.2776349614395887
12;1102800;1466374;2023_2024;57741;futuro_real;90.9090909090909;0.0;0.0;0.0;0.0;0.0;0.0;7.5;7.5;0.0;0.0;0.0;0.0;0.0;0.0;0.0;7.5;7.5;0.0;0.0
2911;131114;47418;2023_2024;57741;futuro_real;83.22839152833428;3.508771929824561;0.0;0.061834421161113026;0.21642047406389558;0.4637581587083477;0.7729302645139128;0.5255925798694607;2.5661284781861906;0.43284094812779117;0.0;0.6801786327722433;0.43284094812779117;0.8656818962555823;0.9584335279972519;0.5874270010305738;13.325317760219857;3.617313637925112;2.226039161800069;0.12366884232222605
2684;140931;107596;2023_2024;57741;futuro_real;78.06201550387597;4.761904761904762;0.0;0.03353204172876304;0.06706408345752608;0.06706408345752608;0.5029806259314455;0.13412816691505217;0.43591654247391953;0.40238450074515647;0.03353204172876304;3.1184798807749625;0.8718330849478391;1.9448584202682564;0.6035767511177347;1.2406855439642324;5.6333830104321905;3.520864381520119;0.1676602086438152;0.43591654247391953
2970;146292;932870;2023_2024;57741;futuro_real;81.54583582983823;0.0;0.0;0.0;0.0;0.030303030303030304;0.18181818181818182;0.06060606060606061;0.2727272727272727;0.09090909090909091;0.0;2.484848484848485;0.18181818181818182;0.7272727272727273;0.2727272727272727;1.3636363636363635;4.848484848484849;3.9393939393939394;0.06060606060606061;0.24242424242424243
2694;147105;339117;2023_2024;57741;futuro_real;72.3589001447178;6.976744186046512;0.0;0.20044543429844097;0.10022271714922049;1.0022271714922049;1.1692650334075723;0.7015590200445434;2.271714922048998;0.7015590200445434;0.30066815144766146;0.40089086859688194;0.5679287305122495;0.8017817371937639;2.4053452115812917;0.46770601336302897;5.278396436525613;1.5701559020044544;1.8708240534521159;0.20044543429844097
1320;149771;339841;2023_2024;57741;futuro_real;75.16483516483517;5.0;0.0;0.06818181818181819;0.06818181818181819;0.13636363636363638;0.5454545454545455;0.6818181818181819;0.6818181818181819;0.4090909090909091;0.06818181818181819;1.1590909090909092;0.27272727272727276;2.3863636363636362;0.8863636363636364;0.6818181818181819;6.136363636363637;3.0;0.13636363636363638;0.27272727272727276
1053;160906;339529;2023_2024;57741;futuro_real;72.1875;0.0;0.0;0.0;0.25641025641025644;0.7692307692307693;1.4529914529914532;0.5128205128205129;1.965811965811966;1.1111111111111112;0.17094017094017094;0.5982905982905983;0.3418803418803419;1.623931623931624;3.3333333333333335;0.7692307692307693;7.863247863247864;1.8803418803418805;1.1111111111111112;0.4273504273504274
1897;170616;176289;2023_2024;57741;futuro_real;75.04488330341114;0.0;0.0;0.0;0.0;0.1897733263046916;0.3795466526093832;0.0474433315761729;0.33210332103321033;0.0948866631523458;0.0;1.1860832894043225;0.47443331576172904;1.9926199261992619;0.7116499736425935;1.043753294675804;3.6056931997891404;1.3758566157090142;0.0;0.1897733263046916
1746;170785;309126;2023_2024;57741;futuro_real;75.27216174183515;10.256410256410255;100.0;0.2061855670103093;0.15463917525773196;0.6701030927835052;1.1340206185567012;0.2061855670103093;2.3195876288659796;0.2577319587628866;0.0;0.6185567010309279;0.8247422680412372;0.2061855670103093;1.3917525773195878;0.4639175257731959;10.515463917525773;1.907216494845361;1.0824742268041239;0.15463917525773196
1935;175208;243515;2023_2024;57741;futuro_real;81.52777777777777;0.0;0.0;0.0;0.0;0.046511627906976744;0.18604651162790697;0.046511627906976744;0.13953488372093023;0.32558139534883723;0.0;4.232558139534884;0.37209302325581395;1.255813953488372;0.18604651162790697;2.2790697674418605;1.069767441860465;3.0697674418604652;0.0;0.37209302325581395
1115;177064;159931;2023_2024;57741;futuro_real;71.9298245614035;16.666666666666664;0.0;0.40358744394618834;0.0;1.5336322869955157;0.6457399103139013;0.242152466367713;0.40358744394618834;0.40358744394618834;0.08071748878923767;0.40358744394618834;0.242152466367713;1.1300448430493273;1.695067264573991;1.5336322869955157;4.197309417040358;0.242152466367713;0.242152466367713;0.242152466367713
2149;194998;176139;2023_2024;57741;futuro_real;73.94789579158316;12.5;0.0;0.3769194974406701;0.25127966496044674;0.9632387156817125;1.2145183806421591;0.8375988832014891;1.5914378780828293;0.460679385760819;0.41879944160074456;0.25127966496044674;0.460679385760819;1.2145183806421591;1.2145183806421591;0.7957189390414147;7.077710563052583;0.6700791065611913;0.33503955328059565;0.20939972080037228
707;196037;340077;2023_2024;57741;futuro_real;78.38983050847457;6.0606060606060606;100.0;0.2545968882602546;0.2545968882602546;1.4002828854314004;1.4002828854314004;1.4002828854314004;3.30975954738331;0.8910891089108911;0.1272984441301273;0.2545968882602546;0.6364922206506365;1.0183875530410185;1.654879773691655;0.2545968882602546;12.857142857142858;2.418670438472419;1.272984441301273;0.3818953323903819
1822;210553;923196;2023_2024;57741;futuro_real;69.164265129683;25.0;100.0;0.5433589462129528;0.0;0.8397365532381998;0.9385290889132821;0.39517014270032935;0.8397365532381998;0.34577387486278816;0.7409440175631175;0.9385290889132821;0.34577387486278816;0.9879253567508233;1.4324917672886939;1.481888035126235;3.852908891328211;0.19758507135016468;0.19758507135016468;0.19758507135016468
276;213399;830004;2023_2024;57741;futuro_real;88.73239436619718;0.0;0.0;0.0;0.0;0.32608695652173914;0.6521739130434783;0.0;0.6521739130434783;1.6304347826086956;0.32608695652173914;0.0;0.9782608695652173;0.32608695652173914;5.869565217391304;0.0;10.434782608695652;3.5869565217391304;0.0;0.0
1607;214719;220929;2023_2024;57741;futuro_real;69.75717439293598;6.25;0.0;0.1120099564405725;0.0;0.44803982576229;1.120099564405725;0.224019912881145;0.39203484754200374;0.28002489110143125;0.05600497822028625;3.808338518979465;0.224019912881145;0.7840696950840075;1.0640945861854387;2.7442439327940265;3.528313627878034;2.632233976353454;0.1120099564405725;0.1120099564405725
2432;216036;246313;2023_2024;57741;futuro_real;78.1055900621118;18.823529411764707;100.0;0.5921052631578947;0.0;1.3692434210526316;1.221217105263158;0.5550986842105263;0.7401315789473685;0.5921052631578947;0.703125;0.5180921052631579;0.03700657894736842;0.962171052631579;1.924342105263158;1.7393092105263157;5.587993421052632;1.147203947368421;0.03700657894736842;0.11101973684210527
1916;224677;588144;2023_2024;57741;futuro_real;71.79080824088749;10.0;0.0;0.09394572025052192;0.09394572025052192;0.5167014613778705;0.2348643006263048;0.18789144050104384;1.6440501043841338;0.9394572025052192;0.2348643006263048;0.7045929018789144;0.7045929018789144;1.1273486430062631;0.7045929018789144;0.8455114822546973;8.455114822546973;0.7985386221294364;0.4697286012526096;0.1409185803757829
2149;238661;341981;2023_2024;57741;futuro_real;77.737881508079;4.761904761904762;0.0;0.041879944160074456;0.12563983248022337;0.2931596091205212;0.41879944160074456;0.16751977664029782;1.5076779897626804;0.5025593299208935;0.0;0.25127966496044674;1.0888785481619359;1.6751977664029782;2.303396928804095;0.7538389948813402;5.779432294090275;1.2145183806421591;1.2563983248022337;0.16751977664029782
1873;242991;339963;2023_2024;57741;futuro_real;73.6998514115899;0.0;0.0;0.0;0.0;0.048051254671649765;0.14415376401494928;0.048051254671649765;0.19220501868659906;0.14415376401494928;0.048051254671649765;4.997330485851576;0.3844100373731981;0.7688200747463962;1.0571276027762948;1.5376401494927925;3.9402028830752807;5.285638013881474;0.048051254671649765;0.19220501868659906
2087;246548;333585;2023_2024;57741;futuro_real;72.29050279329608;0.0;0.0;0.0;0.08624820316243412;0.2587446094873023;0.34499281264973647;0.08624820316243412;0.21562050790608528;0.08624820316243412;0.0;4.441782462865357;0.43124101581217056;1.0349784379492093;0.5606133205558217;3.104935313847628;2.414949688548155;3.8380450407283178;0.04312410158121706;0.2587446094873023
2008;249975;339843;2023_2024;57741;futuro_real;78.05280528052805;7.6923076923076925;0.0;0.08964143426294821;0.17928286852589642;0.26892430278884466;0.6274900398406374;0.26892430278884466;1.299800796812749;1.1653386454183268;0.35856573705179284;0.5826693227091634;0.35856573705179284;1.1653386454183268;2.3306772908366535;1.254980079681275;8.202191235059761;0.851593625498008;0.5826693227091634;0.49302788844621515
1023;249977;883294;2023_2024;57741;futuro_real;85.4978354978355;8.333333333333332;0.0;0.0879765395894428;0.0;0.26392961876832843;0.4398826979472141;0.3519061583577712;0.4398826979472141;0.1759530791788856;0.0;0.7038123167155425;0.5278592375366569;0.7038123167155425;0.8797653958944281;0.5278592375366569;5.718475073313782;1.7595307917888563;0.1759530791788856;0.1759530791788856
1588;250004;312270;2023_2024;57741;futuro_real;72.85974499089252;0.0;0.0;0.0;0.05667506297229219;0.0;0.17002518891687657;0.0;0.5100755667506297;0.28337531486146095;0.05667506297229219;1.4168765743073046;0.6234256926952141;1.9269521410579344;0.5667506297229219;0.3967254408060453;5.950881612090679;2.777078085642317;0.34005037783375314;0.22670025188916876
2807;250737;805065;2023_2024;57741;futuro_real;79.11617961511048;0.0;0.0;0.0;0.0;0.09618810117563234;0.22443890274314213;0.0641254007837549;0.5130032062700391;0.28856430352689705;0.0;1.4428215176344852;0.5771286070537941;0.8977556109725685;0.38475240470252936;0.48094050587816173;9.234057712860706;2.789454934093338;0.38475240470252936;0.16031350195938723
2743;250915;358194;2023_2024;57741;futuro_real;77.26218097447796;18.181818181818183;0.0;0.1968647466277798;0.06562158220925994;0.5249726576740795;0.4265402843601896;0.13124316441851988;0.36091870215092964;0.0984323733138899;0.0984323733138899;3.937294932555596;0.6234050309879694;0.7546481954064892;0.2952971199416697;1.115566897557419;3.018592781625957;4.101348888078746;0.03281079110462997;0.13124316441851988
2714;260318;338883;2023_2024;57741;futuro_real;73.74301675977654;33.33333333333333;100.0;0.1658069270449521;0.06632277081798084;0.26529108327192336;0.1658069270449521;0.06632277081798084;0.39793662490788506;0.1658069270449521;0.06632277081798084;4.443625644804716;0.39793662490788506;0.3647752394988946;0.5305821665438467;2.1554900515843776;2.3876197494473104;3.3492999263080323;0.06632277081798084;0.1658069270449521
2648;260324;339163;2023_2024;57741;futuro_real;73.90396659707724;17.24137931034483;0.0;0.16993957703927492;0.16993957703927492;0.3058912386706949;0.4758308157099698;0.20392749244712993;1.1895770392749245;0.4758308157099698;0.06797583081570997;2.0392749244712993;0.5098187311178248;1.2915407854984895;0.7477341389728097;0.8496978851963747;6.491691842900303;3.058912386706949;0.7817220543806647;0.20392749244712993
2719;262254;312346;2023_2024;57741;futuro_real;74.92795389048992;15.384615384615385;0.0;0.06620080912100036;0.03310040456050018;0.1986024273630011;0.23170283192350127;0.0;0.16550202280250093;0.03310040456050018;0.06620080912100036;5.660169179845531;0.2979036410445016;0.8275101140125045;0.728208900331004;2.4163295329165133;2.945936005884516;3.1776388378080176;0.0;0.13240161824200072
2820;270987;295161;2023_2024;57741;futuro_real;79.44700460829493;6.666666666666667;0.0;0.03191489361702128;0.06382978723404256;0.22340425531914895;0.19148936170212766;0.06382978723404256;0.9574468085106383;0.1595744680851064;0.09574468085106383;2.0106382978723407;0.4468085106382979;1.021276595744681;0.574468085106383;0.9574468085106383;5.9361702127659575;2.0106382978723407;0.7659574468085106;0.1595744680851064
1159;275266;339171;2023_2024;57741;futuro_real;62.41610738255034;8.333333333333332;0.0;0.07765314926660914;0.0;0.31061259706643657;0.31061259706643657;0.31061259706643657;0.6212251941328731;0.31061259706643657;0.31061259706643657;0.8541846419327006;0.31061259706643657;1.7860224331320103;0.6988783433994823;3.3390854184641934;4.7368421052631575;0.15530629853321828;0.15530629853321828;0.0
1103;279061;924793;2023_2024;57741;futuro_real;63.10679611650486;25.0;0.0;0.3263825929283771;0.08159564823209428;0.5711695376246599;0.6527651858567542;0.08159564823209428;0.6527651858567542;0.16319129646418856;0.8975521305530371;0.9791477787851314;0.08159564823209428;0.7343608340888486;0.5711695376246599;2.4478694469628284;3.182230281051677;0.3263825929283771;0.3263825929283771;0.16319129646418856
2488;279387;339475;2023_2024;57741;futuro_real;81.96930946291559;11.666666666666666;0.0;0.25321543408360125;0.07234726688102894;0.7958199356913183;0.9405144694533761;0.4340836012861736;1.1213826366559485;1.3745980707395498;0.4340836012861736;0.47025723472668807;0.47025723472668807;1.3745980707395498;2.02572347266881;0.6511254019292604;10.345659163987138;1.012861736334405;0.39790996784565913;0.1085209003215434
1465;279793;898755;2023_2024;57741;futuro_real;65.77380952380952;16.666666666666664;0.0;0.06143344709897611;0.0;0.18430034129692832;0.18430034129692832;0.0;0.18430034129692832;0.0;0.0;3.501706484641638;0.4300341296928327;0.7372013651877133;0.12286689419795221;1.720136518771331;1.781569965870307;3.1945392491467577;0.0;0.12286689419795221
296;283386;332777;2023_2024;57741;futuro_real;81.48148148148148;0.0;0.0;0.0;0.0;0.30405405405405406;0.30405405405405406;0.6081081081081081;1.5202702702702704;0.30405405405405406;0.0;0.6081081081081081;0.30405405405405406;1.2162162162162162;1.5202702702702704;0.0;8.513513513513514;3.3445945945945947;0.9121621621621622;0.0
2513;308810;312208;2023_2024;57741;futuro_real;79.55894826123834;0.0;0.0;0.0;0.0;0.07162753680859531;0.17906884202148826;0.10744130521289297;0.17906884202148826;0.07162753680859531;0.035813768404297654;2.9725427775567055;0.5372065260644648;0.8595304417031437;0.6446478312773578;1.2176681257461202;3.3306804615996817;2.5427775567051336;0.14325507361719061;0.21488261042578594
1588;315761;818401;2023_2024;57741;futuro_real;74.64503042596348;3.4482758620689653;0.0;0.05667506297229219;0.05667506297229219;0.4534005037783375;0.28337531486146095;0.906801007556675;1.2468513853904282;1.6435768261964734;0.05667506297229219;0.6801007556675063;0.3967254408060453;1.6435768261964734;2.153652392947103;0.906801007556675;6.1775818639798485;1.0768261964735515;1.0201511335012594;0.34005037783375314
925;325591;875662;2023_2024;57741;futuro_real;67.25352112676056;4.545454545454546;0.0;0.09729729729729729;0.0;0.681081081081081;1.1675675675675674;0.29189189189189185;1.5567567567567566;1.1675675675675674;0.19459459459459458;0.19459459459459458;0.29189189189189185;1.8486486486486484;1.5567567567567566;3.5027027027027025;6.518918918918918;1.0702702702702702;0.9729729729729729;0.29189189189189185
598;325696;805056;2023_2024;57741;futuro_real;81.49606299212599;0.0;0.0;0.0;0.15050167224080266;0.903010033444816;1.5050167224080266;0.6020066889632106;1.5050167224080266;0.451505016722408;0.451505016722408;0.6020066889632106;0.7525083612040133;0.903010033444816;1.806020066889632;0.15050167224080266;11.739130434782608;3.762541806020067;0.903010033444816;0.0
1235;325706;883389;2023_2024;57741;futuro_real;78.67867867867868;0.0;0.0;0.0;0.07287449392712551;0.0;0.6558704453441296;0.29149797570850206;0.5829959514170041;0.3643724696356275;0.07287449392712551;0.9473684210526316;0.8744939271255061;1.5303643724696356;1.6761133603238867;0.5101214574898786;6.048582995951417;2.3319838056680164;0.14574898785425103;0.21862348178137653
412;326200;840530;2023_2024;57741;futuro_real;72.12121212121212;11.11111111111111;0.0;0.2184466019417476;0.0;0.8737864077669903;0.6553398058252428;0.4368932038834952;0.8737864077669903;0.4368932038834952;0.0;0.8737864077669903;1.3106796116504855;1.7475728155339807;1.529126213592233;0.6553398058252428;9.830097087378642;3.058252427184466;0.0;0.2184466019417476
2913;329212;586956;2023_2024;57741;futuro_real;81.96881091617934;10.714285714285714;0.0;0.18537590113285274;0.2780638516992791;0.6488156539649845;0.5561277033985582;0.525231719876416;2.6879505664263643;1.01956745623069;0.6488156539649845;0.12358393408856848;0.9268795056642636;0.7106076210092688;0.8650875386199793;0.0;8.619979402677652;1.3594232749742534;1.544799176107106;0.12358393408856848
1439;330690;805068;2023_2024;57741;futuro_real;87.32394366197182;0.0;0.0;0.0;0.0;0.0;0.1250868658790827;0.06254343293954134;0.9381514940931203;0.06254343293954134;0.06254343293954134;0.7505211952744961;0.1250868658790827;0.8756080611535789;0.6879777623349548;0.37526059763724806;2.939541348158443;1.8763029881862405;0.06254343293954134;0.18763029881862403
1742;332776;760636;2023_2024;57741;futuro_real;69.57446808510637;4.0;0.0;0.05166475315729047;0.15499425947187143;0.2583237657864524;0.7749712973593571;0.2583237657864524;1.4466130884041333;0.3616532721010333;0.10332950631458095;1.8082663605051665;0.2066590126291619;0.9299655568312285;1.0332950631458095;0.8266360505166476;4.701492537313433;1.963260619977038;0.9299655568312285;0.2066590126291619
383;333025;805261;2023_2024;57741;futuro_real;67.44186046511628;0.0;0.0;0.0;0.0;0.2349869451697128;0.2349869451697128;0.2349869451697128;0.4699738903394256;0.0;0.0;2.5848563968668405;0.2349869451697128;0.9399477806788512;0.7049608355091384;2.8198433420365534;4.2297650130548305;3.759791122715405;0.4699738903394256;0.2349869451697128
1674;335217;883397;2023_2024;57741;futuro_real;82.13367609254499;0.0;0.0;0.0;0.05376344086021505;0.2150537634408602;0.5376344086021505;0.26881720430107525;0.5913978494623655;0.4301075268817204;0.05376344086021505;0.9677419354838709;0.7526881720430108;1.6666666666666665;0.9677419354838709;0.6451612903225806;6.827956989247311;2.6344086021505375;0.26881720430107525;0.1075268817204301
2581;335677;874985;2023_2024;57741;futuro_real;86.61290322580645;10.526315789473683;0.0;0.06974041069352964;0.03487020534676482;0.27896164277411856;0.3138318481208834;0.06974041069352964;0.4533126695079427;0.1743510267338241;0.0;2.371173963580008;0.13948082138705928;0.7671445176288261;1.325067803177063;1.359938008523828;4.707477721813251;3.1731886865555987;0.0;0.13948082138705928
2869;351561;831183;2023_2024;57741;futuro_real;78.81656804733727;5.88235294117647;0.0;0.03136981526664343;0.0;0.25095852213314745;0.21958870686650403;0.06273963053328686;0.4078075984663646;0.34506796793307776;0.06273963053328686;0.8469850121993726;0.5019170442662949;1.1293133495991636;1.317532241199024;0.5960264900662252;4.987800627396306;1.662600209132102;0.15684907633321715;0.15684907633321715
692;352344;876926;2023_2024;57741;futuro_real;70.75471698113208;0.0;0.0;0.0;0.0;0.0;0.13005780346820808;0.0;0.26011560693641617;0.13005780346820808;0.26011560693641617;1.560693641618497;0.3901734104046243;1.430635838150289;0.6502890173410405;0.5202312138728323;5.852601156069364;2.4710982658959537;0.13005780346820808;0.26011560693641617
251;356381;873703;2023_2024;57741;futuro_real;69.31818181818183;0.0;0.0;0.0;0.35856573705179284;0.0;0.0;0.35856573705179284;1.0756972111553786;0.35856573705179284;0.0;1.0756972111553786;0.35856573705179284;0.35856573705179284;0.7171314741035857;1.0756972111553786;5.7370517928286855;1.7928286852589643;0.7171314741035857;0.0
1522;358016;789372;2023_2024;57741;futuro_real;79.01408450704224;3.7037037037037033;0.0;0.05913272010512483;0.05913272010512483;0.6504599211563732;0.8869908015768725;0.05913272010512483;0.6504599211563732;0.2956636005256242;0.11826544021024966;0.8278580814717477;1.064388961892247;1.4783180026281209;0.5321944809461235;2.0105124835742445;5.913272010512483;2.7792378449408672;0.23653088042049933;0.2956636005256242
881;358338;925309;2023_2024;57741;futuro_real;71.0;0.0;0.0;0.0;0.2043132803632236;0.2043132803632236;0.4086265607264472;0.1021566401816118;0.9194097616345062;0.3064699205448354;0.0;0.9194097616345062;1.021566401816118;2.349602724177071;1.9409761634506242;0.1021566401816118;3.98410896708286;1.9409761634506242;0.0;0.6129398410896708
2268;375353;1131302;2023_2024;57741;futuro_real;83.35273573923166;5.88235294117647;0.0;0.03968253968253968;0.03968253968253968;0.2380952380952381;0.2380952380952381;0.19841269841269843;0.5158730158730159;0.11904761904761905;0.03968253968253968;1.150793650793651;0.39682539682539686;0.9523809523809524;0.39682539682539686;0.39682539682539686;5.753968253968254;2.3412698412698414;0.0;0.15873015873015872
2948;380603;829029;2023_2024;57741;futuro_real;82.3093220338983;10.666666666666668;66.66666666666666;0.2442333785617368;0.3968792401628223;0.6105834464043419;0.9464043419267301;0.7327001356852104;2.8392130257801904;0.8853459972862958;0.1831750339213026;0.2137042062415197;0.2747625508819539;0.8242876526458617;1.4654002713704208;0.45793758480325647;14.592944369063773;3.327679782903664;1.7096336499321576;0.0915875169606513
2822;400051;883287;2023_2024;57741;futuro_real;75.4180602006689;4.761904761904762;0.0;0.03189227498228207;0.06378454996456415;0.0956768249468462;0.3508150248051028;0.2232459248759745;0.9248759744861801;0.4783841247342311;0.06378454996456415;2.200566973777463;0.4783841247342311;0.5740609496810772;1.0843373493975903;1.0524450744153084;5.54925584691708;3.9227498228206947;0.6378454996456414;0.1913536498936924
299;400254;846749;2023_2024;57741;futuro_real;77.61194029850746;0.0;0.0;0.0;0.0;0.903010033444816;1.5050167224080266;0.3010033444816053;0.903010033444816;0.6020066889632106;0.0;0.0;0.6020066889632106;0.6020066889632106;1.806020066889632;0.0;6.020066889632107;1.806020066889632;0.0;0.3010033444816053
1064;403809;1006509;2023_2024;57741;futuro_real;78.27788649706457;11.11111111111111;0.0;0.08458646616541353;0.0;0.2537593984962406;0.42293233082706766;0.08458646616541353;0.5075187969924811;0.3383458646616541;0.08458646616541353;2.6221804511278193;0.7612781954887218;1.6917293233082706;0.5921052631578947;1.607142857142857;5.159774436090225;2.6221804511278193;0.08458646616541353;0.08458646616541353
2615;409092;926640;2023_2024;57741;futuro_real;65.34296028880865;17.647058823529413;0.0;0.10325047801147227;0.0;0.20650095602294455;0.24091778202676864;0.13766730401529637;0.20650095602294455;0.3441682600382409;0.03441682600382409;4.095602294455067;0.7915869980879541;0.9980879541108986;0.6539196940726577;1.6175908221797322;3.6137667304015295;4.680688336520077;0.0;0.13766730401529637
305;412899;1131289;2023_2024;57741;futuro_real;73.21428571428571;12.5;0.0;0.29508196721311475;0.0;0.29508196721311475;1.4754098360655739;0.5901639344262295;1.180327868852459;0.29508196721311475;0.29508196721311475;0.29508196721311475;0.0;0.8852459016393442;1.180327868852459;0.8852459016393442;5.901639344262295;0.5901639344262295;0.0;0.29508196721311475
726;420864;879629;2023_2024;57741;futuro_real;63.1578947368421;0.0;0.0;0.0;0.12396694214876033;0.12396694214876033;0.6198347107438017;0.0;0.8677685950413223;0.49586776859504134;0.49586776859504134;0.6198347107438017;0.12396694214876033;0.8677685950413223;1.3636363636363638;0.9917355371900827;3.8429752066115705;0.6198347107438017;0.0;0.0
2922;422398;830660;2023_2024;57741;futuro_real;82.4422843256379;0.0;0.0;0.0;0.0;0.030800821355236138;0.15400410677618068;0.030800821355236138;0.12320328542094455;0.15400410677618068;0.061601642710472276;2.9876796714579053;0.27720739219712526;0.9240246406570841;0.36960985626283366;1.6940451745379876;3.2032854209445585;4.5277207392197125;0.030800821355236138;0.061601642710472276
2563;422914;830880;2023_2024;57741;futuro_real;77.93650793650794;7.142857142857142;0.0;0.14046039797112758;0.14046039797112758;0.7725321888412017;0.8778774873195474;0.3160358954350371;1.018337885290675;0.45649629340616465;0.10534529847834569;0.3160358954350371;0.45649629340616465;0.45649629340616465;1.5801794771751854;0.07023019898556379;6.039797112758486;1.1236831837690207;0.5969566913772922;0.035115099492781895
12;434955;883293;2023_2024;57741;futuro_real;84.61538461538461;0.0;0.0;0.0;0.0;0.0;0.0;0.0;0.0;0.0;0.0;0.0;0.0;0.0;0.0;0.0;7.5;7.5;0.0;0.0
1038;443575;885583;2023_2024;57741;futuro_real;76.66666666666667;33.33333333333333;0.0;0.17341040462427745;0.08670520231213873;0.3468208092485549;0.17341040462427745;0.0;0.26011560693641617;0.3468208092485549;0.17341040462427745;8.150289017341041;0.26011560693641617;0.6936416184971098;0.6069364161849711;2.341040462427746;3.3815028901734103;6.242774566473988;0.08670520231213873;0.26011560693641617
1783;443717;846486;2023_2024;57741;futuro_real;76.92307692307693;5.88235294117647;0.0;0.050476724621424565;0.050476724621424565;0.1514301738642737;0.4038137969713965;0.3028603477285474;1.3123948401570387;1.3628715647784633;0.050476724621424565;1.1104879416713405;0.4038137969713965;1.1104879416713405;1.4638250140213125;1.1104879416713405;5.199102636006731;0.9085810431856423;1.0095344924284915;0.20190689848569826
327;447932;883720;2023_2024;57741;futuro_real;71.09375;0.0;0.0;0.0;0.0;0.0;0.8256880733944955;0.0;0.5504587155963303;0.8256880733944955;0.0;2.2018348623853212;1.3761467889908257;2.7522935779816513;2.7522935779816513;2.2018348623853212;6.330275229357798;1.3761467889908257;0.27522935779816515;0.5504587155963303
1014;447934;882837;2023_2024;57741;futuro_real;76.72955974842768;0.0;0.0;0.0;0.08875739644970414;0.35502958579881655;0.4437869822485207;0.17751479289940827;0.5325443786982248;0.7100591715976331;0.0;1.863905325443787;0.2662721893491124;1.7751479289940828;0.621301775147929;0.9763313609467454;5.680473372781065;1.6863905325443787;0.7100591715976331;0.2662721893491124
3053;457058;895589;2023_2024;57741;futuro_real;82.74193548387096;17.391304347826086;0.0;0.11791680314444808;0.0;0.26531280707500815;0.3242712086472322;0.08843760235833606;0.08843760235833606;0.11791680314444808;0.02947920078611202;3.36062888961677;0.3242712086472322;0.7664592204389125;0.4716672125777923;1.9751064526695052;1.739272846380609;3.301670488044546;0.0;0.17687520471667212
2006;458603;924736;2023_2024;57741;futuro_real;68.75;18.51851851851852;0.0;0.448654037886341;0.0448654037886341;1.1665004985044867;1.0319042871385844;0.2243270189431705;1.0319042871385844;0.7627118644067797;0.6729810568295115;0.4935194416749751;0.3589232303090728;1.0767696909272184;1.1216350947158524;1.4356929212362912;6.101694915254238;0.8075772681954138;0.7627118644067797;0.0448654037886341
1361;460621;1018134;2023_2024;57741;futuro_real;85.14115898959881;0.0;0.0;0.0;0.0;0.0;0.19838354151359294;0.0;0.0;0.33063923585598826;0.0;5.091844232182219;0.1322556943423953;0.5951506245407788;0.33063923585598826;1.719324026451139;2.446730345334313;3.967670830271859;0.0;0.19838354151359294
1530;473579;876928;2023_2024;57741;futuro_real;81.52542372881356;0.0;0.0;0.0;0.0;0.17647058823529413;0.47058823529411764;0.35294117647058826;0.23529411764705882;0.8823529411764706;0.058823529411764705;1.8823529411764706;0.47058823529411764;1.0588235294117647;1.5294117647058822;1.0;7.882352941176471;1.1176470588235294;0.058823529411764705;0.17647058823529413
525;480523;876927;2023_2024;57741;futuro_real;86.38132295719845;20.0;0.0;0.17142857142857143;0.0;0.34285714285714286;0.5142857142857143;0.0;0.17142857142857143;0.0;0.17142857142857143;3.6;0.5142857142857143;1.542857142857143;0.5142857142857143;2.2285714285714286;0.8571428571428572;1.885714285714286;0.0;0.17142857142857143
425;480527;973681;2023_2024;57741;futuro_real;82.08955223880598;20.0;0.0;0.21176470588235294;0.0;0.21176470588235294;0.4235294117647059;0.4235294117647059;0.6352941176470588;0.4235294117647059;0.4235294117647059;0.21176470588235294;0.8470588235294118;3.6;1.2705882352941176;0.4235294117647059;7.2;0.4235294117647059;0.8470588235294118;0.8470588235294118
305;483714;883296;2023_2024;57741;futuro_real;83.33333333333334;5.88235294117647;0.0;0.29508196721311475;0.29508196721311475;1.4754098360655739;1.4754098360655739;2.0655737704918034;2.6557377049180326;0.5901639344262295;0.29508196721311475;0.0;0.29508196721311475;1.4754098360655739;2.0655737704918034;0.8852459016393442;10.032786885245901;0.29508196721311475;0.8852459016393442;0.0
2201;489993;875661;2023_2024;57741;futuro_real;76.2874251497006;0.0;0.0;0.0;0.0408905043162199;0.0408905043162199;0.0817810086324398;0.2044525215810995;0.6542480690595184;0.8587005906406179;0.0;2.5761017719218535;0.5724670604270786;1.1449341208541572;0.4906860517946388;0.7360290776919582;3.9254884143571105;3.189459336665152;0.5724670604270786;0.3680145388459791
1915;490717;924783;2023_2024;57741;futuro_real;81.22317596566523;2.4390243902439024;0.0;0.04699738903394256;0.3289817232375979;0.42297650130548303;1.0809399477806787;0.42297650130548303;2.302872062663185;1.3159268929503916;0.09399477806788512;0.18798955613577023;0.7049608355091384;0.7519582245430809;2.960835509138381;0.8459530026109661;14.381201044386422;4.1827676240208875;1.3159268929503916;0.09399477806788512
1096;491560;975540;2023_2024;57741;futuro_real;79.37608318890814;27.27272727272727;0.0;0.24635036496350365;0.0;0.41058394160583944;0.3284671532846716;0.1642335766423358;0.3284671532846716;0.3284671532846716;0.0821167883211679;0.9854014598540146;0.6569343065693432;1.1496350364963503;0.5748175182481752;1.8886861313868615;9.114963503649635;1.7244525547445257;0.0821167883211679;0.0821167883211679
450;491569;936165;2023_2024;57741;futuro_real;82.16560509554141;0.0;0.0;0.0;0.0;0.0;0.4;0.2;0.2;0.0;0.0;2.0;1.2;2.0;0.2;0.6;2.8;2.4;0.0;0.2
856;494220;885006;2023_2024;57741;futuro_real;73.83720930232558;8.333333333333332;0.0;0.10514018691588785;0.0;0.2102803738317757;0.8411214953271028;0.2102803738317757;0.4205607476635514;0.10514018691588785;0.0;2.5233644859813085;1.2616822429906542;1.47196261682243;0.5257009345794392;1.9976635514018692;5.046728971962617;2.102803738317757;0.0;0.10514018691588785
809;501586;877910;2023_2024;57741;futuro_real;73.4567901234568;0.0;0.0;0.0;0.0;0.0;0.22249690976514214;0.0;0.4449938195302843;0.0;0.0;2.892459826946848;1.0012360939431397;1.8912237330037083;0.4449938195302843;1.1124845488257107;5.673671199011125;2.892459826946848;0.11124845488257107;0.22249690976514214
2591;520457;892073;2023_2024;57741;futuro_real;81.31655372700871;10.344827586206897;0.0;0.10420686993438827;0.13894249324585103;0.34735623311462754;0.3126206098031648;0.34735623311462754;0.6599768429177924;0.27788498649170207;0.0;1.3199536858355847;0.5210343496719414;1.3894249324585102;1.4588961790814359;1.8062524121960633;6.877653415669626;1.875723658818989;0.03473562331146276;0.27788498649170207
1210;520501;886545;2023_2024;57741;futuro_real;74.08906882591093;6.0606060606060606;0.0;0.1487603305785124;0.1487603305785124;0.743801652892562;1.1900826446280992;0.5206611570247934;1.7107438016528926;0.6694214876033058;0.6694214876033058;0.5206611570247934;0.0743801652892562;0.8181818181818181;0.743801652892562;0.8925619834710744;6.024793388429752;0.9669421487603306;0.8181818181818181;0.0
602;522868;893536;2023_2024;57741;futuro_real;62.745098039215684;18.181818181818183;100.0;0.5980066445182725;0.0;1.345514950166113;1.6445182724252492;0.29900332225913623;0.5980066445182725;0.5980066445182725;0.4485049833887043;0.29900332225913623;0.5980066445182725;1.196013289036545;2.2425249169435215;4.0365448504983386;3.2890365448504983;0.4485049833887043;0.0;0.14950166112956811
274;527625;892669;2023_2024;57741;futuro_real;73.46938775510205;18.181818181818183;0.0;0.6569343065693432;0.0;1.3138686131386863;1.6423357664233578;0.6569343065693432;0.9854014598540146;1.3138686131386863;0.6569343065693432;1.3138686131386863;0.6569343065693432;1.9708029197080292;1.3138686131386863;0.6569343065693432;5.255474452554745;0.0;0.0;0.3284671532846716
1410;530444;941410;2023_2024;57741;futuro_real;67.93103448275862;5.263157894736842;0.0;0.19148936170212766;0.3191489361702128;1.148936170212766;1.6595744680851063;0.8297872340425532;1.5319148936170213;0.8936170212765958;0.3191489361702128;0.4468085106382979;0.25531914893617025;1.0851063829787235;1.9148936170212767;0.574468085106383;6.446808510638298;0.8936170212765958;0.19148936170212766;0.25531914893617025
1042;533569;895338;2023_2024;57741;futuro_real;78.99686520376176;15.384615384615385;0.0;0.1727447216890595;0.1727447216890595;0.43186180422264875;0.5182341650671786;0.1727447216890595;1.5547024952015356;0.43186180422264875;0.1727447216890595;0.7773512476007678;0.1727447216890595;0.9500959692898273;0.9500959692898273;0.08637236084452975;6.564299424184261;1.9001919385796546;0.5182341650671786;0.345489443378119
2630;537255;895364;2023_2024;57741;futuro_real;71.2624584717608;6.41025641025641;0.0;0.17110266159695817;0.13688212927756654;1.0608365019011408;1.0950570342205324;0.5133079847908746;1.8136882129277567;0.8555133079847909;0.7186311787072244;0.20532319391634982;0.6501901140684411;0.9239543726235742;1.1634980988593155;0.13688212927756654;6.775665399239544;1.129277566539924;0.9239543726235742;0.10266159695817491
1815;547021;949793;2023_2024;57741;futuro_real;69.48453608247422;0.0;0.0;0.0;0.09917355371900825;0.24793388429752064;0.4958677685950413;0.1983471074380165;0.9917355371900826;0.4958677685950413;0.0;2.0330578512396693;0.24793388429752064;1.487603305785124;0.5950413223140496;1.0413223140495866;5.305785123966942;1.140495867768595;0.8429752066115702;0.24793388429752064
920;565193;925119;2023_2024;57741;futuro_real;76.0655737704918;0.0;0.0;0.0;0.09782608695652174;0.391304347826087;0.29347826086956524;0.29347826086956524;0.8804347826086957;0.09782608695652174;0.09782608695652174;0.48913043478260876;1.2717391304347827;0.48913043478260876;0.48913043478260876;0.09782608695652174;5.380434782608696;3.130434782608696;0.48913043478260876;0.0
2966;597455;937859;2023_2024;57741;futuro_real;76.51869158878505;15.909090909090908;100.0;0.42481456507080245;0.6979096426163183;1.1227242076871207;1.1834120026972352;0.3641267700606878;2.518543492919757;1.4868509777478085;0.667565745111261;0.21240728253540123;0.758597437626433;1.6689143627781524;1.062036412677006;0.2730950775455158;9.467296021577882;0.9710047201618341;2.0937289278489546;0.060687795010114634
2016;621028;980889;2023_2024;57741;futuro_real;77.77777777777779;5.555555555555555;0.0;0.044642857142857144;0.044642857142857144;0.22321428571428573;0.35714285714285715;0.22321428571428573;0.7142857142857143;0.26785714285714285;0.044642857142857144;2.142857142857143;0.26785714285714285;1.205357142857143;1.7857142857142858;0.9375000000000001;3.3928571428571432;1.830357142857143;0.8035714285714286;0.22321428571428573
2079;621029;923740;2023_2024;57741;futuro_real;79.73451327433628;0.0;0.0;0.0;0.0;0.17316017316017315;0.21645021645021645;0.08658008658008658;0.30303030303030304;0.08658008658008658;0.04329004329004329;3.2900432900432897;0.7359307359307359;1.0822510822510822;0.47619047619047616;2.7705627705627704;3.9826839826839824;3.766233766233766;0.0;0.3463203463203463
815;628328;932088;2023_2024;57741;futuro_real;78.03468208092485;5.0;0.0;0.11042944785276074;0.11042944785276074;0.5521472392638037;1.2147239263803682;0.44171779141104295;2.539877300613497;1.1042944785276074;0.11042944785276074;0.0;0.22085889570552147;0.7730061349693251;0.5521472392638037;0.5521472392638037;13.47239263803681;1.5460122699386503;1.7668711656441718;0.11042944785276074
3014;628750;962187;2023_2024;57741;futuro_real;73.67038739330269;6.666666666666667;0.0;0.11944260119442601;0.11944260119442601;0.38818845388188455;1.1048440610484407;0.29860650298606506;1.1347047113470472;0.9256801592568017;0.08958195089581951;1.5228931652289317;0.3284671532846716;0.6569343065693432;0.41804910418049107;1.6124751161247513;7.6144658261446585;4.777704047777041;0.5972130059721301;0.14930325149303253
604;638929;957940;2023_2024;57741;futuro_real;72.38095238095238;0.0;0.0;0.0;0.0;0.14900662251655628;0.14900662251655628;0.0;0.29801324503311255;0.4470198675496689;0.0;3.129139072847682;0.7450331125827815;1.6390728476821192;0.0;1.6390728476821192;3.4271523178807946;2.980132450331126;0.29801324503311255;0.14900662251655628
1041;639458;922870;2023_2024;57741;futuro_real;81.437125748503;0.0;0.0;0.0;0.08645533141210375;0.0;0.43227665706051877;0.1729106628242075;0.7780979827089337;0.25936599423631124;0.0;0.9510086455331412;0.5187319884726225;2.5072046109510087;0.9510086455331412;1.037463976945245;4.495677233429395;5.273775216138328;0.25936599423631124;0.345821325648415
2054;639467;924881;2023_2024;57741;futuro_real;71.61016949152543;0.0;0.0;0.0;0.0;0.0;0.2629016553067186;0.17526777020447906;0.7010710808179162;0.5258033106134372;0.043816942551119765;1.7964946445959105;0.9639727361246349;1.7964946445959105;1.4021421616358325;0.6134371957156767;4.118792599805258;1.9717624148003894;0.3943524829600779;0.30671859785783834
1406;639764;965761;2023_2024;57741;futuro_real;76.86084142394822;0.0;0.0;0.0;0.0;0.06401137980085349;0.3200568990042674;0.3840682788051209;0.3200568990042674;0.12802275960170698;0.0;2.880512091038407;0.5761024182076814;1.4722617354196301;0.5120910384068279;0.7681365576102418;4.416785206258891;4.608819345661451;0.0;0.25604551920341395
1083;641820;933730;2023_2024;57741;futuro_real;73.78277153558052;9.090909090909092;0.0;0.16620498614958448;0.08310249307479224;0.5817174515235457;0.8310249307479225;0.41551246537396125;1.1634349030470914;0.997229916897507;0.4986149584487535;0.6648199445983379;1.4958448753462603;1.5789473684210527;2.0775623268698062;0.7479224376731302;6.232686980609419;1.2465373961218837;0.5817174515235457;0.33240997229916897
2590;643928;832687;2023_2024;57741;futuro_real;69.27453769559034;5.405405405405405;0.0;0.0694980694980695;0.10424710424710425;0.416988416988417;0.6949806949806949;0.17374517374517373;1.633204633204633;1.111969111969112;0.17374517374517373;0.7992277992277992;0.4517374517374517;1.4594594594594594;1.4594594594594594;0.6949806949806949;5.351351351351351;1.7027027027027026;1.3204633204633205;0.24324324324324323
1339;644109;976096;2023_2024;57741;futuro_real;81.0;3.4482758620689653;0.0;0.06721433905899925;0.33607169529499625;0.8737864077669902;0.7393577296489917;0.33607169529499625;2.0164301717699775;1.0082150858849888;0.4032860343539955;0.0;0.806572068707991;1.6803584764749813;1.9492158327109783;0.1344286781179985;9.544436146377894;1.8147871545929797;1.1426437640029872;0.20164301717699776
2372;647304;830085;2023_2024;57741;futuro_real;83.53448275862068;5.88235294117647;0.0;0.03794266441821248;0.0;0.22765598650927488;0.3414839797639123;0.07588532883642496;0.5311973018549747;0.30354131534569984;0.0;3.4148397976391234;0.6450252951096122;1.327993254637437;0.30354131534569984;1.6315345699831367;4.856661045531197;6.41231028667791;0.0;0.3414839797639123
1281;653484;975241;2023_2024;57741;futuro_real;77.77777777777779;11.11111111111111;0.0;0.07025761124121781;0.0;0.2107728337236534;0.4215456674473068;0.0;0.9133489461358314;0.4215456674473068;0.0;1.7564402810304451;0.49180327868852464;1.4754098360655739;0.8430913348946136;0.49180327868852464;6.8149882903981265;1.2646370023419204;0.5620608899297425;0.28103044496487123
1058;653673;976302;2023_2024;57741;futuro_real;76.61290322580645;22.22222222222222;0.0;0.34026465028355385;0.0;0.7655954631379962;0.7655954631379962;0.0;0.4253308128544423;0.4253308128544423;0.17013232514177692;1.5311909262759924;0.8506616257088846;0.9357277882797731;0.5103969754253308;1.8714555765595462;3.487712665406427;1.0207939508506616;0.0;0.17013232514177692
458;654297;973563;2023_2024;57741;futuro_real;73.22834645669292;0.0;0.0;0.0;0.19650655021834063;0.0;0.5895196506550219;0.5895196506550219;0.9825327510917031;0.39301310043668125;0.0;0.39301310043668125;0.39301310043668125;2.161572052401747;2.161572052401747;0.39301310043668125;6.0917030567685595;1.1790393013100438;0.0;0.39301310043668125
2811;654298;973566;2023_2024;57741;futuro_real;88.01742919389977;5.263157894736842;0.0;0.064034151547492;0.032017075773746;0.22411953041622198;0.576307363927428;0.41622198505869795;0.44823906083244397;0.256136606189968;0.032017075773746;1.1205976520811098;0.512273212379936;0.9925293489861259;0.9605122732123799;0.7043756670224119;6.659551760939167;3.073639274279616;0.064034151547492;0.256136606189968
2628;656061;977086;2023_2024;57741;futuro_real;68.60795454545455;7.6923076923076925;0.0;0.03424657534246575;0.10273972602739727;0.10273972602739727;0.273972602739726;0.0684931506849315;0.547945205479452;0.3082191780821918;0.10273972602739727;1.952054794520548;0.6164383561643836;0.8561643835616438;0.7876712328767124;0.9589041095890412;3.3219178082191783;1.7808219178082192;0.7876712328767124;0.2397260273972603
2542;656911;1098312;2023_2024;57741;futuro_real;83.28611898016997;0.0;0.0;0.0;0.03540519276160504;0.24783634933123525;0.7081038552321007;0.35405192761605037;1.1683713611329662;0.42486231313926043;0.07081038552321008;1.5224232887490166;0.4956726986624705;0.955940204563336;0.8143194335169158;1.4870180959874115;11.223446105428797;4.531864673485445;0.14162077104642015;0.10621557828481511
299;657221;975853;2023_2024;57741;futuro_real;81.08108108108108;0.0;0.0;0.0;0.0;0.3010033444816053;0.3010033444816053;0.0;0.0;0.3010033444816053;0.0;3.0100334448160533;0.3010033444816053;0.6020066889632106;2.709030100334448;0.3010033444816053;2.4080267558528425;3.0100334448160533;0.0;0.0
2923;662605;980141;2023_2024;57741;futuro_real;83.45864661654136;0.0;0.0;0.0;0.09237085186452276;0.1539514197742046;0.3079028395484092;0.18474170372904553;0.769757098871023;0.12316113581936368;0.09237085186452276;0.7081765309613411;0.8005473828258639;1.7550461854259325;0.9852890865549094;0.5850153951419775;8.959972630858708;3.448511802942183;0.5850153951419775;0.12316113581936368
433;664864;882897;2023_2024;57741;futuro_real;80.15873015873017;0.0;0.0;0.0;0.0;0.0;0.41570438799076215;0.0;0.41570438799076215;0.20785219399538107;0.0;2.0785219399538106;1.0392609699769053;1.8706697459584296;1.8706697459584296;0.8314087759815243;3.325635103926097;0.8314087759815243;0.0;0.20785219399538107
1093;665113;975919;2023_2024;57741;futuro_real;76.0;5.555555555555555;0.0;0.08234217749313816;0.24702653247941447;0.576395242451967;0.9057639524245197;0.0;1.3174748398902105;0.9057639524245197;0.08234217749313816;0.4117108874656908;0.16468435498627632;2.552607502287283;2.140896614821592;1.564501372369625;5.022872827081428;0.49405306495882895;0.16468435498627632;0.16468435498627632
2572;670060;1090706;2023_2024;57741;futuro_real;74.56647398843931;2.5974025974025974;0.0;0.06998444790046655;0.10497667185069984;0.5948678071539657;1.4696734059097978;0.6298600311041991;0.8398133748055987;0.9097978227060652;0.1399688958009331;0.8048211508553654;0.3499222395023328;1.2947122861586313;2.0295489891135303;2.1695178849144634;5.003888024883359;0.3499222395023328;0.24494556765163294;0.10497667185069984
1194;671879;1049088;2023_2024;57741;futuro_real;69.43620178041543;0.0;0.0;0.0;0.07537688442211055;0.1507537688442211;0.37688442211055273;0.07537688442211055;0.22613065326633164;0.3015075376884422;0.07537688442211055;1.2814070351758793;0.3015075376884422;2.2613065326633164;0.829145728643216;0.829145728643216;3.467336683417085;2.1105527638190953;0.07537688442211055;0.37688442211055273
1118;67439;974451;2023_2024;57741;futuro_real;84.9586776859504;15.384615384615385;0.0;0.16100178890876565;0.16100178890876565;0.24150268336314848;0.6440071556350626;0.16100178890876565;1.1270125223613596;0.4025044722719141;0.16100178890876565;0.7245080500894454;0.8050089445438282;1.851520572450805;2.9785330948121644;0.3220035778175313;12.236135957066189;5.152057245080501;0.48300536672629696;0.3220035778175313
1612;679264;886763;2023_2024;57741;futuro_real;73.15634218289085;8.47457627118644;0.0;0.2791563275434243;0.11166253101736973;1.1724565756823822;1.619106699751861;0.5024813895781638;1.1724565756823822;1.619106699751861;0.3349875930521092;0.8933002481389578;0.390818858560794;1.8424317617866004;1.3399503722084367;2.06575682382134;5.9181141439205955;0.390818858560794;0.5024813895781638;0.2791563275434243
1586;687529;984107;2023_2024;57741;futuro_real;71.13702623906705;20.0;100.0;0.6242118537200504;0.05674653215636822;1.7591424968474147;1.021437578814628;0.34047919293820933;0.45397225725094575;0.39722572509457754;0.17023959646910466;0.9079445145018915;0.0;1.532156368221942;1.532156368221942;1.6456494325346782;4.14249684741488;0.34047919293820933;0.11349306431273644;0.28373266078184106
1093;697418;992958;2023_2024;57741;futuro_real;69.95412844036697;0.0;0.0;0.0;0.0;0.16468435498627632;0.4117108874656908;0.08234217749313816;0.08234217749313816;0.08234217749313816;0.0;3.9524245196706316;0.4117108874656908;1.3174748398902105;0.4117108874656908;2.3879231473010063;4.03476669716377;4.858188472095152;0.0;0.576395242451967
2812;704884;931653;2023_2024;57741;futuro_real;72.39263803680981;7.6923076923076925;0.0;0.06401137980085349;0.0;0.25604551920341395;0.44807965860597443;0.12802275960170698;0.12802275960170698;0.09601706970128022;0.06401137980085349;4.864864864864865;0.22403982930298721;0.8641536273115221;0.5440967283072546;1.7923186344238977;2.3044096728307255;4.096728307254623;0.0;0.0
1819;72969;34016;2023_2024;57741;futuro_real;89.41311852704258;33.33333333333333;0.0;0.04947773501924134;0.04947773501924134;0.04947773501924134;0.09895547003848268;0.0;0.44529961517317207;0.3958218801539307;0.0;1.1379879054425508;0.3958218801539307;0.8905992303463441;0.593732820230896;0.34634414513468936;5.442550852116547;1.880153930731171;0.148433205057724;0.19791094007696536
2067;73704;180045;2023_2024;57741;futuro_real;83.78995433789954;9.523809523809524;0.0;0.08708272859216257;0.0;0.2177068214804064;0.6095791001451379;0.08708272859216257;0.13062409288824384;0.17416545718432513;0.0;3.9622641509433967;0.13062409288824384;0.783744557329463;0.5224963715529753;2.7431059506531206;1.9593613933236576;4.354136429608128;0.043541364296081284;0.2177068214804064
391;73705;249599;2023_2024;57741;futuro_real;78.2122905027933;0.0;0.0;0.0;0.23017902813299235;0.4603580562659847;0.23017902813299235;0.23017902813299235;1.381074168797954;0.9207161125319694;0.0;0.23017902813299235;1.1508951406649617;1.381074168797954;2.531969309462916;1.1508951406649617;10.358056265984656;4.373401534526854;1.6112531969309465;0.0
787;738469;1020855;2023_2024;57741;futuro_real;80.49382716049382;0.0;0.0;0.0;0.0;0.0;0.914866581956798;0.11435832274459976;0.0;0.11435832274459976;0.11435832274459976;5.031766200762389;0.3430749682337993;0.8005082592121983;0.3430749682337993;2.401524777636595;2.7445997458703943;5.832274459974587;0.0;0.457433290978399
2405;738710;1016982;2023_2024;57741;futuro_real;80.50847457627118;16.666666666666664;0.0;0.1496881496881497;0.11226611226611227;0.41164241164241167;0.22453222453222454;0.26195426195426197;0.5987525987525988;0.5613305613305614;0.037422037422037424;1.16008316008316;0.8981288981288982;1.496881496881497;0.7110187110187111;0.2993762993762994;8.869022869022869;2.769230769230769;0.2993762993762994;0.18711018711018712
314;738777;1015696;2023_2024;57741;futuro_real;79.16666666666666;6.666666666666667;100.0;0.28662420382165604;0.0;1.7197452229299364;1.4331210191082802;1.1464968152866242;1.1464968152866242;0.0;0.28662420382165604;0.0;0.0;2.5796178343949046;2.5796178343949046;0.28662420382165604;3.1528662420382165;0.28662420382165604;0.5732484076433121;0.28662420382165604
1984;741413;1018233;2023_2024;57741;futuro_real;71.61290322580646;0.0;0.0;0.0;0.0907258064516129;0.22681451612903225;0.13608870967741934;0.04536290322580645;0.8165322580645161;0.2721774193548387;0.0;2.313508064516129;0.5897177419354839;1.7691532258064517;0.997983870967742;0.3175403225806452;4.717741935483871;1.7691532258064517;0.8165322580645161;0.2721774193548387
809;741727;1018255;2023_2024;57741;futuro_real;77.77777777777779;0.0;0.0;0.0;0.11124845488257107;0.0;0.0;0.11124845488257107;0.7787391841779975;0.7787391841779975;0.22249690976514214;1.1124845488257107;0.6674907292954264;0.5562422744128553;2.781211372064277;0.11124845488257107;5.228677379480841;2.0024721878862795;0.5562422744128553;0.11124845488257107
1006;741728;1017760;2023_2024;57741;futuro_real;80.43478260869566;20.0;0.0;0.17892644135188868;0.17892644135188868;0.17892644135188868;0.5367793240556661;0.17892644135188868;1.3419483101391652;1.6998011928429424;0.8051689860834991;0.7157057654075547;0.26838966202783304;0.7157057654075547;1.4314115308151094;0.5367793240556661;10.2882703777336;0.9840954274353877;0.7157057654075547;0.08946322067594434
1174;745927;981374;2023_2024;57741;futuro_real;72.76119402985076;5.555555555555555;0.0;0.07666098807495741;0.22998296422487224;0.5366269165247018;0.5366269165247018;0.30664395229982966;1.839863713798978;1.5332197614991483;0.30664395229982966;0.5366269165247018;0.4599659284497445;0.3833049403747871;1.5332197614991483;0.7666098807495741;7.666098807495741;0.919931856899489;1.839863713798978;0.0
2290;76599;47435;2023_2024;57741;futuro_real;74.1514360313316;53.03030303030303;71.42857142857143;1.3755458515283843;0.07860262008733625;1.847161572052402;0.4716157205240175;0.2751091703056769;0.5109170305676857;0.11790393013100438;0.5502183406113538;0.5895196506550219;0.2751091703056769;0.35371179039301315;0.5502183406113538;0.6681222707423581;4.40174672489083;0.23580786026200876;0.039301310043668124;0.039301310043668124
2014;76717;249305;2023_2024;57741;futuro_real;71.55297532656023;7.6923076923076925;0.0;0.044687189672293945;0.0;0.3128103277060576;0.17874875868917578;0.08937437934458789;0.17874875868917578;0.044687189672293945;0.0;5.004965243296922;0.5809334657398213;0.804369414101291;0.4468718967229395;1.6981132075471699;2.502482621648461;3.083416087388282;0.0;0.2681231380337637
1305;77306;1130277;2023_2024;57741;futuro_real;75.69169960474308;11.76470588235294;100.0;0.13793103448275862;0.0;0.5517241379310345;0.3448275862068966;0.27586206896551724;0.0;0.0;0.0;4.482758620689655;0.13793103448275862;0.7586206896551724;0.20689655172413793;1.0344827586206897;1.9310344827586208;3.9310344827586206;0.06896551724137931;0.27586206896551724
1928;805862;1017755;2023_2024;57741;futuro_real;70.44145873320538;0.0;0.0;0.0;0.046680497925311204;0.1400414937759336;0.2800829875518672;0.046680497925311204;0.5134854771784233;0.32676348547717843;0.0;1.8672199170124482;0.42012448132780084;0.7002074688796681;0.46680497925311204;0.5601659751037344;4.62136929460581;1.4470954356846475;0.42012448132780084;0.1400414937759336
621;818499;931776;2023_2024;57741;futuro_real;84.59016393442623;14.285714285714285;0.0;0.14492753623188406;0.0;0.2898550724637681;0.2898550724637681;0.43478260869565216;1.0144927536231882;1.1594202898550725;0.14492753623188406;0.0;0.2898550724637681;1.4492753623188406;2.463768115942029;0.14492753623188406;12.89855072463768;2.463768115942029;0.8695652173913043;0.0
1328;82584;883313;2023_2024;57741;futuro_real;72.30392156862744;0.0;0.0;0.0;0.0;0.0677710843373494;0.0677710843373494;0.0;0.0677710843373494;0.2710843373493976;0.0677710843373494;4.5406626506024095;0.2710843373493976;1.355421686746988;0.6099397590361445;2.033132530120482;2.1686746987951806;2.9819277108433733;0.0;0.20331325301204817
824;829971;1018573;2023_2024;57741;futuro_real;80.8641975308642;20.0;0.0;0.2184466019417476;0.3276699029126214;0.4368932038834952;0.5461165048543689;0.1092233009708738;0.9830097087378641;1.9660194174757282;0.7645631067961165;0.2184466019417476;0.2184466019417476;1.0922330097087378;1.6383495145631068;0.5461165048543689;5.351941747572816;0.7645631067961165;0.4368932038834952;0.4368932038834952
2059;832217;1086281;2023_2024;57741;futuro_real;77.2032902467685;3.7037037037037033;0.0;0.04371053909664886;0.17484215638659545;0.3496843127731909;0.39339485186983975;0.4371053909664886;1.7484215638659544;0.39339485186983975;0.04371053909664886;0.8305002428363284;1.0490529383195726;0.6993686255463818;1.4424477901894124;0.5682370082564352;9.660029140359399;2.31665857212239;0.3496843127731909;0.08742107819329772
1855;833783;1087335;2023_2024;57741;futuro_real;73.2843137254902;0.0;0.0;0.0;0.04851752021563342;0.24258760107816713;0.29110512129380056;0.1940700808625337;0.14555256064690028;0.4366576819407008;0.04851752021563342;4.657681940700809;0.6792452830188679;0.921832884097035;0.24258760107816713;2.7169811320754715;2.3288409703504045;2.9110512129380055;0.0;0.04851752021563342
963;837617;1090720;2023_2024;57741;futuro_real;80.72289156626506;0.0;0.0;0.0;0.09345794392523366;0.0;0.3738317757009346;0.1869158878504673;1.1214953271028039;0.4672897196261683;0.1869158878504673;0.28037383177570097;0.7476635514018692;0.7476635514018692;1.3084112149532712;0.7476635514018692;6.728971962616823;1.9626168224299068;0.3738317757009346;0.0
1071;84318;107315;2023_2024;57741;futuro_real;76.92307692307693;0.0;0.0;0.0;0.0;0.0;0.5882352941176471;0.5882352941176471;1.0084033613445378;0.5882352941176471;0.0;1.4285714285714286;0.6722689075630252;1.0084033613445378;1.0924369747899159;1.0924369747899159;8.655462184873949;2.773109243697479;0.42016806722689076;0.3361344537815126
1006;84349;47413;2023_2024;57741;futuro_real;73.52941176470588;0.0;0.0;0.0;0.08946322067594434;0.17892644135188868;0.17892644135188868;0.0;0.8051689860834991;0.08946322067594434;0.0;2.594433399602386;0.17892644135188868;0.8051689860834991;0.5367793240556661;0.8946322067594434;4.025844930417495;2.5049701789264414;0.5367793240556661;0.08946322067594434
318;867036;1107871;2023_2024;57741;futuro_real;85.9504132231405;0.0;0.0;0.0;0.0;0.5660377358490566;0.0;0.5660377358490566;0.8490566037735849;0.8490566037735849;0.0;1.9811320754716981;1.4150943396226416;1.1320754716981132;1.6981132075471699;0.2830188679245283;8.49056603773585;1.9811320754716981;0.2830188679245283;0.2830188679245283
2352;87508;991202;2023_2024;57741;futuro_real;57.45967741935484;16.176470588235293;100.0;0.42091836734693877;0.03826530612244898;0.9948979591836735;1.1479591836734695;0.45918367346938777;0.5739795918367347;0.3826530612244898;0.26785714285714285;1.2627551020408163;0.26785714285714285;1.3392857142857144;1.7984693877551021;2.9464285714285716;3.5969387755102042;0.45918367346938777;0.03826530612244898;0.15306122448979592
1459;894212;1131133;2023_2024;57741;futuro_real;82.29508196721311;0.0;0.0;0.0;0.0616860863605209;0.2467443454420836;0.1850582590815627;0.2467443454420836;0.5551747772446881;0.3701165181631254;0.0616860863605209;2.5291295407813568;0.2467443454420836;1.233721727210418;0.9869773817683344;1.912268677176148;4.441398217957505;2.1590130226182316;0.0;0.3084304318026045
2196;92729;52068;2023_2024;57741;futuro_real;79.45619335347432;16.39344262295082;0.0;0.4098360655737705;0.12295081967213116;0.9016393442622951;0.9016393442622951;0.6967213114754098;2.0901639344262297;1.7213114754098362;0.4098360655737705;0.24590163934426232;0.3278688524590164;0.6147540983606558;1.5163934426229508;0.4098360655737705;10.696721311475411;1.3934426229508197;0.9836065573770493;0.04098360655737705
1418;94741;169925;2023_2024;57741;futuro_real;78.36734693877551;33.33333333333333;0.0;0.06346967559943582;0.0;0.06346967559943582;0.12693935119887165;0.0;0.19040902679830746;0.06346967559943582;0.0;4.125528913963328;0.9520451339915373;0.8885754583921015;0.3808180535966149;1.5867418899858956;1.396332863187588;3.2369534555712267;0.06346967559943582;0.19040902679830746
2274;96432;583660;2023_2024;57741;futuro_real;70.73170731707317;0.0;0.0;0.0;0.2770448548812665;0.4353562005277045;0.5936675461741425;0.1978891820580475;1.187335092348285;0.3562005277044855;0.0395778364116095;2.295514511873351;0.6728232189973615;0.870712401055409;0.395778364116095;0.9894459102902375;4.986807387862797;4.155672823218998;1.187335092348285;0.395778364116095
93;981706;1176979;2023_2024;57741;futuro_real;85.71428571428571;0.0;0.0;0.0;0.0;0.0;0.0;0.0;1.9354838709677418;0.9677419354838709;0.0;0.0;0.9677419354838709;1.9354838709677418;2.9032258064516125;0.9677419354838709;3.8709677419354835;1.9354838709677418;1.9354838709677418;0.0
638;988946;1185457;2023_2024;57741;futuro_real;71.32352941176471;8.333333333333332;0.0;0.14106583072100315;0.14106583072100315;0.7053291536050157;0.42319749216300945;0.5642633228840126;0.8463949843260189;1.974921630094044;0.8463949843260189;0.0;0.5642633228840126;1.2695924764890283;0.987460815047022;0.7053291536050157;4.93730407523511;1.4106583072100314;0.14106583072100315;0.2821316614420063
975;1011264;1415942;2024_2025;70962;futuro_real;83.36842105263158;0.0;0.0;0.0;0.0;0.3692307692307692;0.923076923076923;0.3692307692307692;2.0307692307692307;1.0153846153846153;0.0923076923076923;1.2;0.4615384615384615;1.3846153846153846;1.1076923076923075;0.2769230769230769;11.815384615384614;3.4153846153846152;0.5538461538461538;0.1846153846153846
1817;106283;220935;2024_2025;70962;futuro_real;85.07209499575912;4.166666666666666;0.0;0.04953219592735278;0.09906439185470556;0.3467253714914694;0.4953219592735278;0.3467253714914694;1.3869014859658777;0.643918547055586;0.04953219592735278;2.1298844248761695;1.089708310401761;1.337369290038525;0.5943863511282333;0.5943863511282333;9.757842597688496;6.884975233902036;0.643918547055586;0.14859658778205834
619;1066144;1464276;2024_2025;70962;futuro_real;61.36363636363637;18.75;0.0;0.43618739903069464;0.29079159935379645;1.0177705977382876;1.1631663974151858;0.14539579967689822;1.0177705977382876;0.43618739903069464;0.7269789983844911;0.7269789983844911;0.0;1.308562197092084;0.43618739903069464;4.07108239095315;5.088852988691437;0.29079159935379645;0.0;0.43618739903069464
2163;118756;140103;2024_2025;70962;futuro_real;83.20388349514563;4.166666666666666;0.0;0.041608876560332866;0.0;0.20804438280166435;0.5825242718446602;0.20804438280166435;0.2496532593619972;0.16643550624133147;0.08321775312066573;5.36754507628294;0.4993065187239944;1.0402219140083218;0.8737864077669902;2.0804438280166435;4.160887656033287;4.452149791955617;0.041608876560332866;0.4160887656033287
1769;124244;122618;2024_2025;70962;futuro_real;84.9929873772791;0.0;0.0;0.0;0.05087620124364048;0.0;0.40700960994912383;0.10175240248728096;0.30525720746184287;0.10175240248728096;0.05087620124364048;4.426229508196721;0.4578858111927643;1.2719050310910118;0.30525720746184287;1.8824194460146977;2.8490672696438666;5.545505935556812;0.0;0.15262860373092144
754;127459;169935;2024_2025;70962;futuro_real;77.77777777777779;17.647058823529413;0.0;0.35809018567639256;0.11936339522546419;0.7161803713527851;0.5968169761273209;0.7161803713527851;0.9549071618037135;0.5968169761273209;0.8355437665782492;0.7161803713527851;0.23872679045092837;1.5517241379310345;0.23872679045092837;1.312997347480106;5.848806366047745;0.47745358090185674;0.11936339522546419;0.11936339522546419
2861;127825;123022;2024_2025;70962;futuro_real;80.75412411626081;4.3478260869565215;0.0;0.03145753233135268;0.03145753233135268;0.09437259699405802;0.4718629849702901;0.15728766165676336;0.9122684376092276;0.6291506466270534;0.06291506466270536;1.1010136315973436;0.5033205173016428;1.2897588255854597;0.18874519398811604;0.5662355819643482;7.99021321216358;3.397413491786089;0.09437259699405802;0.2516602586508214
1964;129724;107625;2024_2025;70962;futuro_real;82.61964735516372;8.695652173913043;100.0;0.3665987780040733;0.18329938900203666;1.420570264765784;1.924643584521385;0.8706720977596741;1.0997963340122199;1.1914460285132382;0.3665987780040733;0.22912423625254583;0.45824847250509165;1.2830957230142566;1.8329938900203666;1.695519348268839;5.819755600814664;0.5498981670061099;0.18329938900203666;0.13747454175152748
2910;132353;787610;2024_2025;70962;futuro_real;77.93427230046949;17.5;66.66666666666666;0.43298969072164945;0.09278350515463916;0.9896907216494845;0.9587628865979381;0.5257731958762886;0.49484536082474223;0.5257731958762886;0.6804123711340205;0.7422680412371133;0.34020618556701027;1.5463917525773194;1.0824742268041236;1.3298969072164948;3.649484536082474;0.15463917525773194;0.09278350515463916;0.2783505154639175
1155;146292;932870;2024_2025;70962;futuro_real;72.96650717703349;0.0;0.0;0.0;0.0;0.07792207792207792;0.07792207792207792;0.0;0.15584415584415584;0.15584415584415584;0.0;3.2727272727272725;0.15584415584415584;0.935064935064935;0.23376623376623376;1.6363636363636362;4.129870129870129;3.038961038961039;0.0;0.23376623376623376
2221;147263;106461;2024_2025;70962;futuro_real;79.62529274004683;5.128205128205128;100.0;0.08104457451598379;0.12156686177397569;0.5673120216118865;0.5673120216118865;0.44574515983791085;1.6208914903196758;0.769923457901846;0.08104457451598379;0.8104457451598379;0.6888788833858622;0.7294011706438541;1.0941017559657813;0.6888788833858622;13.939666816749213;3.7280504277352544;0.8509680324178298;0.08104457451598379
1414;159773;146599;2024_2025;70962;futuro_real;88.13735691987513;8.0;100.0;0.1272984441301273;0.19094766619519096;0.44554455445544555;0.7637906647807639;0.3818953323903819;3.30975954738331;0.5091937765205092;0.19094766619519096;0.44554455445544555;1.1456859971711457;0.6364922206506365;1.082036775106082;0.3818953323903819;21.513437057991514;4.073550212164074;2.418670438472419;0.1272984441301273
629;171151;805289;2024_2025;70962;futuro_real;71.09375;12.5;0.0;0.2861685214626391;0.14308426073131955;1.1446740858505564;0.7154213036565977;0.4292527821939587;1.4308426073131955;0.8585055643879174;0.2861685214626391;0.7154213036565977;0.14308426073131955;0.8585055643879174;2.861685214626391;1.0015898251192368;5.580286168521463;0.7154213036565977;0.8585055643879174;0.14308426073131955
1270;174042;250339;2024_2025;70962;futuro_real;67.30245231607628;5.555555555555555;0.0;0.14173228346456693;0.14173228346456693;0.5669291338582677;1.204724409448819;0.7795275590551182;1.1338582677165354;0.7086614173228347;0.28346456692913385;1.204724409448819;0.7795275590551182;1.4881889763779528;1.4173228346456694;3.614173228346457;7.1574803149606305;0.4251968503937008;0.28346456692913385;0.14173228346456693
2118;177690;247665;2024_2025;70962;futuro_real;78.93864013266997;0.0;0.0;0.0;0.0;0.08498583569405098;0.3399433427762039;0.1274787535410765;0.9348441926345609;0.509915014164306;0.1274787535410765;3.01699716713881;0.7223796033994334;1.0623229461756374;0.4249291784702549;1.2322946175637393;9.730878186968837;3.611898016997167;1.4447592067988668;0.21246458923512745
1950;187161;560054;2024_2025;70962;futuro_real;78.83771929824562;23.076923076923077;100.0;0.13846153846153844;0.0;0.23076923076923075;0.2769230769230769;0.0923076923076923;0.13846153846153844;0.3692307692307692;0.0;6.461538461538461;0.7384615384615384;1.0153846153846153;0.6461538461538461;1.9846153846153844;4.2;3.5999999999999996;0.04615384615384615;0.3692307692307692
1153;189283;220921;2024_2025;70962;futuro_real;85.45454545454545;9.090909090909092;0.0;0.07805724197745012;0.07805724197745012;0.15611448395490024;0.39028620988725066;0.3122289679098005;0.4683434518647008;1.4050303555941022;0.0;1.5611448395490026;0.39028620988725066;1.0928013876843017;0.7805724197745013;0.8586296617519514;5.542064180398959;2.1075455333911535;0.15611448395490024;0.2341717259323504
1521;194998;176139;2024_2025;70962;futuro_real;80.77803203661327;8.51063829787234;0.0;0.2366863905325444;0.1775147928994083;0.6508875739644971;1.2426035502958581;0.8875739644970415;2.248520710059172;0.4733727810650888;0.2366863905325444;0.2958579881656805;0.2366863905325444;1.4201183431952664;1.4201183431952664;1.0650887573964498;10.236686390532546;1.3017751479289943;1.4201183431952664;0.1775147928994083
2989;195002;175977;2024_2025;70962;futuro_real;92.40647682858739;16.666666666666664;0.0;0.060220809635329546;0.030110404817664773;0.12044161927065909;0.18066242890598863;0.060220809635329546;0.3011040481766477;0.8430913348946136;0.09033121445299432;3.8842422214787558;0.4516560722649716;0.7828705252592841;1.053864168618267;1.445299431247909;4.305787888926062;2.6497156239545;0.36132485781197726;0.18066242890598863
279;196037;340077;2024_2025;70962;futuro_real;78.43137254901961;11.11111111111111;0.0;0.3225806451612903;0.0;0.6451612903225806;1.9354838709677418;0.3225806451612903;1.2903225806451613;1.2903225806451613;0.0;0.9677419354838709;1.2903225806451613;1.6129032258064515;0.9677419354838709;0.3225806451612903;8.709677419354838;1.6129032258064515;0.3225806451612903;0.0
279;203385;590312;2024_2025;70962;futuro_real;86.56716417910447;0.0;0.0;0.0;0.9677419354838709;1.2903225806451613;0.0;0.9677419354838709;1.6129032258064515;2.258064516129032;0.6451612903225806;0.0;1.6129032258064515;3.225806451612903;1.9354838709677418;0.9677419354838709;16.129032258064516;1.2903225806451613;0.3225806451612903;0.6451612903225806
2625;212434;830663;2024_2025;70962;futuro_real;80.04484304932735;14.285714285714285;80.0;0.4457142857142857;0.34285714285714286;1.2342857142857142;1.0628571428571427;0.8228571428571428;1.8171428571428572;0.8571428571428571;0.34285714285714286;0.3771428571428571;0.6857142857142857;0.8914285714285713;1.3371428571428572;0.24;8.022857142857143;1.7828571428571427;1.4742857142857142;0.17142857142857143
2262;224677;588144;2024_2025;70962;futuro_real;78.45884413309983;29.6875;0.0;0.7559681697612732;0.15915119363395225;1.4323607427055702;0.7161803713527851;0.3978779840848806;1.3527851458885942;1.5517241379310345;0.7559681697612732;0.8753315649867374;0.35809018567639256;0.9151193633952255;0.4774535809018568;0.8753315649867374;8.076923076923077;0.8753315649867374;0.35809018567639256;0.03978779840848806
356;239623;585102;2024_2025;70962;futuro_real;63.934426229508205;0.0;0.0;0.0;0.0;0.5056179775280899;1.0112359550561798;0.25280898876404495;0.5056179775280899;0.0;1.0112359550561798;1.7696629213483146;0.0;1.7696629213483146;1.2640449438202246;3.286516853932584;4.297752808988764;1.0112359550561798;0.0;0.0
2484;242546;1100345;2024_2025;70962;futuro_real;78.44311377245509;9.090909090909092;0.0;0.036231884057971016;0.0;0.036231884057971016;0.25362318840579706;0.10869565217391304;0.10869565217391304;0.036231884057971016;0.07246376811594203;5.869565217391304;0.6159420289855072;0.9782608695652173;0.5072463768115941;2.2463768115942027;2.0289855072463765;3.152173913043478;0.0;0.21739130434782608
2172;246548;333585;2024_2025;70962;futuro_real;85.53530751708428;12.5;0.0;0.04143646408839779;0.0;0.08287292817679558;0.24861878453038674;0.0;0.20718232044198895;0.0;0.08287292817679558;6.75414364640884;0.20718232044198895;1.1187845303867403;0.4143646408839779;2.403314917127072;1.988950276243094;3.356353591160221;0.0;0.2900552486187845
252;249975;339843;2024_2025;70962;futuro_real;77.17391304347827;0.0;0.0;0.0;0.0;0.35714285714285715;0.35714285714285715;0.0;0.35714285714285715;0.7142857142857143;0.35714285714285715;1.7857142857142858;0.35714285714285715;1.7857142857142858;1.4285714285714286;2.857142857142857;11.785714285714286;1.0714285714285714;0.35714285714285715;0.35714285714285715
559;249977;883294;2024_2025;70962;futuro_real;88.5304659498208;25.0;0.0;0.16100178890876565;0.0;0.3220035778175313;0.16100178890876565;0.16100178890876565;0.3220035778175313;0.48300536672629696;0.0;0.6440071556350626;0.3220035778175313;1.1270125223613596;1.4490161001788908;0.8050089445438282;5.152057245080501;2.415026833631485;0.0;0.16100178890876565
2015;250055;345779;2024_2025;70962;futuro_real;89.85343855693348;15.09433962264151;100.0;0.3573200992555831;0.08933002481389578;0.8486352357320099;1.0719602977667493;0.4466501240694789;1.6079404466501241;0.8933002481389578;0.17866004962779156;0.5359801488833746;0.6699751861042184;1.4739454094292803;3.126550868486352;1.1166253101736971;12.997518610421835;2.054590570719603;0.8486352357320099;0.22332506203473945
507;250437;589448;2024_2025;70962;futuro_real;79.57446808510639;0.0;0.0;0.0;0.0;0.0;0.5325443786982248;0.17751479289940827;0.35502958579881655;0.0;0.17751479289940827;2.8402366863905324;1.0650887573964496;1.7751479289940828;1.242603550295858;4.0828402366863905;5.147928994082839;1.7751479289940828;0.35502958579881655;0.8875739644970414
597;250482;805353;2024_2025;70962;futuro_real;70.08547008547008;5.263157894736842;0.0;0.1507537688442211;0.0;1.3567839195979898;0.9045226130653266;0.6030150753768844;0.7537688442211055;0.9045226130653266;1.658291457286432;1.507537688442211;0.4522613065326633;1.0552763819095476;2.4120603015075375;0.9045226130653266;4.974874371859296;1.658291457286432;0.1507537688442211;0.1507537688442211
1657;260094;873704;2024_2025;70962;futuro_real;75.2542372881356;0.0;0.0;0.0;0.0;0.05431502715751358;0.5431502715751357;0.38020519010259507;0.8147254073627037;0.38020519010259507;0.0;3.3132166566083283;0.9776704888352444;1.4121907060953531;0.7060953530476766;1.1949305974652986;6.463488231744115;2.8243814121907063;0.43452021726010864;0.21726010863005432
1413;264671;885539;2024_2025;70962;futuro_real;78.13504823151125;18.421052631578945;0.0;0.445859872611465;0.0;0.89171974522293;0.9554140127388535;0.5732484076433121;0.89171974522293;0.6369426751592357;0.445859872611465;0.3821656050955414;0.3821656050955414;1.0828025477707006;2.1019108280254777;1.9745222929936306;6.178343949044586;0.5732484076433121;0.12738853503184713;0.12738853503184713
1269;265590;146410;2024_2025;70962;futuro_real;81.09965635738831;23.076923076923077;0.0;0.2127659574468085;0.0;0.28368794326241137;0.5673758865248227;0.07092198581560284;0.49645390070921985;0.07092198581560284;0.49645390070921985;5.602836879432624;0.28368794326241137;1.1347517730496455;0.49645390070921985;2.978723404255319;4.609929078014185;6.099290780141844;0.425531914893617;0.2127659574468085
1857;266451;338957;2024_2025;70962;futuro_real;77.05263157894737;8.333333333333332;100.0;0.1938610662358643;0.24232633279483037;0.7754442649434572;0.9693053311793215;0.5815831987075929;0.9693053311793215;1.6962843295638126;0.33925686591276255;0.33925686591276255;0.5331179321486268;0.9208400646203554;0.9208400646203554;1.260096930533118;7.366720516962843;0.6785137318255251;0.6785137318255251;0.14539579967689822
2120;268031;325609;2024_2025;70962;futuro_real;75.74931880108991;27.27272727272727;75.0;1.0188679245283019;0.16981132075471697;1.6556603773584904;1.5283018867924527;0.5518867924528301;0.6792452830188679;0.04245283018867924;0.46698113207547165;0.9764150943396226;0.25471698113207547;0.9339622641509433;1.061320754716981;1.9952830188679245;2.8867924528301887;0.33962264150943394;0.08490566037735849;0.12735849056603774
1574;279057;974136;2024_2025;70962;futuro_real;77.30337078651685;9.090909090909092;0.0;0.2287166454891995;0.2287166454891995;0.8576874205844982;1.2579415501905973;0.40025412960609913;1.6010165184243965;1.429479034307497;0.11435832274459976;0.7433290978398984;0.457433290978399;0.8576874205844982;1.886912325285896;1.3151207115628971;10.749682337992377;0.6861499364675986;0.457433290978399;0.2858958068614994
2126;285679;846474;2024_2025;70962;futuro_real;70.98646034816247;8.928571428571429;0.0;0.2116650987770461;0.08466603951081843;0.8466603951081844;1.2276575729068673;0.2963311382878645;1.2699905926622765;0.8889934148635935;0.5503292568203199;0.380997177798683;1.185324553151458;0.9313264346190028;2.7093132643461897;0.8466603951081844;5.545625587958607;1.6509877704609595;0.4656632173095014;0.16933207902163686
925;292729;384658;2024_2025;70962;futuro_real;64.45182724252491;16.666666666666664;0.0;0.09729729729729729;0.0;0.09729729729729729;0.29189189189189185;0.19459459459459458;1.8486486486486484;0.29189189189189185;0.09729729729729729;5.7405405405405405;0.5837837837837837;1.1675675675675674;0.5837837837837837;2.724324324324324;5.448648648648648;2.4324324324324325;2.8216216216216212;0.19459459459459458
2613;294886;1121487;2024_2025;70962;futuro_real;80.35961272475795;0.0;0.0;0.0;0.0;0.10332950631458093;0.3099885189437428;0.10332950631458093;0.24110218140068884;0.10332950631458093;0.1722158438576349;4.512055109070034;0.7233065442020665;0.8610792192881744;0.5855338691159586;1.515499425947187;1.7221584385763489;2.1010332950631456;0.03444316877152698;0.10332950631458093
1368;2989;338;2024_2025;70962;futuro_real;72.58064516129032;27.659574468085108;66.66666666666666;0.8552631578947368;0.19736842105263158;1.381578947368421;1.1842105263157896;0.5263157894736842;2.1710526315789473;0.986842105263158;1.0526315789473684;0.7236842105263158;0.19736842105263158;1.0526315789473684;1.7763157894736843;5.2631578947368425;8.355263157894738;0.39473684210526316;0.06578947368421052;0.2631578947368421
2451;302416;365990;2024_2025;70962;futuro_real;80.86469175340272;16.666666666666664;0.0;0.07343941248470012;0.03671970624235006;0.11015911872705018;0.14687882496940025;0.1835985312117503;0.33047735618115054;0.5507955936352509;0.0;4.957160342717258;0.6609547123623011;0.5507955936352509;0.587515299877601;2.0563035495716036;4.369645042839657;4.443084455324358;0.3671970624235006;0.2937576499388005
1008;312151;826380;2024_2025;70962;futuro_real;75.93360995850622;12.5;0.0;0.08928571428571429;0.08928571428571429;0.44642857142857145;0.26785714285714285;0.0;1.0714285714285714;0.8035714285714286;0.26785714285714285;0.7142857142857143;0.26785714285714285;1.0714285714285714;1.7857142857142858;0.35714285714285715;6.7857142857142865;0.625;0.7142857142857143;0.17857142857142858
2403;313437;351398;2024_2025;70962;futuro_real;79.62962962962963;14.102564102564102;50.0;0.41198501872659177;0.2621722846441948;1.3108614232209739;0.9737827715355806;0.6367041198501873;2.659176029962547;0.5617977528089888;0.11235955056179775;0.6367041198501873;0.41198501872659177;0.6741573033707865;0.7490636704119851;0.37453183520599254;13.258426966292134;2.2846441947565546;1.7602996254681649;0.149812734082397
1394;315761;818401;2024_2025;70962;futuro_real;84.14634146341463;10.0;0.0;0.1291248206599713;0.06456241032998565;0.5810616929698709;0.4519368723098996;0.2582496413199426;1.0975609756097562;0.8393113342898135;0.1291248206599713;1.1621233859397417;0.38737446197991393;2.259684361549498;2.1305595408895264;1.2266857962697273;6.843615494978479;0.8393113342898135;0.9684361549497847;0.38737446197991393
1377;320749;385418;2024_2025;70962;futuro_real;81.11111111111111;11.11111111111111;0.0;0.06535947712418301;0.06535947712418301;0.26143790849673204;0.19607843137254902;0.13071895424836602;0.7189542483660131;0.5228758169934641;0.0;1.9607843137254901;0.9150326797385621;1.5032679738562091;0.45751633986928103;0.45751633986928103;6.73202614379085;2.3529411764705883;0.5228758169934641;0.26143790849673204
1138;323432;542636;2024_2025;70962;futuro_real;80.96280087527352;8.333333333333332;0.0;0.23725834797891038;0.0;0.9490333919156415;0.9490333919156415;0.9490333919156415;1.6608084358523727;2.2144112478031635;0.39543057996485065;0.15817223198594024;0.8699472759226714;1.818980667838313;2.2144112478031635;1.5026362038664325;11.86291739894552;1.5026362038664325;1.0281195079086116;0.47451669595782076
1557;325147;557108;2024_2025;70962;futuro_real;87.18703976435935;4.0;0.0;0.11560693641618497;0.17341040462427745;0.6936416184971098;1.3872832369942196;0.8092485549132947;2.138728323699422;3.121387283236994;0.2890173410404624;0.5780346820809248;0.4624277456647399;1.560693641618497;3.4104046242774566;1.0982658959537572;15.60693641618497;1.6184971098265895;0.6358381502890174;0.40462427745664736
900;325454;924860;2024_2025;70962;futuro_real;81.37044967880087;0.0;0.0;0.0;0.2;0.2;0.7;0.2;0.5;0.1;0.3;5.2;0.4;0.9;0.1;2.2;4.7;5.7;0.2;0.6
979;325706;883389;2024_2025;70962;futuro_real;82.64462809917356;0.0;0.0;0.0;0.0;0.18386108273748722;0.2757916241062308;0.36772216547497444;0.9193054136874361;0.7354443309499489;0.09193054136874361;1.2870275791624106;0.7354443309499489;2.2063329928498465;1.4708886618998978;0.5515832482124616;8.181818181818182;2.29826353421859;0.5515832482124616;0.09193054136874361
1420;325726;846366;2024_2025;70962;futuro_real;74.26900584795322;15.0;50.0;0.38028169014084506;0.06338028169014084;1.0774647887323943;0.823943661971831;0.6338028169014084;1.3943661971830985;1.2676056338028168;0.19014084507042253;0.823943661971831;0.5704225352112676;1.3943661971830985;1.1408450704225352;1.647887323943662;6.084507042253521;0.6338028169014084;0.06338028169014084;0.1267605633802817
1201;330690;805068;2024_2025;70962;futuro_real;89.1373801916933;0.0;0.0;0.0;0.0;0.0;0.14987510407993337;0.14987510407993337;0.37468776019983346;0.4496253122398001;0.0;1.7235636969192338;0.5995004163197335;1.3488759367194005;0.4496253122398001;0.22481265611990006;2.8476269775187344;1.3488759367194005;0.07493755203996669;0.14987510407993337
1311;330691;339481;2024_2025;70962;futuro_real;82.33766233766234;0.0;0.0;0.0;0.0;0.0;0.20594965675057209;0.0;0.2745995423340961;0.20594965675057209;0.0;2.608695652173913;0.34324942791762014;1.0983981693363845;0.8924485125858124;0.8924485125858124;4.118993135011442;1.2356979405034325;0.41189931350114417;0.20594965675057209
864;331818;805332;2024_2025;70962;futuro_real;80.5111821086262;10.0;0.0;0.10416666666666667;0.20833333333333334;0.625;0.10416666666666667;0.3125;2.5;0.8333333333333334;0.20833333333333334;0.625;0.5208333333333334;0.4166666666666667;2.8125;0.5208333333333334;14.0625;1.3541666666666667;0.7291666666666667;0.3125
544;332252;800243;2024_2025;70962;futuro_real;76.92307692307693;35.714285714285715;0.0;0.8272058823529412;0.0;1.1580882352941178;0.6617647058823529;0.4963235294117647;0.6617647058823529;0.6617647058823529;0.8272058823529412;1.4889705882352942;0.33088235294117646;0.6617647058823529;0.4963235294117647;2.3161764705882355;3.8051470588235294;0.4963235294117647;0.33088235294117646;0.0
1010;332776;760636;2024_2025;70962;futuro_real;70.26022304832715;0.0;0.0;0.0;0.08910891089108912;0.0;0.26732673267326734;0.26732673267326734;1.0693069306930694;0.3564356435643565;0.0;3.2970297029702973;0.44554455445544555;1.3366336633663367;0.5346534653465347;0.8910891089108911;4.544554455445545;1.425742574257426;0.712871287128713;0.08910891089108912
2422;334082;584002;2024_2025;70962;futuro_real;78.52422907488987;0.0;0.0;0.0;0.0;0.037159372419488024;0.18579686209744012;0.26011560693641617;0.07431874483897605;0.2972749793559042;0.037159372419488024;8.249380677126341;0.2972749793559042;1.0776218001651527;0.5202312138728323;2.601156069364162;2.1180842279108174;3.121387283236994;0.0;0.22295623451692814
2195;335217;883397;2024_2025;70962;futuro_real;81.43540669856459;0.0;0.0;0.0;0.08200455580865604;0.5330296127562643;1.1890660592255125;0.4510250569476082;1.1480637813211845;0.4920273348519362;0.08200455580865604;1.2710706150341686;0.8200455580865603;1.1480637813211845;0.9840546697038725;1.0660592255125285;10.701594533029613;3.8132118451025057;0.12300683371298406;0.20501138952164008
67;345346;883772;2024_2025;70962;futuro_real;91.66666666666666;0.0;0.0;0.0;0.0;1.3432835820895521;0.0;0.0;1.3432835820895521;4.029850746268656;0.0;0.0;1.3432835820895521;0.0;1.3432835820895521;0.0;9.402985074626866;1.3432835820895521;0.0;0.0
2531;347750;777249;2024_2025;70962;futuro_real;74.41113490364025;8.823529411764707;0.0;0.1066772026866851;0.03555906756222837;0.3200316080600553;0.5689450809956539;0.3200316080600553;0.6400632161201106;0.6045041485578823;0.03555906756222837;2.133544053733702;1.351244567364678;1.8846305807981034;1.6712761754247332;1.564598972738048;6.116159620703279;1.5290399051758197;0.14223627024891347;0.2133544053733702
2725;351561;831183;2024_2025;70962;futuro_real;88.18897637795276;4.761904761904762;0.0;0.03302752293577982;0.06605504587155964;0.29724770642201837;0.2311926605504587;0.1651376146788991;0.5614678899082569;0.5614678899082569;0.09908256880733944;0.8587155963302752;0.3302752293577982;0.6605504587155964;1.1889908256880735;0.26422018348623855;5.25137614678899;0.4623853211009174;0.4623853211009174;0.06605504587155964
426;352344;876926;2024_2025;70962;futuro_real;78.6096256684492;0.0;0.0;0.0;0.0;0.2112676056338028;0.2112676056338028;0.0;0.2112676056338028;0.2112676056338028;0.2112676056338028;6.338028169014084;0.6338028169014085;0.6338028169014085;0.4225352112676056;3.169014084507042;2.535211267605634;2.323943661971831;0.0;0.2112676056338028
945;358338;925309;2024_2025;70962;futuro_real;80.40089086859689;0.0;0.0;0.0;0.09523809523809523;0.2857142857142857;0.47619047619047616;0.09523809523809523;0.47619047619047616;0.8571428571428571;0.0;0.8571428571428571;1.619047619047619;1.619047619047619;3.4285714285714284;0.2857142857142857;6.571428571428571;4.666666666666667;0.0;0.2857142857142857
1226;360446;789416;2024_2025;70962;futuro_real;79.47368421052632;0.0;0.0;0.0;0.0;0.0734094616639478;0.2202283849918434;0.0734094616639478;0.0734094616639478;0.1468189233278956;0.0;1.835236541598695;0.5872756933115824;1.6884176182707995;0.4404567699836868;1.0277324632952691;2.495921696574225;1.6884176182707995;0.0;0.0734094616639478
1594;375178;805270;2024_2025;70962;futuro_real;85.8974358974359;10.0;0.0;0.05646173149309912;0.0;0.3952321204516938;0.11292346298619824;0.05646173149309912;0.2823086574654956;0.33877038895859474;0.05646173149309912;6.323713927227101;0.05646173149309912;1.2986198243412796;0.45169385194479295;2.5407779171894602;1.5809284818067753;2.427854454203262;0.05646173149309912;0.22584692597239647
2689;375353;1131302;2024_2025;70962;futuro_real;81.19658119658119;7.894736842105263;0.0;0.1004090740052064;0.0669393826701376;0.2342878393454816;0.669393826701376;0.3681666046857568;0.669393826701376;0.4351059873558944;0.2677575306805504;1.3053179620676831;0.3012272220156192;0.8032725920416512;0.4685756786909632;1.2049088880624768;4.7861658609148385;1.338787653402752;0.0334696913350688;0.1004090740052064
2397;399496;846742;2024_2025;70962;futuro_real;87.06231454005935;3.0303030303030303;0.0;0.03754693366708386;0.26282853566958697;0.26282853566958697;0.4881101376720901;0.4881101376720901;3.0413016270337923;0.9762202753441802;0.07509386733416772;0.18773466833541927;0.4881101376720901;0.30037546933667086;1.2765957446808511;0.30037546933667086;20.012515644555695;4.881101376720901;1.3892365456821028;0.11264080100125157
2185;400051;883287;2024_2025;70962;futuro_real;77.39644970414201;0.0;0.0;0.0;0.08237986270022883;0.12356979405034324;0.41189931350114417;0.28832951945080093;0.7826086956521738;0.9473684210526315;0.12356979405034324;3.2128146453089244;0.6590389016018307;0.8237986270022883;0.7826086956521738;1.6475972540045767;6.796338672768878;3.254004576659039;0.5766590389016019;0.16475972540045766
1319;422855;883329;2024_2025;70962;futuro_real;83.67697594501719;17.24137931034483;100.0;0.3411675511751327;0.13646702047005307;0.5458680818802123;0.8870356330553449;0.5458680818802123;3.7528430629264595;1.4329037149355572;0.06823351023502654;0.20470053070507963;0.5458680818802123;0.8870356330553449;1.2964366944655041;0.3411675511751327;13.919636087945413;1.7740712661106899;1.2282031842304777;0.47763457164518575
2502;422934;876931;2024_2025;70962;futuro_real;75.43640897755611;6.8181818181818175;0.0;0.2158273381294964;0.07194244604316546;0.9712230215827338;1.5467625899280575;0.6474820143884892;1.2949640287769784;0.8992805755395683;0.14388489208633093;0.5035971223021583;0.4316546762589928;0.2158273381294964;1.1870503597122302;0.539568345323741;7.949640287769784;1.5827338129496402;0.3597122302158273;0.03597122302158273
2337;433698;887125;2024_2025;70962;futuro_real;84.20221169036336;25.0;0.0;0.07702182284980745;0.0;0.11553273427471118;0.11553273427471118;0.07702182284980745;0.7702182284980745;0.5006418485237484;0.038510911424903725;3.774069319640565;0.5776636713735559;0.7702182284980745;0.7317073170731708;2.1181001283697047;6.392811296534019;3.504492939666239;0.6161745827984596;0.1540436456996149
75;434192;883768;2024_2025;70962;futuro_real;85.41666666666666;0.0;0.0;0.0;0.0;0.0;0.0;0.0;1.2;0.0;0.0;1.2;0.0;2.4;1.2;0.0;4.8;2.4;0.0;0.0
1150;437964;839368;2024_2025;70962;futuro_real;57.85123966942148;13.793103448275861;0.0;0.31304347826086953;0.15652173913043477;0.7043478260869565;1.1739130434782608;0.3913043478260869;0.7826086956521738;0.15652173913043477;0.4695652173913043;0.7826086956521738;0.4695652173913043;2.5043478260869563;2.1130434782608694;2.426086956521739;5.08695652173913;0.7826086956521738;0.31304347826086953;0.23478260869565215
1597;438000;924762;2024_2025;70962;futuro_real;77.93103448275862;0.0;0.0;0.0;0.16906700062617408;0.5072010018785222;0.8453350031308704;0.6199123356293049;1.8597370068879149;0.7889793362554791;0.0;1.4652473387601754;1.5216030056355667;1.5779586725109582;3.0995616781465247;0.39448966812773956;12.849092047589231;2.0851596743894802;1.2398246712586098;0.2817783343769568
1500;439631;876929;2024_2025;70962;futuro_real;80.10075566750629;8.16326530612245;0.0;0.24;0.18;1.0799999999999998;0.96;0.8999999999999999;1.14;1.7399999999999998;0.3;0.6599999999999999;0.24;0.96;1.3199999999999998;1.2;7.9799999999999995;0.36;0.18;0.3
2413;440020;874986;2024_2025;70962;futuro_real;84.85139022051774;0.0;0.0;0.0;0.037297969332780775;0.037297969332780775;0.11189390799834231;0.1491918773311231;0.7832573559883962;0.2610857853294654;0.0;1.491918773311231;0.820555325321177;1.2681309573145463;0.9697472026523001;0.7086614173228347;7.347699958557812;2.0886862826357233;0.0;0.1491918773311231
1478;441758;879621;2024_2025;70962;futuro_real;84.65430016863407;0.0;0.0;0.0;0.0;0.12178619756427606;0.4262516914749662;0.18267929634641408;0.12178619756427606;0.18267929634641408;0.0;5.845737483085251;0.5480378890392422;0.7916102841677944;0.6089309878213803;2.131258457374831;2.557510148849797;2.9228687415426253;0.0;0.36535859269282817
1712;447934;882837;2024_2025;70962;futuro_real;70.7843137254902;5.88235294117647;0.0;0.052570093457943924;0.052570093457943924;0.2102803738317757;0.47313084112149534;0.2102803738317757;0.6308411214953271;0.5782710280373832;0.31542056074766356;2.628504672897196;0.7885514018691588;1.7873831775700935;0.2628504672897196;0.7885514018691588;4.731308411214953;0.6834112149532711;0.6834112149532711;0.31542056074766356
713;457062;932888;2024_2025;70962;futuro_real;81.78438661710037;16.666666666666664;0.0;0.12622720897615708;0.0;0.25245441795231416;0.5049088359046283;0.0;0.25245441795231416;0.12622720897615708;0.0;2.5245441795231414;0.8835904628330995;1.767180925666199;1.0098176718092566;1.514726507713885;3.155680224403927;2.3983169705469845;0.0;0.5049088359046283
1417;458603;924736;2024_2025;70962;futuro_real;77.60416666666666;10.909090909090908;0.0;0.38108680310515175;0.12702893436838392;1.2702893436838392;1.9054340155257588;0.3175723359209598;0.9527170077628794;0.6986591390261115;0.8256880733944955;1.397318278052223;0.38108680310515175;1.1432604093154553;1.5878616796047988;1.0162314749470713;3.8743824982357093;0.19054340155257588;0.12702893436838392;0.12702893436838392
2288;458756;873619;2024_2025;70962;futuro_real;66.10455311973018;13.725490196078432;100.0;0.27534965034965037;0.039335664335664336;0.5900349650349651;0.8260489510489512;0.5900349650349651;1.2980769230769231;0.3146853146853147;0.5113636363636364;0.7473776223776224;0.3933566433566434;1.1407342657342658;1.0227272727272727;5.152972027972028;5.939685314685315;0.6687062937062938;0.07867132867132867;0.15734265734265734
578;460343;869989;2024_2025;70962;futuro_real;82.30088495575221;0.0;0.0;0.0;0.0;0.6228373702422145;0.9342560553633218;0.9342560553633218;1.7128027681660898;2.958477508650519;0.15570934256055363;0.31141868512110726;0.7785467128027681;1.5570934256055362;1.0899653979238755;0.6228373702422145;11.522491349480969;2.491349480968858;1.0899653979238755;0.31141868512110726
1249;473579;876928;2024_2025;70962;futuro_real;81.29675810473816;0.0;0.0;0.0;0.0;0.14411529223378702;0.0;0.14411529223378702;0.6485188150520416;1.1529223378702962;0.0;1.6573258606885508;1.5132105684547639;1.2249799839871898;1.2970376301040831;0.9367493995196157;5.5484387510008;1.2249799839871898;0.21617293835068055;0.21617293835068055
2234;477378;883396;2024_2025;70962;futuro_real;76.61169415292353;12.5;0.0;0.1611459265890779;0.2820053715308863;0.4834377797672336;0.604297224709042;0.20143240823634737;1.8531781557743956;0.7251566696508505;0.7251566696508505;0.4834377797672336;0.604297224709042;0.8460161145926589;1.2891674127126231;0.4834377797672336;10.031333930170097;0.9668755595344672;0.8057296329453895;0.20143240823634737
2910;480523;876927;2024_2025;70962;futuro_real;92.01928227102303;9.090909090909092;0.0;0.09278350515463916;0.0;0.40206185567010305;0.5257731958762886;0.09278350515463916;0.21649484536082472;0.21649484536082472;0.03092783505154639;5.752577319587629;0.37113402061855666;1.2061855670103092;0.7731958762886597;2.752577319587629;2.2577319587628866;1.7010309278350515;0.03092783505154639;0.18556701030927833
411;480526;960215;2024_2025;70962;futuro_real;76.875;0.0;0.0;0.0;0.0;0.0;0.43795620437956206;0.0;0.6569343065693432;0.0;0.0;3.9416058394160585;1.094890510948905;0.6569343065693432;0.6569343065693432;1.3138686131386863;6.788321167883212;2.408759124087591;0.21897810218978103;0.0
2377;482452;922007;2024_2025;70962;futuro_real;78.90433360588716;8.695652173913043;0.0;0.15145140933950357;0.0;0.4543542280185107;0.8708456037021456;0.4164913756836348;0.6815313420277661;0.6436684896928901;0.07572570466975179;4.808582246529238;0.22717711400925536;0.8329827513672696;0.9087084560370214;2.536811106436685;6.81531342027766;5.490113588557005;0.11358855700462768;0.22717711400925536
683;483715;883812;2024_2025;70962;futuro_real;54.54545454545454;20.0;0.0;0.2635431918008785;0.0;0.2635431918008785;1.054172767203514;0.0;0.9224011713030748;0.527086383601757;0.3953147877013177;0.9224011713030748;0.2635431918008785;2.3718887262079065;1.054172767203514;2.240117130307467;3.821376281112738;0.6588579795021963;0.0;0.13177159590043924
2781;486641;879628;2024_2025;70962;futuro_real;86.30514705882352;2.083333333333333;0.0;0.03236245954692557;0.06472491909385114;0.5177993527508091;0.7119741100323624;0.3236245954692557;0.970873786407767;0.45307443365695793;0.0;1.1003236245954693;0.7119741100323624;0.5177993527508091;1.0032362459546926;0.22653721682847897;6.343042071197411;2.330097087378641;0.4854368932038835;0.12944983818770228
2664;489993;875661;2024_2025;70962;futuro_real;79.52830188679245;0.0;0.0;0.0;0.10135135135135134;0.2027027027027027;0.27027027027027023;0.13513513513513511;0.6756756756756757;1.0472972972972971;0.0;3.614864864864865;0.7094594594594594;1.2162162162162162;0.16891891891891891;1.114864864864865;5.878378378378378;2.5675675675675675;0.5405405405405405;0.30405405405405406
1289;490614;876924;2024_2025;70962;futuro_real;84.33242506811989;8.571428571428571;0.0;0.2094647013188518;0.06982156710628394;0.8378588052754072;1.186966640806827;0.4189294026377036;1.7455391776570985;0.5585725368502715;0.06982156710628394;0.9775019394879751;0.9076803723816912;1.6757176105508145;0.5585725368502715;0.34910783553141966;13.894491854150504;5.515903801396431;0.4887509697439876;0.4887509697439876
2595;491560;975540;2024_2025;70962;futuro_real;80.50420168067227;7.6923076923076925;0.0;0.034682080924855495;0.06936416184971099;0.17341040462427745;0.20809248554913296;0.06936416184971099;0.8670520231213873;0.5895953757225434;0.0;1.3872832369942196;0.6242774566473989;1.2832369942196533;0.6936416184971098;1.7341040462427746;8.982658959537572;1.0751445086705202;0.06936416184971099;0.20809248554913296
1356;491569;936165;2024_2025;70962;futuro_real;84.56014362657092;0.0;0.0;0.0;0.06637168141592921;0.13274336283185842;0.19911504424778761;0.06637168141592921;0.19911504424778761;0.19911504424778761;0.0;3.1194690265486726;0.5309734513274337;1.1283185840707965;0.7300884955752213;1.261061946902655;3.650442477876106;2.7212389380530975;0.06637168141592921;0.26548672566371684
879;491570;922871;2024_2025;70962;futuro_real;79.55271565495208;0.0;0.0;0.0;0.20477815699658702;0.0;0.20477815699658702;0.0;0.7167235494880545;1.023890784982935;0.20477815699658702;2.150170648464164;1.3310580204778155;1.3310580204778155;1.5358361774744027;0.8191126279863481;6.245733788395904;1.228668941979522;0.614334470989761;0.3071672354948805
1398;515413;874981;2024_2025;70962;futuro_real;81.13522537562604;0.0;0.0;0.0;0.0;0.38626609442060084;0.7081545064377682;0.5793991416309013;0.7725321888412017;0.5793991416309013;0.0;3.218884120171674;0.45064377682403434;0.7725321888412017;0.9656652360515021;1.8669527896995708;6.244635193133047;2.832618025751073;0.7081545064377682;0.19313304721030042
116;520457;892073;2024_2025;70962;futuro_real;86.66666666666667;0.0;0.0;0.0;0.0;0.0;0.0;0.0;0.0;0.7758620689655172;0.0;2.3275862068965516;0.7758620689655172;0.7758620689655172;0.7758620689655172;2.3275862068965516;2.3275862068965516;2.3275862068965516;0.0;0.0
2325;531177;925420;2024_2025;70962;futuro_real;70.24390243902438;0.0;0.0;0.0;0.03870967741935484;0.0;0.23225806451612904;0.07741935483870968;0.7741935483870969;0.2709677419354839;0.0;4.8;0.2709677419354839;0.42580645161290326;0.5806451612903226;0.8516129032258065;6.348387096774194;3.5612903225806454;0.5419354838709678;0.07741935483870968
1811;531624;924725;2024_2025;70962;futuro_real;86.8763557483731;2.7777777777777777;0.0;0.049696300386526775;0.0;0.24848150193263388;0.8448371065709552;0.6957482054113748;1.093318608503589;0.6460519050248481;0.0;0.9442297073440088;0.3975704030922142;2.037548315847598;1.3914964108227497;0.5963556046383214;10.237437879624515;3.379348426283821;0.1987852015461071;0.6957482054113748
1354;537255;895364;2024_2025;70962;futuro_real;76.05177993527508;6.666666666666667;0.0;0.19940915805022158;0.06646971935007386;1.1299852289512555;0.9970457902511078;0.8641063515509602;0.930576070901034;0.8641063515509602;0.6646971935007385;0.6646971935007385;0.39881831610044316;1.1964549483013294;1.0635155096011817;0.2658788774002954;7.776957163958641;0.33234859675036926;0.5982274741506647;0.19940915805022158
2070;540304;897102;2024_2025;70962;futuro_real;73.06590257879655;0.0;0.0;0.0;0.08695652173913043;0.13043478260869565;0.34782608695652173;0.21739130434782608;1.0;1.0434782608695652;0.0;1.6521739130434783;1.608695652173913;1.9130434782608696;1.7826086956521738;0.6086956521739131;6.782608695652174;2.6956521739130435;0.13043478260869565;0.4782608695652174
473;547021;949793;2024_2025;70962;futuro_real;84.05172413793103;0.0;0.0;0.0;0.0;0.38054968287526425;0.7610993657505285;0.0;0.0;0.19027484143763213;0.0;2.2832980972515857;0.9513742071881607;1.7124735729386893;0.38054968287526425;1.331923890063425;3.6152219873150107;1.331923890063425;0.5708245243128964;0.38054968287526425
1869;566698;1085447;2024_2025;70962;futuro_real;63.47305389221557;12.82051282051282;0.0;0.24077046548956663;0.28892455858747995;0.7704654895666132;0.7704654895666132;0.33707865168539325;1.3964686998394864;0.5296950240770466;0.6260032102728732;1.2520064205457464;0.3852327447833066;0.48154093097913325;1.1556982343499198;1.2520064205457464;4.815409309791333;0.5296950240770466;0.048154093097913325;0.048154093097913325
2417;579734;924574;2024_2025;70962;futuro_real;75.43352601156069;9.75609756097561;0.0;0.14894497310715765;0.22341745966073645;0.6330161357054199;0.6330161357054199;0.2606537029375259;2.1969383533305753;1.5639222176251553;0.14894497310715765;0.8564335953661565;0.18618121638394705;1.079851055026893;1.1543235415804718;0.6330161357054199;7.856847331402566;0.7819611088125776;1.6011584609019447;0.22341745966073645
974;610563;943177;2024_2025;70962;futuro_real;72.09302325581395;0.0;0.0;0.0;0.0;0.09240246406570841;0.09240246406570841;0.18480492813141683;0.46201232032854206;0.27720739219712526;0.0;3.141683778234086;1.3860369609856262;2.5872689938398357;0.5544147843942505;2.0328542094455853;3.9733059548254617;1.108829568788501;0.0;0.46201232032854206
1031;621028;980889;2024_2025;70962;futuro_real;77.720207253886;25.0;0.0;0.08729388942774005;0.0;0.08729388942774005;0.1745877788554801;0.08729388942774005;0.4364694471387003;0.6983511154219204;0.3491755577109602;2.2696411251212414;0.9602327837051406;1.0475266731328807;1.9204655674102813;1.2221144519883609;4.190106692531523;1.1348205625606207;0.1745877788554801;0.2618816682832202
2042;621036;973653;2024_2025;70962;futuro_real;75.33834586466165;12.5;0.0;0.0881488736532811;0.0881488736532811;0.22037218413320273;0.3525954946131244;0.13222331047992164;0.3525954946131244;0.48481880509304603;0.0;6.214495592556317;0.22037218413320273;1.4103819784524976;0.5288932419196866;2.2918707149853086;2.908912830558276;3.1733594515181194;0.13222331047992164;0.13222331047992164
409;626179;927690;2024_2025;70962;futuro_real;70.58823529411765;0.0;0.0;0.0;0.0;0.4400977995110025;2.2004889975550124;1.5403422982885087;1.1002444987775062;0.22004889975550124;0.4400977995110025;0.4400977995110025;1.1002444987775062;2.640586797066015;1.76039119804401;3.740831295843521;4.180929095354523;0.22004889975550124;0.0;0.4400977995110025
1494;626916;960016;2024_2025;70962;futuro_real;80.99173553719008;9.75609756097561;0.0;0.24096385542168672;0.18072289156626503;0.9638554216867469;0.8433734939759036;0.6626506024096385;1.506024096385542;1.686746987951807;0.4216867469879518;0.9036144578313252;0.6024096385542168;0.9638554216867469;2.9518072289156625;0.7228915662650601;10.602409638554215;0.4216867469879518;1.325301204819277;0.3012048192771084
1759;638929;957940;2024_2025;70962;futuro_real;87.11864406779661;50.0;0.0;0.051165434906196704;0.0;0.051165434906196704;0.051165434906196704;0.0;0.10233086981239341;0.10233086981239341;0.051165434906196704;6.139852188743604;0.3069926094371802;1.893121091529278;1.1256395679363276;2.9675952245594086;1.5861284820920978;1.739624786810688;0.0;0.7163160886867539
1371;639763;965759;2024_2025;70962;futuro_real;85.40305010893246;5.555555555555555;0.0;0.1312910284463895;0.19693654266958427;0.9846827133479212;0.7877461706783371;0.5908096280087528;1.3129102844638951;2.297592997811816;0.19693654266958427;0.45951859956236324;1.3129102844638951;0.9190371991247265;2.560175054704595;0.19693654266958427;9.518599562363239;0.9846827133479212;0.5908096280087528;0.06564551422319476
2278;639764;965761;2024_2025;70962;futuro_real;79.17525773195877;0.0;0.0;0.0;0.0;0.11852502194907814;0.2370500438981563;0.11852502194907814;0.43459174714661986;0.3555750658472344;0.0;5.610184372256366;0.3555750658472344;1.5408252853380158;0.553116769095698;1.4223002633889377;4.069359086918349;4.978050921861282;0.0;0.2370500438981563
711;641820;933730;2024_2025;70962;futuro_real;76.41509433962264;0.0;0.0;0.0;0.0;0.8860759493670886;0.5063291139240506;0.7594936708860759;1.3924050632911391;2.151898734177215;0.5063291139240506;1.2658227848101264;1.6455696202531644;1.8987341772151898;1.8987341772151898;1.2658227848101264;9.11392405063291;0.8860759493670886;1.0126582278481011;0.37974683544303794
2310;653484;975241;2024_2025;70962;futuro_real;71.49917627677101;16.666666666666664;0.0;0.11688311688311688;0.03896103896103896;0.35064935064935066;0.3116883116883117;0.03896103896103896;0.8181818181818181;0.42857142857142855;0.03896103896103896;2.883116883116883;1.1688311688311688;1.7922077922077921;0.974025974025974;0.8571428571428571;6.0;1.5974025974025974;0.7402597402597402;0.4675324675324675
1817;653688;973636;2024_2025;70962;futuro_real;78.59922178988327;14.285714285714285;0.0;0.04953219592735278;0.14859658778205834;0.04953219592735278;0.2476609796367639;0.04953219592735278;1.0401761144744084;0.7925151348376445;0.09906439185470556;3.170060539350578;0.5448541552008805;1.1887727022564667;1.089708310401761;0.643918547055586;4.1607044578976335;0.4953219592735278;1.1392405063291138;0.09906439185470556
408;655639;976933;2024_2025;70962;futuro_real;83.17757009345794;0.0;0.0;0.0;0.4411764705882353;0.22058823529411764;0.0;0.22058823529411764;1.1029411764705883;0.0;0.0;1.5441176470588236;1.5441176470588236;2.2058823529411766;0.8823529411764706;1.5441176470588236;6.61764705882353;0.6617647058823529;1.3235294117647058;0.0
1626;655641;976931;2024_2025;70962;futuro_real;94.64114832535884;0.0;0.0;0.0;0.055350553505535055;0.0;0.0;0.055350553505535055;0.22140221402214022;0.055350553505535055;0.0;4.70479704797048;0.5535055350553506;0.4981549815498155;0.16605166051660517;1.4944649446494465;0.4981549815498155;1.7158671586715868;0.0;0.16605166051660517
2707;662695;984882;2024_2025;70962;futuro_real;81.54875717017208;9.523809523809524;0.0;0.06649427410417436;0.0;0.23272995936461024;0.3324713705208718;0.1329885482083487;0.06649427410417436;0.06649427410417436;0.03324713705208718;6.5496859992611745;0.19948282231252307;0.43221278167713334;0.6316956039896564;2.0613224972294053;2.1610639083856666;3.4577022534170667;0.03324713705208718;0.06649427410417436
1607;662705;989259;2024_2025;70962;futuro_real;84.765625;0.0;0.0;0.0;0.1120099564405725;0.1120099564405725;0.28002489110143125;0.224019912881145;0.672059738643435;0.224019912881145;0.1120099564405725;2.3522090852520225;0.16801493466085876;1.0640945861854387;0.9520846297448663;0.8400746733042938;6.440572495332919;1.0640945861854387;0.7840696950840075;0.05600497822028625
607;662709;988298;2024_2025;70962;futuro_real;82.24852071005917;0.0;0.0;0.0;0.0;0.14827018121911037;1.3344316309719935;0.44481054365733114;1.4827018121911038;1.9275123558484348;0.0;0.7413509060955519;0.44481054365733114;1.7792421746293245;1.7792421746293245;1.6309719934102143;9.044481054365733;1.186161449752883;1.9275123558484348;0.29654036243822074
243;664362;931772;2024_2025;70962;futuro_real;73.5632183908046;0.0;0.0;0.0;0.0;0.0;0.0;0.37037037037037035;0.0;0.0;0.0;5.925925925925926;0.37037037037037035;0.37037037037037035;0.0;0.7407407407407407;2.222222222222222;0.7407407407407407;0.0;0.37037037037037035
1008;664841;1089808;2024_2025;70962;futuro_real;82.15158924205379;0.0;0.0;0.0;0.0;0.26785714285714285;0.26785714285714285;0.17857142857142858;0.8035714285714286;0.625;0.44642857142857145;2.857142857142857;0.9821428571428572;0.8928571428571429;0.8928571428571429;1.1607142857142858;7.053571428571429;1.6964285714285716;0.9821428571428572;0.26785714285714285
669;665113;975919;2024_2025;70962;futuro_real;67.3202614379085;16.666666666666664;0.0;0.40358744394618834;0.0;0.8071748878923767;1.210762331838565;0.40358744394618834;0.8071748878923767;0.26905829596412556;0.5381165919282511;1.210762331838565;0.40358744394618834;3.094170403587444;1.6143497757847534;4.708520179372197;4.84304932735426;0.13452914798206278;0.13452914798206278;0.6726457399103138
1120;671879;1049088;2024_2025;70962;futuro_real;83.22295805739515;0.0;0.0;0.0;0.0;0.08035714285714285;0.1607142857142857;0.08035714285714285;0.1607142857142857;0.4017857142857143;0.1607142857142857;2.8125;0.6428571428571428;2.169642857142857;0.9642857142857143;1.9285714285714286;2.9732142857142856;1.6071428571428572;0.0;0.4017857142857143
2842;672132;1121321;2024_2025;70962;futuro_real;69.9290780141844;11.11111111111111;83.33333333333334;0.3166783954961295;0.15833919774806474;1.3300492610837438;1.1400422237860661;0.38001407459535536;1.9634060520760028;0.8233638282899366;0.7916959887403237;0.28501055594651653;0.44334975369458124;0.5383532723434201;2.0584095707248418;0.3483462350457424;5.7952146375791695;1.171710063335679;1.9950738916256157;0.22167487684729062
401;686758;989460;2024_2025;70962;futuro_real;68.62745098039215;20.0;0.0;0.22443890274314213;0.0;0.44887780548628425;0.44887780548628425;0.22443890274314213;0.8977556109725685;1.1221945137157108;0.0;0.8977556109725685;2.0199501246882794;2.4688279301745637;2.4688279301745637;0.8977556109725685;4.488778054862843;0.6733167082294265;0.6733167082294265;0.0
646;68747;249137;2024_2025;70962;futuro_real;69.27710843373494;25.0;100.0;0.696594427244582;0.0;0.9752321981424148;1.1145510835913313;0.696594427244582;1.393188854489164;0.2786377708978328;0.2786377708978328;0.696594427244582;0.696594427244582;1.8111455108359134;1.9504643962848296;4.458204334365325;7.105263157894736;0.696594427244582;0.2786377708978328;0.1393188854489164
2080;687933;906816;2024_2025;70962;futuro_real;75.88235294117646;0.0;0.0;0.0;0.0;0.04326923076923077;0.34615384615384615;0.04326923076923077;0.25961538461538464;0.3894230769230769;0.08653846153846154;6.8798076923076925;0.4326923076923077;1.125;0.4326923076923077;1.9903846153846154;1.7307692307692308;3.331730769230769;0.30288461538461536;0.25961538461538464
406;696726;1018388;2024_2025;70962;futuro_real;75.0;0.0;0.0;0.0;0.0;0.0;0.4433497536945813;0.0;0.8866995073891626;0.22167487684729065;0.0;1.3300492610837438;1.1083743842364533;3.5467980295566504;1.1083743842364533;0.8866995073891626;5.541871921182266;1.7733990147783252;0.0;0.4433497536945813
1736;723853;1020375;2024_2025;70962;futuro_real;87.05738705738706;7.4074074074074066;0.0;0.10368663594470047;0.0;0.25921658986175117;0.7776497695852534;0.3629032258064516;0.4665898617511521;0.5184331797235023;0.0;4.717741935483871;0.3110599078341014;0.9331797235023042;0.9331797235023042;2.5403225806451615;5.288018433179724;3.369815668202765;0.0;0.10368663594470047
2970;725453;991108;2024_2025;70962;futuro_real;76.62337662337663;7.6923076923076925;0.0;0.06060606060606061;0.030303030303030304;0.18181818181818182;0.45454545454545453;0.15151515151515152;0.3333333333333333;0.5151515151515151;0.030303030303030304;7.7272727272727275;0.3939393939393939;0.5151515151515151;0.48484848484848486;2.393939393939394;2.727272727272727;4.363636363636363;0.12121212121212122;0.30303030303030304
1606;729032;1017480;2024_2025;70962;futuro_real;74.25431711145997;0.0;0.0;0.0;0.39227895392278955;0.28019925280199254;0.5603985056039851;0.28019925280199254;1.905354919053549;1.4570361145703612;0.448318804483188;2.8019925280199254;0.5043586550435866;1.6251556662515567;0.8405977584059776;2.2976338729763386;10.87173100871731;1.1207970112079702;1.4570361145703612;0.448318804483188
104;738291;992004;2024_2025;70962;futuro_real;82.6923076923077;0.0;0.0;0.0;0.0;0.0;0.0;0.8653846153846154;0.0;0.0;0.0;1.7307692307692308;0.8653846153846154;1.7307692307692308;5.1923076923076925;1.7307692307692308;9.51923076923077;4.3269230769230775;0.0;0.8653846153846154
1899;738469;1020855;2024_2025;70962;futuro_real;77.01863354037268;0.0;0.0;0.0;0.0;0.0;0.14218009478672985;0.04739336492890995;0.0947867298578199;0.14218009478672985;0.0947867298578199;6.0663507109004735;0.5687203791469194;1.3744075829383886;0.7109004739336492;2.701421800947867;1.8009478672985781;3.2701421800947865;0.0;0.23696682464454974
2641;738710;1016982;2024_2025;70962;futuro_real;89.39064200217628;2.941176470588235;0.0;0.0340780007572889;0.0681560015145778;0.40893600908746686;0.5793260128739114;0.17039000378644453;1.0223400227186672;1.0223400227186672;0.0;1.806134040136312;0.8178720181749337;1.2949640287769784;0.8860280196895115;0.5452480121166224;8.655812192351382;2.7603180613404015;0.40893600908746686;0.23854600530102232
1662;739725;1001106;2024_2025;70962;futuro_real;79.48717948717949;0.0;0.0;0.0;0.10830324909747294;0.05415162454873647;0.21660649819494587;0.21660649819494587;1.028880866425993;1.84115523465704;0.1624548736462094;0.21660649819494587;0.4873646209386282;0.5415162454873647;2.003610108303249;0.21660649819494587;7.906137184115524;1.2996389891696751;0.5415162454873647;0.0
2537;740319;1016974;2024_2025;70962;futuro_real;76.57342657342657;0.0;0.0;0.0;0.14189988175009854;0.21284982262514782;0.39022467481277096;0.07094994087504927;1.2416239653133623;0.6385494678754434;0.17737485218762317;2.518722901064249;0.9932991722506898;1.2770989357508868;1.8801734331888056;0.9578242018131651;5.072920772566023;2.4832479306267246;0.7449743791880173;0.2837997635001971
2843;741727;1018255;2024_2025;70962;futuro_real;70.23004059539919;0.0;0.0;0.0;0.06331340133661625;0.03165670066830813;0.06331340133661625;0.0;0.6331340133661625;0.5381639113612381;0.09497010200492438;3.1340133661625043;0.6331340133661625;1.0763278227224762;1.994372142103412;0.6647907140344707;3.54555047485051;1.266268026732325;0.50650721069293;0.41153710868800564
309;747666;1464243;2024_2025;70962;futuro_real;89.1891891891892;0.0;0.0;0.0;0.29126213592233013;0.0;0.0;0.0;0.29126213592233013;0.0;0.0;4.368932038834951;0.29126213592233013;2.621359223300971;0.8737864077669903;2.330097087378641;1.7475728155339807;1.7475728155339807;0.29126213592233013;0.29126213592233013
858;752551;1103492;2024_2025;70962;futuro_real;74.47552447552448;0.0;0.0;0.0;0.0;0.1048951048951049;0.1048951048951049;0.0;0.0;0.1048951048951049;0.0;5.979020979020979;0.3146853146853147;1.5734265734265735;0.6293706293706294;1.5734265734265735;1.9930069930069931;2.832167832167832;0.0;0.2097902097902098
2331;752977;878754;2024_2025;70962;futuro_real;84.52380952380952;0.0;0.0;0.0;0.0;0.15444015444015444;0.3088803088803089;0.3088803088803089;1.3127413127413128;0.46332046332046334;0.0;1.6216216216216217;0.2702702702702703;0.7335907335907337;0.7722007722007722;0.3474903474903475;11.196911196911197;3.552123552123552;1.0038610038610039;0.07722007722007722
1654;764367;1017778;2024_2025;70962;futuro_real;78.66894197952219;23.076923076923077;0.0;0.16324062877871828;0.05441354292623942;0.2720677146311971;0.32648125755743657;0.10882708585247884;0.6529625151148731;0.43530834340991537;0.21765417170495768;4.9516324062877874;0.5985489721886337;1.033857315598549;1.0882708585247884;1.414752116082225;3.1559854897218864;2.938331318016929;0.2720677146311971;0.10882708585247884
1410;789198;1017747;2024_2025;70962;futuro_real;87.60869565217392;0.0;0.0;0.0;0.0;0.06382978723404256;0.12765957446808512;0.06382978723404256;0.25531914893617025;0.06382978723404256;0.0;4.595744680851064;0.574468085106383;0.9574468085106383;0.3191489361702128;0.8936170212765958;1.148936170212766;2.1063829787234045;0.0;0.3191489361702128
714;822523;1083668;2024_2025;70962;futuro_real;68.6046511627907;5.0;0.0;0.12605042016806722;0.0;1.0084033613445378;1.2605042016806722;0.25210084033613445;1.3865546218487395;0.5042016806722689;0.37815126050420167;1.134453781512605;0.25210084033613445;0.5042016806722689;0.6302521008403361;1.5126050420168067;5.294117647058823;0.8823529411764706;0.25210084033613445;0.12605042016806722
1176;830848;1087004;2024_2025;70962;futuro_real;66.96428571428571;33.33333333333333;0.0;0.30612244897959184;0.0;0.45918367346938777;0.3826530612244898;0.07653061224489796;0.07653061224489796;0.15306122448979592;0.07653061224489796;6.581632653061225;0.3826530612244898;0.8418367346938775;0.45918367346938777;1.530612244897959;1.913265306122449;2.4489795918367347;0.0;0.22959183673469388
390;832217;1086281;2024_2025;70962;futuro_real;83.82352941176471;0.0;0.0;0.0;0.0;0.0;0.23076923076923078;0.23076923076923078;0.6923076923076924;0.46153846153846156;0.0;2.307692307692308;1.153846153846154;0.9230769230769231;1.153846153846154;0.6923076923076924;11.76923076923077;3.230769230769231;0.0;0.23076923076923078
1076;836494;1084961;2024_2025;70962;futuro_real;79.6969696969697;8.108108108108109;0.0;0.25092936802973975;0.16728624535315986;1.4219330855018588;1.1710037174721188;0.5018587360594795;0.9200743494423792;2.5092936802973975;0.25092936802973975;0.7527881040892194;0.5855018587360594;1.2546468401486988;3.429368029739777;1.003717472118959;9.869888475836431;0.5855018587360594;0.08364312267657993;0.08364312267657993
1707;839993;1092343;2024_2025;70962;futuro_real;71.60493827160494;7.5;0.0;0.15817223198594027;0.15817223198594027;0.421792618629174;1.2126537785588754;0.47451669595782076;1.9507908611599298;1.1072056239015817;0.31634446397188054;0.421792618629174;1.3708260105448156;1.687170474516696;1.3181019332161688;0.5272407732864676;9.437609841827769;2.1089630931458703;0.9490333919156415;0.47451669595782076
1052;842604;1095031;2024_2025;70962;futuro_real;71.73144876325088;0.0;0.0;0.0;0.1711026615969582;0.0855513307984791;0.3422053231939164;0.0855513307984791;0.7699619771863119;0.7699619771863119;0.0855513307984791;2.2243346007604563;0.6844106463878328;0.7699619771863119;0.2566539923954373;0.2566539923954373;5.304182509505703;1.6254752851711027;1.1121673003802282;0.2566539923954373
644;84506;47439;2024_2025;70962;futuro_real;87.86982248520711;33.33333333333333;0.0;0.13975155279503104;0.0;0.13975155279503104;0.0;0.2795031055900621;0.13975155279503104;0.13975155279503104;0.0;5.31055900621118;0.13975155279503104;0.13975155279503104;0.6987577639751552;1.9565217391304346;1.8167701863354035;2.2360248447204967;0.0;0.2795031055900621
2965;851121;1096363;2024_2025;70962;futuro_real;67.77408637873754;14.000000000000002;60.0;0.4249578414839798;0.1821247892074199;1.3355817875210794;1.3962900505902194;0.30354131534569984;1.5177065767284992;0.5767284991568297;1.5480607082630693;0.2731871838111299;0.15177065767284992;1.0623946037099494;1.0016863406408094;0.9713322091062395;3.460370994940978;0.12141652613827994;0.3642495784148398;0.24283305227655988
1329;857805;1107889;2024_2025;70962;futuro_real;81.52380952380952;7.4074074074074066;0.0;0.13544018058690743;0.13544018058690743;0.47404063205417607;0.7449209932279909;0.6094808126410834;1.8961625282167043;1.1512415349887133;0.13544018058690743;0.6094808126410834;0.5417607223476297;0.8126410835214446;2.505643340857788;0.47404063205417607;11.580135440180586;1.4221218961625282;0.6772009029345372;0.06772009029345372
1379;871653;1107917;2024_2025;70962;futuro_real;72.18543046357617;0.0;0.0;0.0;0.0;0.06526468455402465;0.3263234227701233;0.0;0.45685279187817257;0.19579405366207395;0.0;6.72226250906454;0.5873821609862219;0.9789702683103698;0.3915881073241479;2.284263959390863;4.046410442349528;3.3284989122552573;0.0;0.2610587382160986
2387;873510;1098306;2024_2025;70962;futuro_real;70.15985790408526;7.142857142857142;0.0;0.18852115626309174;0.11311269375785504;0.7163803937997486;1.093422706325932;0.8294930875576036;1.621281943862589;1.093422706325932;0.26392961876832843;0.4901550062840385;0.5278592375366569;2.1114369501466275;2.6392961876832843;0.22622538751571009;6.296606619187265;1.1688311688311688;1.0180142438206954;0.22622538751571009
1088;874831;1411422;2024_2025;70962;futuro_real;74.75728155339806;12.195121951219512;100.0;0.4136029411764706;0.24816176470588236;1.3235294117647058;1.2408088235294117;0.8272058823529412;1.9025735294117647;1.2408088235294117;0.24816176470588236;0.24816176470588236;0.33088235294117646;1.0753676470588236;1.9025735294117647;0.08272058823529412;9.430147058823529;0.8272058823529412;0.8272058823529412;0.08272058823529412
1999;87508;991202;2024_2025;70962;futuro_real;63.387978142076506;16.9811320754717;100.0;0.40520260130065033;0.04502251125562781;0.8554277138569284;0.9904952476238119;0.5402701350675337;0.720360180090045;0.27013506753376687;0.27013506753376687;1.3956978489244622;0.18009004502251125;1.8909454727363681;1.8909454727363681;3.28664332166083;3.376688344172086;0.40520260130065033;0.0;0.3151575787893947
1192;891814;1120472;2024_2025;70962;futuro_real;83.20610687022901;0.0;0.0;0.0;0.0;0.0;0.30201342281879195;0.0;0.37751677852348997;0.22651006711409397;0.0;4.907718120805369;0.6040268456375839;0.9060402684563759;0.5285234899328859;1.9630872483221478;2.2651006711409396;2.4161073825503356;0.0;0.30201342281879195
2762;894212;1131133;2024_2025;70962;futuro_real;86.04100946372239;9.523809523809524;0.0;0.06517016654598116;0.0;0.29326574945691525;0.3584359160028964;0.03258508327299058;0.4561911658218682;0.1955104996379435;0.03258508327299058;4.757422157856626;0.7494569152787834;0.8146270818247646;0.5213613323678493;1.9876900796524257;2.9000724112961622;1.8247646632874728;0.03258508327299058;0.13034033309196233
1990;894880;1415941;2024_2025;70962;futuro_real;79.17050691244239;5.714285714285714;0.0;0.09045226130653267;0.135678391959799;0.36180904522613067;0.7688442211055276;0.45226130653266333;1.8542713567839195;0.678391959798995;0.0;0.678391959798995;1.1306532663316584;0.8592964824120604;1.7185929648241207;0.7688442211055276;14.06532663316583;3.7537688442211055;1.5829145728643217;0.36180904522613067
1207;906422;1173448;2024_2025;70962;futuro_real;77.17391304347827;20.930232558139537;100.0;0.6710853355426678;0.07456503728251863;1.4167357083678542;1.1930405965202981;0.5965202982601491;0.9693454846727423;1.4913007456503728;1.1930405965202981;0.29826014913007454;0.6710853355426678;1.64043082021541;0.14913007456503727;0.9693454846727423;3.8028169014084505;0.22369511184755592;0.07456503728251863;0.5219552609776305
887;908300;1018414;2024_2025;70962;futuro_real;77.58620689655173;12.5;0.0;0.30439684329199546;0.2029312288613303;0.6087936865839909;1.2175873731679818;0.6087936865839909;1.2175873731679818;1.4205186020293121;0.2029312288613303;0.30439684329199546;0.6087936865839909;0.4058624577226606;0.2029312288613303;0.7102593010146561;5.3776775648252535;0.2029312288613303;0.4058624577226606;0.10146561443066515
2314;909314;1129485;2024_2025;70962;futuro_real;68.86075949367088;14.545454545454545;100.0;0.3111495246326707;0.07778738115816768;0.8556611927398444;1.0501296456352636;0.23336214347450301;0.6611927398444252;0.3111495246326707;0.5445116681071737;0.700086430423509;0.9334485738980121;1.9446845289541919;1.2445980985306828;1.3223854796888503;3.539325842696629;0.6222990492653414;0.07778738115816768;0.27225583405358683
1226;909475;1159659;2024_2025;70962;futuro_real;82.91925465838509;0.0;0.0;0.0;0.0;0.2202283849918434;0.0734094616639478;0.0734094616639478;0.8809135399673736;1.2479608482871125;0.1468189233278956;3.450244698205547;0.8075040783034259;0.9543230016313214;2.6427406199021206;0.8809135399673736;3.5970636215334424;0.9543230016313214;0.5138662316476346;0.2202283849918434
2160;936044;1526674;2024_2025;70962;futuro_real;80.82352941176471;0.0;0.0;0.0;0.0;0.16666666666666666;0.4166666666666667;0.08333333333333333;0.20833333333333334;0.375;0.125;5.625;0.75;1.0833333333333333;0.5416666666666666;2.2083333333333335;2.9166666666666665;2.6666666666666665;0.08333333333333333;0.4166666666666667
1343;94761;883299;2024_2025;70962;futuro_real;67.54098360655738;16.27906976744186;0.0;0.46909903201787045;0.0;1.2062546537602383;1.2062546537602383;0.46909903201787045;1.0722263588979895;0.20104244229337304;1.0052122114668651;1.4743112434847356;0.33507073715562175;1.4743112434847356;1.139240506329114;2.345495160089352;6.433358153387937;0.46909903201787045;0.06701414743112434;0.20104244229337304
1308;953990;943712;2024_2025;70962;futuro_real;72.89473684210527;5.0;0.0;0.06880733944954129;0.0;0.27522935779816515;0.8256880733944955;0.27522935779816515;1.238532110091743;2.2018348623853212;0.13761467889908258;3.0275229357798166;0.8256880733944955;1.238532110091743;1.3761467889908257;1.0321100917431192;5.229357798165138;2.0642201834862384;1.651376146788991;0.13761467889908258
1763;95852;123238;2024_2025;70962;futuro_real;84.52535760728217;0.0;0.0;0.0;0.0;0.10209869540555871;0.20419739081111743;0.05104934770277936;0.5104934770277936;0.40839478162223486;0.10209869540555871;3.2161089052750995;0.8678389109472491;1.3783323879750426;1.0720363017583665;1.5314804310833807;4.951786727169598;2.552467385138968;0.0;0.2552467385138968
1269;965449;1170641;2024_2025;70962;futuro_real;85.62753036437248;0.0;0.0;0.0;0.0;0.0;0.07092198581560284;0.0;0.49645390070921985;0.6382978723404256;0.0;2.0567375886524824;1.9148936170212767;2.6950354609929077;0.6382978723404256;1.702127659574468;4.680851063829787;1.1347517730496455;0.0;0.3546099290780142
1908;965846;1170640;2024_2025;70962;futuro_real;83.83947939262472;5.263157894736842;0.0;0.04716981132075472;0.0;0.2358490566037736;0.37735849056603776;0.2830188679245283;0.8490566037735849;1.4622641509433962;0.09433962264150944;2.7830188679245285;0.4716981132075472;0.4716981132075472;0.5660377358490566;1.0377358490566038;10.283018867924529;1.9339622641509435;0.6603773584905661;0.04716981132075472
1447;97013;143886;2024_2025;70962;futuro_real;70.43478260869566;12.5;100.0;0.3731859018659295;0.1243953006219765;1.492743607463718;0.9329647546648236;0.5597788527988942;0.6219765031098825;0.497581202487906;0.4353835521769177;1.4305459571527297;0.18659295093296474;0.995162404975812;0.6841741534208707;2.4257083621285416;3.980649619903248;0.18659295093296474;0.06219765031098825;0.1243953006219765
687;981411;1199271;2024_2025;70962;futuro_real;80.8695652173913;10.0;0.0;0.13100436681222707;0.0;0.3930131004366812;0.6550218340611353;0.26200873362445415;0.13100436681222707;1.5720524017467248;0.13100436681222707;0.26200873362445415;1.1790393013100435;1.4410480349344978;1.5720524017467248;0.6550218340611353;6.026200873362445;0.13100436681222707;0.26200873362445415;0.26200873362445415
1220;981804;1408186;2024_2025;70962;futuro_real;76.69616519174042;0.0;0.0;0.0;0.0;0.07377049180327869;0.29508196721311475;0.22131147540983606;0.959016393442623;0.8852459016393442;0.07377049180327869;2.6557377049180326;0.8852459016393442;0.5901639344262295;0.6639344262295082;1.5491803278688525;5.090163934426229;0.959016393442623;1.3278688524590163;0.22131147540983606
550;996587;1650465;2024_2025;70962;futuro_real;75.49019607843137;11.76470588235294;0.0;0.32727272727272727;0.0;0.8181818181818182;1.309090909090909;0.6545454545454545;1.4727272727272729;1.4727272727272729;0.49090909090909096;0.49090909090909096;0.6545454545454545;0.9818181818181819;1.1454545454545455;0.0;5.7272727272727275;0.9818181818181819;0.32727272727272727;0.49090909090909096
