tm_id;ss_id;ss_season_id;nombre_jugador;edad;nacionalidad_str;posicion;club_origen;minutesPlayed;appearances;started;goals;totalShots;shotsOnTarget;shotsOffTarget;blockedShots;assists;keyPasses;bigChancesCreated;bigChancesMissed;successfulDribbles;penaltiesWon;penaltiesTaken;penaltyGoals;offsides;tackles;interceptions;clearances;dribbledPast;penaltiesCommitted;fouls;wasFouled;aerialDuelsWon;groundDuelsWon;totalPasses;accuratePasses;accurateFinalThirdPasses;accurateLongBalls;accurateCrosses;possessionLost;dispossessed;yellowCards;redCards;season
55164;41834;13950;Tomás Costa;32;Argentina;Pivote;Olimpo;642.0;10.0;8.0;0.0;10.0;1.0;5.0;4.0;0.0;7.0;0.0;0.0;4.0;0.0;0.0;0.0;1.0;12.0;13.0;18.0;19.0;0.0;3.0;9.0;8.0;25.0;294.0;216.0;58.0;13.0;8.0;130.0;10.0;1.0;0.0;2017_2018
139955;220104;13413;Emanuel Herrera;30;Argentina;Delantero centro;CS Emelec;382.0;6.0;4.0;0.0;14.0;6.0;4.0;4.0;0.0;4.0;1.0;1.0;2.0;0.0;0.0;0.0;4.0;3.0;0.0;0.0;2.0;0.0;5.0;2.0;9.0;7.0;105.0;71.0;32.0;0.0;1.0;59.0;7.0;1.0;0.0;2017_2018
56032;34134;13475;Omar Merlo;30;Argentina;Defensa central;Huachipato;1260.0;14.0;14.0;0.0;5.0;1.0;3.0;1.0;0.0;3.0;0.0;0.0;11.0;0.0;0.0;0.0;2.0;28.0;39.0;67.0;8.0;0.0;22.0;14.0;26.0;50.0;554.0;412.0;38.0;48.0;0.0;158.0;1.0;5.0;0.0;2017_2018
178114;247807;12882;Yulián Mejía;26;Colombia;Mediocentro;A. Bucaramanga;;;;;;;;;;;;;;;;;;;;;;;;;;;;;;;;;;;;2017_2018
333089;798277;12825;Miguel Camargo;23;Panamá;Mediocentro ofensivo;Chorrillo FC;176.0;8.0;2.0;1.0;3.0;1.0;2.0;0.0;0.0;0.0;0.0;0.0;4.0;0.0;0.0;0.0;0.0;5.0;6.0;2.0;5.0;0.0;4.0;4.0;2.0;13.0;83.0;58.0;19.0;0.0;0.0;42.0;4.0;1.0;0.0;2017_2018
84111;355874;12882;Róbinson Aponzá;28;Colombia;Extremo izquierdo;Junior FC;156.0;8.0;0.0;0.0;7.0;4.0;1.0;2.0;1.0;3.0;1.0;2.0;3.0;0.0;0.0;0.0;1.0;3.0;0.0;0.0;0.0;0.0;6.0;6.0;0.0;12.0;55.0;48.0;23.0;2.0;0.0;23.0;2.0;1.0;0.0;2017_2018
84111;355874;12882;Róbinson Aponzá;28;Colombia;Extremo izquierdo;Junior FC;614.0;12.0;6.0;1.0;16.0;4.0;9.0;3.0;2.0;11.0;1.0;0.0;11.0;0.0;0.0;0.0;6.0;7.0;3.0;0.0;3.0;0.0;11.0;22.0;0.0;40.0;217.0;173.0;75.0;7.0;5.0;74.0;8.0;1.0;0.0;2017_2018
147097;819195;12882;César Mena;28;Colombia;Defensa central;Patriotas;180.0;2.0;2.0;0.0;0.0;0.0;0.0;0.0;1.0;2.0;0.0;0.0;0.0;0.0;0.0;0.0;0.0;1.0;6.0;5.0;2.0;0.0;2.0;1.0;3.0;1.0;76.0;69.0;3.0;10.0;0.0;3.0;0.0;0.0;0.0;2017_2018
82577;38024;12950;Julio Landauri;31;Perú;Extremo izquierdo;Alianza Lima;72.0;2.0;1.0;0.0;0.0;0.0;0.0;0.0;0.0;0.0;0.0;0.0;0.0;0.0;0.0;0.0;0.0;0.0;0.0;0.0;0.0;0.0;0.0;0.0;0.0;0.0;0.0;0.0;0.0;0.0;0.0;0.0;0.0;0.0;0.0;2017_2018
485576;842732;12882;Óscar Franco;24;Paraguay;Delantero centro;Atl. Nacional;220.0;6.0;2.0;1.0;7.0;3.0;3.0;1.0;0.0;2.0;0.0;0.0;0.0;0.0;0.0;0.0;0.0;0.0;0.0;1.0;1.0;0.0;5.0;3.0;5.0;2.0;39.0;25.0;8.0;0.0;0.0;22.0;2.0;2.0;0.0;2017_2018
89317;339855;13475;Bernardo Cuesta;28;Argentina;Delantero centro;Huachipato;398.0;6.0;5.0;0.0;9.0;1.0;5.0;3.0;0.0;3.0;0.0;0.0;0.0;0.0;0.0;0.0;6.0;3.0;0.0;7.0;2.0;0.0;10.0;1.0;1.0;4.0;99.0;69.0;27.0;4.0;2.0;55.0;4.0;1.0;0.0;2017_2018
89317;339855;12882;Bernardo Cuesta;28;Argentina;Delantero centro;Huachipato;497.0;13.0;4.0;1.0;12.0;5.0;6.0;1.0;1.0;9.0;0.0;0.0;0.0;0.0;0.0;0.0;6.0;6.0;0.0;0.0;1.0;0.0;12.0;4.0;1.0;10.0;116.0;78.0;47.0;3.0;0.0;36.0;2.0;1.0;0.0;2017_2018
76717;249305;11740;Pablo Míguez;30;Uruguay;Defensa central;Club Puebla;775.0;13.0;9.0;0.0;10.0;1.0;5.0;4.0;0.0;3.0;0.0;2.0;3.0;0.0;0.0;0.0;0.0;15.0;21.0;13.0;9.0;1.0;28.0;6.0;16.0;24.0;289.0;238.0;47.0;12.0;0.0;24.0;10.0;4.0;0.0;2017_2018
76717;249305;19779;Pablo Míguez;30;Uruguay;Defensa central;Club Puebla;1366.0;16.0;16.0;2.0;11.0;3.0;6.0;2.0;2.0;9.0;1.0;0.0;6.0;0.0;0.0;0.0;0.0;65.0;21.0;24.0;18.0;0.0;42.0;11.0;18.0;81.0;568.0;461.0;96.0;50.0;0.0;87.0;12.0;4.0;0.0;2017_2018
112534;886298;13413;Omar Tejeda;28;México;Mediocentro ofensivo;Lobos BUAP;262.0;6.0;2.0;0.0;4.0;1.0;2.0;1.0;0.0;5.0;0.0;0.0;1.0;1.0;0.0;0.0;1.0;3.0;0.0;0.0;1.0;0.0;4.0;5.0;0.0;9.0;117.0;92.0;40.0;5.0;0.0;58.0;9.0;0.0;0.0;2017_2018
94328;34031;12950;Mauricio Montes;35;Perú;Delantero centro;Sport Huancayo;120.0;2.0;1.0;1.0;0.0;0.0;0.0;0.0;0.0;0.0;0.0;0.0;0.0;0.0;0.0;0.0;0.0;0.0;0.0;0.0;0.0;0.0;0.0;0.0;0.0;0.0;0.0;0.0;0.0;0.0;0.0;0.0;0.0;0.0;0.0;2017_2018
72716;33284;12950;César Ortiz;33;Perú;Pivote;Sport Huancayo;90.0;1.0;1.0;0.0;0.0;0.0;0.0;0.0;0.0;0.0;0.0;0.0;0.0;0.0;0.0;0.0;0.0;0.0;0.0;0.0;0.0;0.0;0.0;0.0;0.0;0.0;0.0;0.0;0.0;0.0;0.0;0.0;0.0;0.0;0.0;2017_2018
72706;33290;12950;Roberto Guizasola;32;Perú;Lateral derecho;Sport Huancayo;46.0;1.0;1.0;0.0;0.0;0.0;0.0;0.0;0.0;0.0;0.0;0.0;0.0;0.0;0.0;0.0;0.0;0.0;0.0;0.0;0.0;0.0;0.0;0.0;0.0;0.0;0.0;0.0;0.0;0.0;0.0;0.0;0.0;1.0;0.0;2017_2018
90674;147293;12882;Luis Cardoza;32;Colombia;Defensa central;Deportes Tolima;977.0;12.0;11.0;1.0;8.0;3.0;5.0;0.0;0.0;0.0;0.0;0.0;1.0;0.0;0.0;0.0;3.0;13.0;16.0;45.0;3.0;0.0;16.0;2.0;26.0;16.0;251.0;182.0;3.0;20.0;0.0;65.0;1.0;5.0;0.0;2017_2018
94741;169925;12950;Diego Minaya;27;Perú;Defensa central;Sport Huancayo;90.0;1.0;1.0;0.0;0.0;0.0;0.0;0.0;0.0;0.0;0.0;0.0;0.0;0.0;0.0;0.0;0.0;0.0;0.0;0.0;0.0;0.0;0.0;0.0;0.0;0.0;0.0;0.0;0.0;0.0;0.0;0.0;0.0;0.0;0.0;2017_2018
82562;38023;12950;Víctor Balta;31;Perú;Defensa central;Sport Huancayo;180.0;2.0;2.0;0.0;0.0;0.0;0.0;0.0;0.0;0.0;0.0;0.0;0.0;0.0;0.0;0.0;0.0;0.0;0.0;0.0;0.0;0.0;0.0;0.0;0.0;0.0;0.0;0.0;0.0;0.0;0.0;0.0;0.0;0.0;0.0;2017_2018
102810;248291;12950;Mario Velarde;26;Perú;Mediocentro ofensivo;Unión Comercio;;;;;;;;;;;;;;;;;;;;;;;;;;;;;;;;;;;;2017_2018
420869;883338;12950;José Guidino;21;Perú;Lateral izquierdo;Dep. Municipal;;;;;;;;;;;;;;;;;;;;;;;;;;;;;;;;;;;;2017_2018
94761;883299;12950;Janio Pósito;27;Perú;Delantero centro;Rosario FC;;;;;;;;;;;;;;;;;;;;;;;;;;;;;;;;;;;;2017_2018
201043;358202;12950;Gianmarco Gambetta;26;Perú;Defensa central;Juan Aurich;;;;;;;;;;;;;;;;;;;;;;;;;;;;;;;;;;;;2017_2018
95906;924781;12950;Júnior Huerta;28;Perú;Lateral izquierdo;Dep. Municipal;;;;;;;;;;;;;;;;;;;;;;;;;;;;;;;;;;;;2017_2018
516242;914294;12950;Edhu Oliva;21;Perú;Mediocentro;Sport. Cristal;;;;;;;;;;;;;;;;;;;;;;;;;;;;;;;;;;;;2017_2018
338977;883406;12950;Yordi Vílchez;22;Perú;Defensa central;Juan Aurich;;;;;;;;;;;;;;;;;;;;;;;;;;;;;;;;;;;;2017_2018
195002;175977;12950;Álvaro Ampuero;24;Perú;Lateral izquierdo;U. San Martín;;;;;;;;;;;;;;;;;;;;;;;;;;;;;;;;;;;;2017_2018
93124;200758;12950;Ricardo Buitrago;31;Panamá;Mediocentro ofensivo;Juan Aurich;;;;;;;;;;;;;;;;;;;;;;;;;;;;;;;;;;;;2017_2018
68910;45882;12950;José Carlos Fernández;34;Perú;Delantero centro;FBC Melgar;;;;;;;;;;;;;;;;;;;;;;;;;;;;;;;;;;;;2017_2018
135160;901523;12950;Jhon Tapia;28;Colombia;Defensa central;Comerciantes;;;;;;;;;;;;;;;;;;;;;;;;;;;;;;;;;;;;2017_2018
417435;873848;12950;Sebastián Ternero;20;Perú;Pivote;Comerciantes;;;;;;;;;;;;;;;;;;;;;;;;;;;;;;;;;;;;2017_2018
356222;846372;12950;Raúl Tito;19;Perú;Extremo izquierdo;Universitario;;;;;;;;;;;;;;;;;;;;;;;;;;;;;;;;;;;;2017_2018
434562;883279;12950;Ronaldo Andía;19;Perú;Lateral derecho;Sport Huancayo;;;;;;;;;;;;;;;;;;;;;;;;;;;;;;;;;;;;2017_2018
147133;345747;15806;Joaquín Lencinas;30;Argentina;Defensa central;Monagas SC;360.0;4.0;4.0;0.0;2.0;0.0;2.0;0.0;0.0;0.0;0.0;0.0;1.0;0.0;0.0;0.0;0.0;9.0;14.0;12.0;3.0;0.0;3.0;4.0;5.0;13.0;89.0;65.0;10.0;9.0;0.0;29.0;2.0;2.0;0.0;2018_2019
54594;790020;16007;Diego Manicero;33;Argentina;Mediocentro ofensivo;Universitario;2156.0;28.0;24.0;5.0;64.0;17.0;27.0;20.0;3.0;55.0;10.0;3.0;41.0;1.0;1.0;0.0;5.0;13.0;8.0;8.0;16.0;0.0;23.0;42.0;10.0;95.0;740.0;534.0;258.0;51.0;28.0;447.0;32.0;2.0;1.0;2018_2019
250482;805353;16007;Joao Villamarín;26;Perú;Extremo izquierdo;FBC Melgar;993.0;26.0;9.0;5.0;32.0;14.0;9.0;9.0;0.0;12.0;0.0;6.0;11.0;0.0;0.0;0.0;16.0;6.0;4.0;8.0;6.0;0.0;25.0;22.0;7.0;38.0;284.0;224.0;68.0;6.0;2.0;129.0;14.0;5.0;1.0;2018_2019
67218;105848;15809;Pablo de Miranda;32;Argentina;Defensa central;Blooming;180.0;2.0;2.0;0.0;0.0;0.0;0.0;0.0;0.0;1.0;0.0;0.0;1.0;0.0;0.0;0.0;0.0;2.0;5.0;17.0;1.0;0.0;3.0;5.0;1.0;8.0;85.0;66.0;5.0;8.0;0.0;21.0;0.0;0.0;0.0;2018_2019
94766;46983;16007;Renzo Sheput;37;Perú;Mediocentro ofensivo;Sport Boys;478.0;9.0;7.0;1.0;10.0;5.0;3.0;2.0;0.0;5.0;1.0;0.0;10.0;0.0;0.0;0.0;1.0;3.0;0.0;2.0;7.0;0.0;4.0;8.0;1.0;21.0;276.0;210.0;50.0;18.0;5.0;103.0;5.0;0.0;1.0;2018_2019
214624;345787;16007;Josimar Vargas;28;Perú;Pivote;Sport Boys;268.0;6.0;5.0;0.0;3.0;0.0;2.0;1.0;0.0;2.0;0.0;0.0;1.0;0.0;0.0;0.0;0.0;8.0;7.0;6.0;4.0;0.0;6.0;5.0;0.0;14.0;121.0;98.0;15.0;6.0;0.0;26.0;1.0;2.0;0.0;2018_2019
186903;248229;16007;Jean Piere Fuentes;26;Perú;Pivote;FBC Melgar;1586.0;25.0;16.0;0.0;27.0;4.0;14.0;9.0;0.0;3.0;2.0;1.0;5.0;0.0;0.0;0.0;0.0;33.0;23.0;44.0;10.0;2.0;51.0;17.0;40.0;54.0;792.0;672.0;100.0;69.0;2.0;152.0;6.0;7.0;1.0;2018_2019
201397;34133;16007;Tulio Etchemaite;30;Argentina;Delantero centro;FBC Melgar;1825.0;26.0;23.0;13.0;86.0;33.0;34.0;19.0;2.0;26.0;3.0;6.0;17.0;0.0;5.0;5.0;14.0;11.0;5.0;9.0;11.0;0.0;25.0;32.0;27.0;58.0;444.0;300.0;136.0;30.0;8.0;275.0;33.0;5.0;2.0;2018_2019
434562;883279;16007;Ronaldo Andía;20;Perú;Lateral derecho;Rosario FC;2785.0;35.0;30.0;0.0;6.0;1.0;3.0;2.0;2.0;27.0;3.0;1.0;22.0;0.0;0.0;0.0;1.0;41.0;61.0;40.0;21.0;1.0;49.0;22.0;18.0;85.0;741.0;559.0;154.0;47.0;10.0;361.0;30.0;5.0;0.0;2018_2019
482452;922007;16044;Jimmy Valoyes;31;Colombia;Defensa central;CD Águila;1061.0;13.0;11.0;0.0;8.0;1.0;7.0;0.0;0.0;3.0;0.0;2.0;11.0;0.0;0.0;0.0;0.0;23.0;35.0;62.0;6.0;2.0;17.0;17.0;35.0;50.0;427.0;348.0;26.0;40.0;0.0;92.0;1.0;0.0;2.0;2018_2019
420949;836281;16007;Flavio Ramírez;22;Perú;Lateral derecho;Sport. Cristal;784.0;18.0;9.0;0.0;2.0;0.0;1.0;1.0;0.0;5.0;0.0;1.0;6.0;0.0;0.0;0.0;1.0;20.0;12.0;11.0;12.0;0.0;19.0;14.0;6.0;40.0;293.0;226.0;46.0;14.0;3.0;124.0;2.0;1.0;0.0;2018_2019
375364;805259;16007;Mario Palomino;24;Perú;Pivote;Comerciantes;213.0;5.0;3.0;0.0;0.0;0.0;0.0;0.0;0.0;1.0;0.0;0.0;2.0;0.0;0.0;0.0;0.0;3.0;7.0;6.0;6.0;0.0;7.0;4.0;1.0;9.0;101.0;69.0;12.0;6.0;1.0;42.0;1.0;0.0;0.0;2018_2019
528898;894464;16007;Luis Acuy;20;Perú;Extremo izquierdo;U. San Martín;92.0;3.0;0.0;0.0;0.0;0.0;0.0;0.0;0.0;2.0;0.0;0.0;2.0;0.0;0.0;0.0;0.0;4.0;0.0;1.0;3.0;0.0;4.0;3.0;1.0;9.0;28.0;20.0;5.0;0.0;1.0;16.0;2.0;0.0;0.0;2018_2019
82578;38005;16007;Luis Llontop;32;Perú;Portero;Rosario FC;1080.0;12.0;12.0;0.0;0.0;0.0;0.0;0.0;0.0;0.0;0.0;0.0;0.0;0.0;0.0;0.0;0.0;3.0;0.0;10.0;1.0;0.0;0.0;1.0;3.0;3.0;272.0;163.0;28.0;101.0;0.0;110.0;0.0;1.0;0.0;2018_2019
434955;883293;16007;Leonel Solís;21;Perú;Pivote;AD Cantolao;151.0;5.0;2.0;0.0;0.0;0.0;0.0;0.0;0.0;1.0;0.0;0.0;1.0;0.0;0.0;0.0;0.0;6.0;1.0;0.0;2.0;0.0;4.0;2.0;0.0;9.0;39.0;36.0;7.0;3.0;0.0;17.0;3.0;0.0;0.0;2018_2019
45474;11583;16007;Luis Tejada;36;Panamá;Delantero centro;Sport Boys;2385.0;30.0;27.0;16.0;74.0;29.0;37.0;8.0;4.0;46.0;9.0;10.0;15.0;1.0;7.0;7.0;34.0;15.0;7.0;40.0;7.0;0.0;62.0;28.0;68.0;54.0;669.0;488.0;234.0;29.0;4.0;303.0;41.0;10.0;0.0;2018_2019
477383;883388;16007;Jeferson Collazos;27;Colombia;Delantero centro;UTC;1465.0;29.0;15.0;4.0;50.0;19.0;25.0;6.0;1.0;15.0;0.0;14.0;12.0;0.0;1.0;0.0;17.0;9.0;3.0;8.0;8.0;0.0;28.0;21.0;93.0;39.0;331.0;211.0;104.0;7.0;1.0;218.0;20.0;2.0;0.0;2018_2019
59947;38516;16007;Hervé Kambou;33;Costa de Marfil;Defensa central;AD Cantolao;3554.0;40.0;40.0;1.0;6.0;2.0;3.0;1.0;0.0;4.0;0.0;0.0;9.0;0.0;0.0;0.0;0.0;56.0;75.0;233.0;23.0;0.0;47.0;39.0;60.0;97.0;1191.0;923.0;99.0;109.0;0.0;299.0;7.0;6.0;1.0;2018_2019
149771;339841;16007;Ángel Ojeda;25;Perú;Pivote;Unión Comercio;2294.0;36.0;24.0;0.0;44.0;6.0;18.0;20.0;1.0;26.0;5.0;3.0;17.0;0.0;0.0;0.0;0.0;67.0;40.0;38.0;31.0;2.0;83.0;22.0;17.0;106.0;1210.0;965.0;272.0;82.0;3.0;326.0;27.0;9.0;0.0;2018_2019
73705;249599;16007;Donald Millán;32;Colombia;Mediocentro ofensivo;UTC;3302.0;39.0;36.0;13.0;62.0;21.0;24.0;17.0;5.0;94.0;13.0;3.0;60.0;1.0;4.0;4.0;3.0;51.0;33.0;43.0;49.0;0.0;56.0;106.0;55.0;214.0;1544.0;1159.0;500.0;100.0;37.0;719.0;74.0;12.0;0.0;2018_2019
362579;830020;16044;Ramón Córdoba;28;Colombia;Defensa central;Jaguares FC;1330.0;15.0;15.0;0.0;3.0;1.0;2.0;0.0;0.0;1.0;0.0;0.0;3.0;0.0;0.0;0.0;1.0;14.0;27.0;58.0;13.0;1.0;31.0;15.0;30.0;30.0;457.0;379.0;14.0;33.0;0.0;87.0;1.0;7.0;0.0;2018_2019
362579;830020;19511;Ramón Córdoba;28;Colombia;Defensa central;Jaguares FC;844.0;10.0;10.0;0.0;2.0;0.0;2.0;0.0;0.0;1.0;0.0;0.0;1.0;0.0;0.0;0.0;0.0;14.0;21.0;44.0;8.0;1.0;26.0;7.0;17.0;20.0;346.0;302.0;13.0;22.0;0.0;50.0;1.0;5.0;2.0;2018_2019
104392;249511;16007;Juan Pablo Vergara;33;Perú;Extremo derecho;UTC;1993.0;28.0;22.0;6.0;70.0;28.0;29.0;13.0;12.0;80.0;20.0;8.0;5.0;1.0;1.0;1.0;18.0;14.0;12.0;4.0;23.0;0.0;38.0;66.0;20.0;82.0;537.0;387.0;178.0;37.0;65.0;378.0;21.0;3.0;0.0;2018_2019
123418;107388;16007;Óscar Vílchez;32;Perú;Mediocentro;Alianza Lima;958.0;26.0;6.0;1.0;10.0;1.0;6.0;3.0;2.0;17.0;1.0;0.0;6.0;0.0;0.0;0.0;0.0;24.0;13.0;7.0;13.0;1.0;13.0;22.0;3.0;51.0;535.0;456.0;110.0;26.0;2.0;119.0;10.0;0.0;1.0;2018_2019
82577;38024;16007;Julio Landauri;32;Perú;Extremo izquierdo;Real Garcilaso;1822.0;37.0;19.0;1.0;42.0;14.0;17.0;11.0;3.0;46.0;9.0;3.0;28.0;1.0;0.0;0.0;7.0;25.0;14.0;9.0;35.0;1.0;22.0;21.0;9.0;73.0;596.0;472.0;194.0;22.0;22.0;301.0;33.0;3.0;0.0;2018_2019
84111;355874;16007;Róbinson Aponzá;29;Colombia;Extremo izquierdo;Jaguares FC;99.0;2.0;1.0;1.0;1.0;1.0;0.0;0.0;0.0;0.0;0.0;0.0;2.0;0.0;0.0;0.0;2.0;1.0;1.0;0.0;1.0;0.0;1.0;3.0;1.0;6.0;22.0;18.0;7.0;1.0;0.0;11.0;3.0;0.0;0.0;2018_2019
84111;355874;19511;Róbinson Aponzá;29;Colombia;Extremo izquierdo;Jaguares FC;118.0;4.0;1.0;0.0;3.0;0.0;3.0;0.0;0.0;0.0;0.0;0.0;1.0;0.0;0.0;0.0;0.0;1.0;1.0;0.0;3.0;0.0;0.0;5.0;1.0;7.0;43.0;36.0;18.0;1.0;0.0;13.0;2.0;0.0;0.0;2018_2019
26713;888471;16007;Diego Morales;35;Argentina;Portero;Real Garcilaso;1463.0;17.0;17.0;0.0;0.0;0.0;0.0;0.0;0.0;0.0;0.0;0.0;0.0;0.0;0.0;0.0;0.0;0.0;0.0;13.0;1.0;0.0;1.0;3.0;4.0;2.0;389.0;263.0;27.0;132.0;0.0;133.0;0.0;1.0;0.0;2018_2019
250751;846375;16007;Giordano Mendoza;24;Perú;Pivote;Real Garcilaso;661.0;15.0;7.0;0.0;5.0;0.0;1.0;4.0;0.0;5.0;0.0;0.0;4.0;0.0;0.0;0.0;1.0;19.0;11.0;10.0;6.0;0.0;18.0;4.0;5.0;27.0;269.0;212.0;31.0;14.0;0.0;79.0;5.0;1.0;0.0;2018_2019
73609;33578;16007;Rolando Bogado;34;Paraguay;Defensa central;Ayacucho FC;2751.0;31.0;31.0;1.0;24.0;8.0;13.0;3.0;1.0;9.0;1.0;2.0;4.0;0.0;0.0;0.0;2.0;43.0;74.0;167.0;26.0;2.0;42.0;32.0;83.0;74.0;1000.0;768.0;80.0;129.0;0.0;253.0;4.0;8.0;0.0;2018_2019
582319;924932;16007;Alejandro Ramos;19;Perú;Lateral derecho;Sport Boys;2048.0;24.0;23.0;0.0;18.0;3.0;11.0;4.0;1.0;12.0;2.0;0.0;18.0;0.0;0.0;0.0;1.0;62.0;44.0;57.0;26.0;0.0;45.0;18.0;21.0;95.0;684.0;531.0;125.0;31.0;10.0;288.0;18.0;8.0;2.0;2018_2019
201043;358202;16007;Gianmarco Gambetta;27;Perú;Defensa central;Alianza Lima;861.0;12.0;9.0;1.0;3.0;2.0;1.0;0.0;0.0;1.0;0.0;0.0;3.0;0.0;0.0;0.0;0.0;9.0;6.0;49.0;2.0;3.0;15.0;7.0;23.0;18.0;307.0;218.0;25.0;30.0;0.0;94.0;1.0;4.0;0.0;2018_2019
473579;876928;16007;Luis Garro;21;Perú;Lateral derecho;Alianza Lima;2407.0;30.0;27.0;0.0;3.0;0.0;1.0;2.0;1.0;13.0;0.0;0.0;25.0;0.0;0.0;0.0;0.0;95.0;81.0;50.0;26.0;1.0;52.0;30.0;20.0;150.0;712.0;576.0;108.0;26.0;21.0;294.0;12.0;11.0;0.0;2018_2019
102810;248291;16007;Mario Velarde;27;Perú;Mediocentro ofensivo;Sport Huancayo;1260.0;22.0;15.0;1.0;16.0;6.0;7.0;3.0;2.0;23.0;4.0;0.0;20.0;0.0;0.0;0.0;2.0;16.0;13.0;6.0;9.0;0.0;32.0;16.0;10.0;51.0;447.0;337.0;136.0;18.0;23.0;233.0;21.0;1.0;0.0;2018_2019
224652;925176;16007;Hugo Ángeles;24;Perú;Lateral izquierdo;Dep. Binacional;3062.0;38.0;32.0;0.0;29.0;8.0;18.0;3.0;6.0;48.0;7.0;3.0;20.0;0.0;0.0;0.0;9.0;62.0;53.0;44.0;30.0;0.0;47.0;49.0;30.0;130.0;1297.0;1063.0;239.0;60.0;48.0;509.0;26.0;4.0;0.0;2018_2019
260105;805336;16007;Ronald Ruiz;30;Perú;Portero;Comerciantes;450.0;5.0;5.0;0.0;0.0;0.0;0.0;0.0;0.0;0.0;0.0;0.0;0.0;0.0;0.0;0.0;0.0;0.0;0.0;3.0;1.0;0.0;0.0;2.0;3.0;1.0;96.0;53.0;2.0;27.0;0.0;44.0;0.0;1.0;0.0;2018_2019
325696;805056;16007;Javier Núñez;21;Perú;Extremo derecho;Universitario;2169.0;33.0;25.0;3.0;42.0;9.0;25.0;8.0;2.0;29.0;4.0;3.0;26.0;1.0;0.0;0.0;5.0;28.0;32.0;26.0;37.0;0.0;22.0;60.0;14.0;111.0;686.0;546.0;186.0;37.0;12.0;279.0;29.0;3.0;0.0;2018_2019
76717;249305;16007;Pablo Míguez;31;Uruguay;Defensa central;FBC Melgar;2488.0;31.0;28.0;0.0;27.0;3.0;18.0;6.0;3.0;29.0;1.0;3.0;10.0;0.0;0.0;0.0;2.0;61.0;33.0;42.0;39.0;1.0;70.0;25.0;69.0;93.0;1315.0;1093.0;202.0;64.0;0.0;288.0;17.0;9.0;6.0;2018_2019
211417;18305;16007;José Canova;25;Perú;Defensa central;Rosario FC;1519.0;20.0;18.0;0.0;3.0;1.0;2.0;0.0;0.0;3.0;0.0;1.0;1.0;1.0;0.0;0.0;1.0;13.0;34.0;69.0;6.0;3.0;24.0;11.0;39.0;21.0;419.0;337.0;21.0;29.0;0.0;90.0;2.0;2.0;1.0;2018_2019
63451;26176;16007;Damián Ísmodes;29;Perú;Extremo derecho;Sport Boys;1634.0;28.0;19.0;2.0;37.0;8.0;18.0;11.0;0.0;17.0;3.0;3.0;34.0;0.0;1.0;1.0;0.0;39.0;15.0;17.0;12.0;0.0;44.0;52.0;10.0;124.0;456.0;376.0;121.0;13.0;7.0;280.0;50.0;10.0;1.0;2018_2019
168987;324939;15995;Andrés Robles;24;Chile;Defensa central;San Luis;1368.0;16.0;16.0;0.0;11.0;3.0;6.0;2.0;0.0;5.0;0.0;1.0;0.0;0.0;0.0;0.0;0.0;21.0;31.0;61.0;13.0;0.0;19.0;13.0;26.0;33.0;539.0;414.0;50.0;59.0;0.0;143.0;2.0;4.0;1.0;2018_2019
82315;44904;16007;Willy Rivas;33;Perú;Defensa central;Comerciantes;740.0;9.0;9.0;0.0;7.0;0.0;5.0;2.0;0.0;6.0;2.0;0.0;10.0;0.0;0.0;0.0;0.0;9.0;11.0;17.0;2.0;0.0;13.0;8.0;8.0;27.0;245.0;193.0;41.0;35.0;5.0;105.0;9.0;3.0;2.0;2018_2019
250929;883298;16007;Paulo Goyoneche;25;Perú;Pivote;Rosario FC;3524.0;40.0;40.0;0.0;36.0;4.0;23.0;9.0;4.0;37.0;2.0;0.0;23.0;0.0;0.0;0.0;4.0;81.0;57.0;88.0;45.0;0.0;76.0;51.0;40.0;149.0;1603.0;1248.0;362.0;239.0;7.0;419.0;11.0;14.0;0.0;2018_2019
51225;35621;16007;Hernán Rengifo;35;Perú;Delantero centro;FBC Melgar;2179.0;32.0;27.0;11.0;63.0;24.0;28.0;11.0;2.0;33.0;3.0;11.0;2.0;1.0;0.0;0.0;21.0;14.0;3.0;14.0;6.0;0.0;24.0;32.0;81.0;42.0;385.0;260.0;127.0;10.0;2.0;213.0;19.0;2.0;1.0;2018_2019
260318;338883;16007;Horacio Benincasa;24;Perú;Defensa central;Universitario;2232.0;30.0;25.0;2.0;22.0;5.0;14.0;3.0;0.0;9.0;1.0;3.0;6.0;0.0;0.0;0.0;3.0;28.0;47.0;139.0;13.0;0.0;30.0;21.0;79.0;52.0;958.0;753.0;61.0;87.0;3.0;253.0;2.0;6.0;1.0;2018_2019
99520;805425;16007;Milton Benítez;32;Paraguay;Mediocentro ofensivo;Dep. Binacional;2031.0;32.0;25.0;9.0;103.0;32.0;46.0;25.0;4.0;39.0;8.0;5.0;64.0;0.0;0.0;0.0;5.0;30.0;9.0;4.0;27.0;0.0;51.0;31.0;10.0;122.0;993.0;696.0;263.0;31.0;26.0;582.0;63.0;10.0;0.0;2018_2019
68910;45882;16007;José Carlos Fernández;35;Perú;Delantero centro;Dep. Municipal;2857.0;40.0;31.0;8.0;72.0;29.0;33.0;10.0;1.0;19.0;2.0;14.0;1.0;2.0;0.0;0.0;25.0;11.0;9.0;41.0;6.0;0.0;62.0;82.0;119.0;81.0;575.0;383.0;116.0;8.0;0.0;289.0;20.0;9.0;1.0;2018_2019
82562;38023;16007;Víctor Balta;32;Perú;Defensa central;Dep. Binacional;2202.0;25.0;25.0;0.0;11.0;4.0;7.0;0.0;0.0;2.0;1.0;4.0;1.0;0.0;0.0;0.0;1.0;23.0;45.0;159.0;9.0;0.0;29.0;14.0;65.0;34.0;764.0;615.0;34.0;82.0;0.0;166.0;4.0;5.0;1.0;2018_2019
176400;220931;16007;Jorge Bazán;27;Perú;Extremo derecho;UTC;2903.0;38.0;32.0;2.0;39.0;11.0;14.0;14.0;3.0;49.0;10.0;3.0;33.0;0.0;0.0;0.0;9.0;19.0;19.0;4.0;3.0;0.0;32.0;50.0;22.0;100.0;748.0;605.0;253.0;17.0;13.0;331.0;32.0;4.0;0.0;2018_2019
90230;107307;16007;Salomón Libman;34;Perú;Portero;FBC Melgar;1890.0;21.0;21.0;0.0;0.0;0.0;0.0;0.0;0.0;1.0;0.0;0.0;0.0;0.0;0.0;0.0;1.0;0.0;1.0;33.0;5.0;0.0;0.0;7.0;9.0;4.0;524.0;324.0;37.0;130.0;0.0;201.0;0.0;4.0;0.0;2018_2019
581174;888479;16007;Carlos Caraza;32;Perú;Lateral derecho;Dep. Binacional;3458.0;43.0;38.0;2.0;46.0;13.0;20.0;13.0;4.0;64.0;7.0;2.0;74.0;0.0;0.0;0.0;5.0;84.0;61.0;37.0;36.0;0.0;67.0;50.0;31.0;207.0;1264.0;911.0;289.0;87.0;31.0;631.0;53.0;7.0;0.0;2018_2019
82570;924643;16007;John Fajardo;29;Perú;Defensa central;Dep. Binacional;3438.0;39.0;38.0;0.0;18.0;3.0;10.0;5.0;0.0;7.0;1.0;0.0;22.0;0.0;0.0;0.0;1.0;49.0;64.0;223.0;18.0;1.0;14.0;14.0;63.0;82.0;1247.0;937.0;74.0;131.0;1.0;347.0;3.0;4.0;0.0;2018_2019
357124;805366;16007;Oshiro Takeuchi;23;Perú;Extremo derecho;AD Cantolao;1961.0;30.0;24.0;1.0;25.0;9.0;12.0;4.0;2.0;26.0;3.0;2.0;38.0;0.0;0.0;0.0;3.0;32.0;18.0;10.0;6.0;0.0;34.0;40.0;23.0;108.0;620.0;491.0;145.0;15.0;5.0;295.0;55.0;1.0;0.0;2018_2019
250915;358194;16007;Koichi Aparicio;26;Perú;Defensa central;Unión Comercio;810.0;9.0;9.0;0.0;6.0;0.0;2.0;4.0;0.0;1.0;0.0;0.0;0.0;0.0;0.0;0.0;2.0;16.0;19.0;39.0;8.0;0.0;4.0;1.0;6.0;17.0;351.0;307.0;31.0;35.0;0.0;45.0;1.0;1.0;0.0;2018_2019
398023;836280;16007;Alexis Rojas;22;Perú;Extremo izquierdo;Sport. Cristal;1033.0;24.0;9.0;0.0;29.0;8.0;12.0;9.0;0.0;17.0;3.0;2.0;17.0;0.0;0.0;0.0;4.0;14.0;7.0;3.0;3.0;0.0;19.0;43.0;2.0;74.0;350.0;285.0;114.0;10.0;9.0;176.0;19.0;1.0;0.0;2018_2019
160317;248215;16007;Óscar Guerra;33;Perú;Defensa central;Comerciantes;1707.0;20.0;20.0;0.0;15.0;3.0;5.0;7.0;1.0;6.0;1.0;1.0;6.0;0.0;0.0;0.0;3.0;20.0;44.0;82.0;7.0;1.0;23.0;19.0;34.0;43.0;572.0;394.0;55.0;97.0;0.0;196.0;4.0;4.0;1.0;2018_2019
41301;26884;16007;Wilmer Aguirre;35;Perú;Delantero centro;Unión Comercio;2997.0;39.0;36.0;8.0;64.0;26.0;23.0;15.0;3.0;42.0;10.0;16.0;28.0;0.0;0.0;0.0;26.0;32.0;11.0;10.0;16.0;0.0;34.0;33.0;34.0;92.0;656.0;499.0;213.0;5.0;6.0;315.0;36.0;1.0;1.0;2018_2019
142588;147587;16007;Éver Chávez;33;Perú;Pivote;Comerciantes;3064.0;40.0;35.0;7.0;32.0;11.0;14.0;7.0;0.0;32.0;1.0;6.0;13.0;0.0;0.0;0.0;2.0;35.0;42.0;44.0;30.0;1.0;64.0;25.0;18.0;71.0;1179.0;959.0;196.0;79.0;3.0;317.0;17.0;3.0;0.0;2018_2019
94440;125113;16007;Sidney Faiffer;38;Perú;Mediocentro ofensivo;Sport Boys;451.0;14.0;3.0;0.0;15.0;4.0;9.0;2.0;2.0;9.0;2.0;1.0;6.0;0.0;0.0;0.0;0.0;7.0;7.0;10.0;3.0;0.0;15.0;10.0;11.0;22.0;263.0;195.0;53.0;14.0;4.0;99.0;5.0;4.0;1.0;2018_2019
103111;873694;16007;Christian Laura;30;Perú;Lateral derecho;Dep. Binacional;3012.0;37.0;36.0;1.0;22.0;7.0;8.0;7.0;0.0;26.0;2.0;3.0;22.0;0.0;0.0;0.0;0.0;41.0;64.0;49.0;11.0;1.0;56.0;19.0;37.0;80.0;771.0;603.0;128.0;36.0;19.0;344.0;24.0;5.0;0.0;2018_2019
169992;786311;16007;Ernest Nungaray;26;Estados Unidos;Pivote;Sport Boys;652.0;10.0;7.0;1.0;22.0;8.0;9.0;5.0;2.0;14.0;2.0;2.0;2.0;0.0;0.0;0.0;1.0;6.0;10.0;7.0;5.0;0.0;6.0;5.0;4.0;13.0;266.0;214.0;46.0;25.0;15.0;93.0;6.0;0.0;0.0;2018_2019
330687;790021;16007;Carlos Grados;23;Perú;Portero;Sport. Cristal;450.0;5.0;5.0;0.0;0.0;0.0;0.0;0.0;0.0;0.0;0.0;0.0;0.0;0.0;0.0;0.0;0.0;0.0;1.0;5.0;0.0;0.0;0.0;1.0;5.0;2.0;149.0;118.0;7.0;35.0;0.0;32.0;1.0;1.0;0.0;2018_2019
84349;47413;16007;Luis Trujillo;27;Perú;Lateral izquierdo;Sport Huancayo;2134.0;34.0;25.0;1.0;65.0;22.0;24.0;19.0;5.0;47.0;10.0;2.0;21.0;0.0;1.0;0.0;3.0;27.0;32.0;22.0;13.0;0.0;14.0;16.0;10.0;63.0;917.0;765.0;210.0;74.0;40.0;326.0;10.0;0.0;0.0;2018_2019
94741;169925;16007;Diego Minaya;28;Perú;Defensa central;UTC;2276.0;30.0;24.0;0.0;6.0;1.0;4.0;1.0;0.0;4.0;0.0;0.0;5.0;0.0;0.0;0.0;1.0;57.0;44.0;65.0;29.0;0.0;35.0;10.0;49.0;71.0;692.0;502.0;98.0;78.0;1.0;253.0;5.0;5.0;0.0;2018_2019
515413;874981;16007;Jesús Mendieta;20;Perú;Lateral izquierdo;Sport. Cristal;359.0;5.0;4.0;0.0;5.0;1.0;2.0;2.0;0.0;3.0;0.0;0.0;3.0;0.0;0.0;0.0;0.0;15.0;16.0;7.0;4.0;0.0;4.0;5.0;4.0;23.0;113.0;74.0;21.0;15.0;3.0;67.0;0.0;0.0;0.0;2018_2019
483713;882860;16007;Luis Carranza;19;Perú;Extremo derecho;Sport. Cristal;58.0;6.0;0.0;0.0;0.0;0.0;0.0;0.0;0.0;0.0;0.0;0.0;1.0;0.0;0.0;0.0;0.0;0.0;0.0;0.0;2.0;0.0;2.0;3.0;0.0;4.0;28.0;28.0;11.0;0.0;0.0;12.0;3.0;1.0;0.0;2018_2019
260103;805351;16007;Omar Reyes;29;Perú;Defensa central;Comerciantes;984.0;13.0;13.0;2.0;11.0;4.0;5.0;2.0;0.0;5.0;1.0;1.0;9.0;0.0;0.0;0.0;0.0;30.0;18.0;21.0;16.0;0.0;16.0;14.0;18.0;52.0;345.0;266.0;76.0;14.0;2.0;126.0;10.0;2.0;1.0;2018_2019
198027;189207;16007;Jean Deza;25;Perú;Extremo izquierdo;Sport Huancayo;707.0;17.0;6.0;1.0;24.0;5.0;12.0;7.0;0.0;12.0;3.0;0.0;25.0;0.0;0.0;0.0;2.0;9.0;3.0;2.0;3.0;0.0;8.0;31.0;6.0;62.0;286.0;231.0;107.0;14.0;4.0;192.0;32.0;4.0;0.0;2018_2019
356379;847241;16007;Diego Mayora;26;Perú;Delantero centro;Colón;558.0;8.0;6.0;2.0;17.0;10.0;3.0;4.0;0.0;8.0;1.0;3.0;4.0;0.0;0.0;0.0;14.0;2.0;2.0;3.0;3.0;0.0;10.0;11.0;13.0;17.0;97.0;66.0;22.0;3.0;0.0;84.0;15.0;3.0;0.0;2018_2019
56004;590448;16007;Emiliano Ciucci;32;Argentina;Pivote;Sport Boys;2760.0;33.0;31.0;0.0;60.0;22.0;24.0;14.0;1.0;17.0;1.0;2.0;28.0;0.0;0.0;0.0;2.0;63.0;42.0;101.0;35.0;0.0;66.0;64.0;94.0;144.0;1330.0;959.0;184.0;139.0;1.0;490.0;42.0;15.0;2.0;2018_2019
250737;805065;16007;Rafael Guarderas;24;Perú;Pivote;Dep. Municipal;2400.0;33.0;27.0;1.0;29.0;8.0;16.0;5.0;0.0;21.0;2.0;2.0;14.0;0.0;0.0;0.0;0.0;50.0;53.0;36.0;27.0;0.0;44.0;29.0;17.0;91.0;1232.0;988.0;258.0;81.0;5.0;352.0;22.0;8.0;0.0;2018_2019
260093;882838;16007;David Díaz;27;Perú;Lateral izquierdo;Unión Comercio;2619.0;32.0;28.0;1.0;6.0;1.0;4.0;1.0;2.0;17.0;4.0;1.0;8.0;0.0;0.0;0.0;5.0;43.0;53.0;72.0;12.0;0.0;26.0;24.0;29.0;74.0;772.0;582.0;147.0;54.0;13.0;308.0;12.0;4.0;0.0;2018_2019
317056;820980;16007;Jonathan Segura;27;Colombia;Defensa central;Patriotas;1956.0;25.0;21.0;1.0;22.0;5.0;14.0;3.0;0.0;6.0;1.0;2.0;2.0;0.0;0.0;0.0;0.0;29.0;38.0;103.0;8.0;0.0;45.0;22.0;65.0;47.0;623.0;448.0;54.0;67.0;0.0;197.0;2.0;5.0;1.0;2018_2019
224669;378808;17518;Wilder Cartagena;23;Perú;Pivote;U. San Martín;884.0;12.0;11.0;0.0;6.0;2.0;4.0;0.0;0.0;5.0;1.0;0.0;8.0;0.0;0.0;0.0;0.0;30.0;11.0;7.0;10.0;0.0;22.0;16.0;9.0;53.0;373.0;314.0;47.0;30.0;0.0;93.0;12.0;4.0;0.0;2018_2019
202906;339657;13950;Felipe Rodríguez;28;Uruguay;Extremo izquierdo;Bolívar;577.0;12.0;7.0;0.0;6.0;3.0;3.0;0.0;0.0;5.0;0.0;2.0;8.0;0.0;0.0;0.0;0.0;10.0;9.0;0.0;2.0;0.0;3.0;19.0;5.0;37.0;149.0;99.0;31.0;5.0;5.0;111.0;11.0;1.0;0.0;2018_2019
325726;846366;16007;Adrián Ugarriza;21;Perú;Delantero centro;UTC;2862.0;38.0;31.0;7.0;72.0;27.0;31.0;14.0;2.0;32.0;4.0;15.0;49.0;3.0;1.0;0.0;18.0;30.0;14.0;9.0;19.0;1.0;56.0;81.0;71.0;156.0;653.0;474.0;218.0;8.0;3.0;418.0;61.0;3.0;0.0;2018_2019
251688;831815;13950;Mauricio Affonso;26;Uruguay;Delantero centro;Atl. Tucumán;506.0;11.0;5.0;1.0;9.0;1.0;5.0;3.0;0.0;2.0;0.0;0.0;3.0;0.0;0.0;0.0;6.0;3.0;0.0;6.0;3.0;0.0;13.0;7.0;16.0;13.0;96.0;60.0;28.0;1.0;0.0;87.0;9.0;0.0;0.0;2018_2019
214719;220929;16007;Carlos Beltrán;27;Argentina;Pivote;Rosario FC;2932.0;34.0;34.0;4.0;71.0;19.0;42.0;10.0;2.0;26.0;5.0;6.0;15.0;0.0;0.0;0.0;1.0;47.0;54.0;179.0;17.0;2.0;71.0;59.0;115.0;112.0;1193.0;846.0;152.0;191.0;1.0;403.0;10.0;16.0;3.0;2018_2019
224670;339177;16007;Rodrigo Cuba;26;Perú;Lateral derecho;Dep. Municipal;3049.0;39.0;34.0;11.0;44.0;14.0;23.0;7.0;3.0;29.0;9.0;9.0;13.0;1.0;0.0;0.0;14.0;49.0;49.0;77.0;25.0;1.0;49.0;39.0;120.0;91.0;1148.0;835.0;260.0;50.0;8.0;525.0;27.0;6.0;0.0;2018_2019
279380;883343;16007;Aldair Salazar;23;Perú;Defensa central;Dep. Municipal;3222.0;38.0;37.0;0.0;17.0;4.0;9.0;4.0;3.0;17.0;5.0;1.0;16.0;0.0;0.0;0.0;2.0;44.0;78.0;137.0;14.0;4.0;26.0;23.0;47.0;78.0;898.0;626.0;127.0;84.0;13.0;446.0;8.0;4.0;1.0;2018_2019
356381;873703;16007;Anthony Rosell;23;Perú;Lateral izquierdo;Ayacucho FC;3089.0;37.0;34.0;1.0;24.0;7.0;15.0;2.0;6.0;45.0;5.0;0.0;20.0;0.0;0.0;0.0;1.0;58.0;70.0;74.0;28.0;0.0;60.0;46.0;29.0;122.0;1089.0;858.0;226.0;67.0;30.0;431.0;18.0;5.0;3.0;2018_2019
119365;882851;16007;Joazhiño Arroé;26;Perú;Mediocentro ofensivo;Sport Boys;2171.0;32.0;23.0;4.0;44.0;19.0;15.0;10.0;4.0;57.0;6.0;7.0;70.0;0.0;1.0;0.0;7.0;20.0;9.0;6.0;24.0;0.0;20.0;60.0;6.0;150.0;1012.0;807.0;311.0;75.0;32.0;453.0;66.0;5.0;1.0;2018_2019
279387;339475;16007;José Manzaneda;23;Perú;Extremo izquierdo;La Serena;2451.0;32.0;28.0;6.0;58.0;20.0;19.0;19.0;11.0;66.0;15.0;6.0;41.0;0.0;2.0;2.0;28.0;56.0;22.0;22.0;20.0;1.0;65.0;71.0;17.0;166.0;867.0;718.0;294.0;22.0;79.0;509.0;43.0;7.0;0.0;2018_2019
194841;258793;13539;Iván Bulos;25;Perú;Delantero centro;O'Higgins;405.0;6.0;5.0;0.0;4.0;1.0;3.0;0.0;1.0;4.0;1.0;0.0;0.0;0.0;0.0;0.0;5.0;2.0;0.0;2.0;2.0;0.0;9.0;12.0;20.0;14.0;83.0;47.0;17.0;1.0;0.0;61.0;11.0;0.0;0.0;2018_2019
54818;47379;15806;Egidio Arévalo Ríos;36;Uruguay;Pivote;Libertad;177.0;2.0;2.0;0.0;2.0;1.0;1.0;0.0;0.0;0.0;0.0;0.0;1.0;0.0;0.0;0.0;0.0;6.0;4.0;3.0;1.0;0.0;1.0;6.0;2.0;13.0;76.0;55.0;16.0;4.0;0.0;24.0;1.0;1.0;0.0;2018_2019
54818;47379;13950;Egidio Arévalo Ríos;36;Uruguay;Pivote;Libertad;543.0;7.0;6.0;0.0;2.0;0.0;1.0;1.0;0.0;5.0;0.0;0.0;2.0;0.0;0.0;0.0;0.0;12.0;19.0;20.0;2.0;0.0;7.0;9.0;24.0;22.0;330.0;263.0;33.0;27.0;0.0;76.0;4.0;2.0;0.0;2018_2019
582320;924878;16007;Arón Torres;21;Perú;Extremo derecho;Sport Boys;1395.0;30.0;10.0;0.0;11.0;1.0;7.0;3.0;3.0;18.0;3.0;0.0;14.0;2.0;0.0;0.0;4.0;18.0;9.0;4.0;10.0;0.0;10.0;47.0;2.0;79.0;373.0;298.0;108.0;3.0;18.0;205.0;19.0;2.0;0.0;2018_2019
353038;805143;16007;Jeremías Bogado;22;Paraguay;Extremo izquierdo;Comerciantes;3070.0;38.0;35.0;12.0;87.0;35.0;28.0;24.0;2.0;81.0;11.0;6.0;54.0;3.0;8.0;6.0;5.0;18.0;19.0;6.0;20.0;0.0;24.0;121.0;27.0;192.0;1363.0;1111.0;485.0;51.0;36.0;557.0;52.0;2.0;1.0;2018_2019
249977;883294;16007;Carlos Uribe;26;Perú;Pivote;Rosario FC;2552.0;33.0;30.0;3.0;44.0;10.0;20.0;14.0;1.0;38.0;1.0;2.0;8.0;0.0;1.0;1.0;1.0;43.0;7.0;16.0;43.0;0.0;50.0;60.0;17.0;106.0;1291.0;1061.0;287.0;94.0;8.0;325.0;24.0;6.0;1.0;2018_2019
335217;883397;16007;Gerson Barreto;22;Perú;Mediocentro;Universitario;1031.0;18.0;13.0;0.0;6.0;0.0;5.0;1.0;0.0;11.0;0.0;1.0;13.0;0.0;0.0;0.0;2.0;29.0;13.0;9.0;18.0;1.0;29.0;33.0;11.0;73.0;455.0;377.0;62.0;29.0;8.0;134.0;18.0;3.0;0.0;2018_2019
84326;107328;16007;Johnnier Montaño;35;Colombia;Mediocentro ofensivo;Sport Boys;2080.0;32.0;21.0;5.0;40.0;13.0;21.0;6.0;5.0;66.0;4.0;2.0;24.0;0.0;0.0;0.0;2.0;33.0;6.0;17.0;7.0;0.0;46.0;78.0;16.0;132.0;1048.0;791.0;282.0;36.0;25.0;455.0;37.0;12.0;1.0;2018_2019
224685;883391;16007;Ederson Mogollón;25;Perú;Defensa central;Comerciantes;1146.0;14.0;14.0;1.0;6.0;1.0;4.0;1.0;0.0;1.0;0.0;1.0;5.0;0.0;0.0;0.0;0.0;23.0;32.0;78.0;8.0;0.0;17.0;7.0;27.0;34.0;447.0;323.0;33.0;57.0;0.0;137.0;2.0;2.0;0.0;2018_2019
249923;883291;16007;Farihd Jasaui;26;Perú;Lateral izquierdo;Rosario FC;3093.0;36.0;34.0;0.0;24.0;5.0;16.0;3.0;0.0;30.0;1.0;0.0;60.0;0.0;0.0;0.0;0.0;88.0;81.0;61.0;42.0;1.0;68.0;66.0;28.0;213.0;854.0;577.0;186.0;75.0;24.0;516.0;32.0;7.0;0.0;2018_2019
214654;574464;16007;Junior Ponce;24;Perú;Extremo derecho;UTC;1775.0;35.0;21.0;1.0;23.0;6.0;11.0;6.0;5.0;47.0;11.0;3.0;42.0;0.0;0.0;0.0;6.0;10.0;10.0;2.0;5.0;0.0;23.0;68.0;5.0;119.0;335.0;253.0;127.0;10.0;41.0;314.0;34.0;1.0;0.0;2018_2019
37999;18848;16007;Daniel Chávez;30;Perú;Delantero centro;Universitario;842.0;13.0;11.0;1.0;12.0;3.0;8.0;1.0;0.0;3.0;0.0;5.0;1.0;0.0;0.0;0.0;6.0;5.0;3.0;9.0;1.0;0.0;13.0;11.0;51.0;14.0;212.0;143.0;58.0;4.0;0.0;109.0;10.0;0.0;0.0;2018_2019
347416;883732;16007;Willy Pretel;24;Perú;Lateral izquierdo;UTC;2624.0;33.0;29.0;1.0;13.0;1.0;7.0;5.0;0.0;15.0;1.0;0.0;6.0;0.0;0.0;0.0;0.0;69.0;57.0;81.0;30.0;1.0;61.0;23.0;56.0;96.0;744.0;511.0;130.0;61.0;12.0;402.0;7.0;8.0;0.0;2018_2019
422934;876931;16007;Erinson Ramírez;20;Perú;Mediocentro ofensivo;Alianza Lima;268.0;6.0;3.0;0.0;5.0;2.0;2.0;1.0;0.0;4.0;0.0;0.0;4.0;0.0;0.0;0.0;0.0;1.0;2.0;0.0;5.0;0.0;2.0;11.0;4.0;15.0;78.0;54.0;25.0;7.0;2.0;50.0;1.0;0.0;0.0;2018_2019
335677;874985;16007;Renzo Garcés;22;Perú;Defensa central;Sport. Cristal;818.0;12.0;9.0;0.0;3.0;1.0;1.0;1.0;0.0;2.0;0.0;0.0;4.0;0.0;0.0;0.0;0.0;7.0;13.0;22.0;2.0;0.0;17.0;17.0;21.0;28.0;420.0;379.0;31.0;29.0;0.0;50.0;3.0;3.0;0.0;2018_2019
440020;874986;16007;Frank Ysique;22;Perú;Pivote;Sport. Cristal;595.0;17.0;6.0;0.0;4.0;1.0;1.0;2.0;0.0;5.0;0.0;0.0;6.0;0.0;0.0;0.0;0.0;14.0;13.0;4.0;11.0;0.0;7.0;8.0;3.0;28.0;524.0;492.0;86.0;18.0;1.0;43.0;7.0;2.0;0.0;2018_2019
126019;83951;16007;Alberto Quintero;30;Panamá;Extremo derecho;Lobos BUAP;1874.0;23.0;21.0;5.0;37.0;15.0;14.0;8.0;4.0;32.0;6.0;6.0;32.0;1.0;0.0;0.0;18.0;19.0;12.0;2.0;12.0;0.0;21.0;64.0;7.0;115.0;522.0;391.0;171.0;13.0;6.0;295.0;48.0;8.0;1.0;2018_2019
135139;839571;16007;Armando Alfageme;27;Perú;Pivote;Dep. Municipal;3153.0;36.0;36.0;1.0;29.0;5.0;19.0;5.0;0.0;11.0;0.0;0.0;26.0;0.0;0.0;0.0;0.0;131.0;113.0;41.0;71.0;0.0;82.0;100.0;71.0;244.0;1483.0;1143.0;182.0;128.0;1.0;437.0;25.0;11.0;2.0;2018_2019
212434;830663;16007;Alejandro Hohberg;26;Perú;Extremo izquierdo;Alianza Lima;3468.0;44.0;38.0;11.0;118.0;48.0;46.0;24.0;10.0;56.0;8.0;11.0;41.0;1.0;2.0;1.0;26.0;34.0;21.0;8.0;31.0;0.0;41.0;91.0;19.0;164.0;1002.0;785.0;312.0;49.0;63.0;625.0;60.0;5.0;0.0;2018_2019
82567;47397;16007;Gary Correa;28;Perú;Extremo izquierdo;U. San Martín;3091.0;40.0;37.0;7.0;85.0;25.0;28.0;32.0;9.0;72.0;21.0;5.0;12.0;0.0;0.0;0.0;7.0;39.0;11.0;19.0;32.0;0.0;31.0;33.0;26.0;81.0;1224.0;940.0;363.0;91.0;64.0;587.0;37.0;5.0;1.0;2018_2019
82584;883313;16007;Nelinho Quina;31;Perú;Defensa central;Sport Boys;3519.0;39.0;39.0;0.0;5.0;1.0;2.0;2.0;1.0;8.0;0.0;0.0;27.0;0.0;0.0;0.0;2.0;39.0;50.0;184.0;14.0;1.0;72.0;21.0;75.0;87.0;1438.0;1179.0;115.0;119.0;1.0;310.0;9.0;12.0;0.0;2018_2019
196037;340077;16007;Pablo Lavandeira;28;Uruguay;Mediocentro ofensivo;Dep. Municipal;2156.0;30.0;24.0;8.0;57.0;21.0;23.0;13.0;4.0;40.0;13.0;8.0;26.0;1.0;1.0;1.0;5.0;38.0;23.0;19.0;27.0;0.0;48.0;58.0;25.0;121.0;762.0;527.0;229.0;30.0;28.0;449.0;50.0;8.0;0.0;2018_2019
30873;37269;13950;Germán Denis;36;Argentina;Delantero centro;Sin equipo;897.0;18.0;10.0;2.0;17.0;6.0;8.0;3.0;0.0;7.0;2.0;5.0;8.0;0.0;2.0;1.0;0.0;6.0;3.0;6.0;0.0;1.0;18.0;10.0;25.0;23.0;256.0;188.0;74.0;2.0;1.0;148.0;27.0;3.0;0.0;2018_2019
250055;345779;16007;Christofer Gonzales;25;Perú;Mediocentro ofensivo;Colo-Colo;2368.0;30.0;27.0;7.0;79.0;29.0;40.0;10.0;11.0;77.0;19.0;3.0;53.0;0.0;0.0;0.0;7.0;35.0;16.0;7.0;15.0;0.0;37.0;98.0;26.0;183.0;1008.0;834.0;361.0;35.0;45.0;529.0;59.0;7.0;0.0;2018_2019
102784;107293;19778;Joel Sánchez;29;Perú;Mediocentro ofensivo;Tigres UANL;283.0;5.0;5.0;0.0;0.0;0.0;0.0;0.0;0.0;2.0;1.0;0.0;3.0;0.0;0.0;0.0;0.0;6.0;1.0;1.0;11.0;0.0;6.0;4.0;1.0;12.0;100.0;82.0;21.0;6.0;0.0;31.0;10.0;1.0;0.0;2018_2019
368844;924924;16007;Carlos Neyra;23;Perú;Lateral derecho;Sport Boys;2181.0;28.0;24.0;2.0;16.0;6.0;8.0;2.0;3.0;17.0;5.0;1.0;23.0;3.0;0.0;0.0;4.0;70.0;47.0;45.0;33.0;0.0;37.0;65.0;15.0;158.0;722.0;561.0;107.0;40.0;6.0;294.0;24.0;8.0;1.0;2018_2019
235508;982178;15813;Alexi Gómez;25;Perú;Lateral izquierdo;Universitario;1333.0;18.0;16.0;0.0;22.0;7.0;11.0;4.0;0.0;9.0;3.0;0.0;13.0;0.0;0.0;0.0;1.0;42.0;13.0;18.0;31.0;1.0;20.0;15.0;12.0;70.0;485.0;366.0;92.0;17.0;4.0;254.0;28.0;4.0;0.0;2018_2019
135174;1021320;15809;David Villalba;36;Paraguay;Pivote;General Diaz;360.0;4.0;4.0;0.0;2.0;0.0;2.0;0.0;0.0;0.0;0.0;0.0;2.0;0.0;0.0;0.0;0.0;2.0;8.0;21.0;0.0;0.0;4.0;1.0;9.0;5.0;117.0;83.0;6.0;7.0;0.0;36.0;1.0;0.0;0.0;2018_2019
224677;588144;16007;Jhonny Vidales;26;Perú;Delantero centro;Real Garcilaso;3347.0;41.0;38.0;10.0;74.0;29.0;34.0;11.0;3.0;69.0;11.0;16.0;80.0;0.0;3.0;3.0;33.0;29.0;20.0;13.0;26.0;0.0;58.0;46.0;33.0;151.0;958.0;747.0;328.0;22.0;20.0;598.0;86.0;12.0;0.0;2018_2019
569085;1021320;15809;David Villalba;27;Paraguay;Defensa central;General Diaz;360.0;4.0;4.0;0.0;2.0;0.0;2.0;0.0;0.0;0.0;0.0;0.0;2.0;0.0;0.0;0.0;0.0;2.0;8.0;21.0;0.0;0.0;4.0;1.0;9.0;5.0;117.0;83.0;6.0;7.0;0.0;36.0;1.0;0.0;0.0;2018_2019
298602;846048;19511;Jhon Mondragón;23;Colombia;Defensa central;Leones FC;270.0;3.0;3.0;0.0;2.0;0.0;2.0;0.0;0.0;0.0;0.0;0.0;0.0;0.0;0.0;0.0;0.0;4.0;1.0;20.0;2.0;0.0;6.0;4.0;7.0;6.0;84.0;69.0;5.0;5.0;0.0;19.0;3.0;0.0;0.0;2018_2019
94480;130393;16007;Jean Tragodara;32;Perú;Pivote;Real Garcilaso;1291.0;16.0;15.0;3.0;18.0;4.0;12.0;2.0;0.0;7.0;0.0;1.0;6.0;0.0;0.0;0.0;1.0;26.0;23.0;23.0;18.0;0.0;27.0;12.0;18.0;42.0;522.0;441.0;79.0;46.0;1.0;115.0;8.0;1.0;0.0;2018_2019
227771;312276;16007;Marcos Ortiz;25;Perú;Defensa central;Ayacucho FC;995.0;14.0;12.0;1.0;2.0;1.0;1.0;0.0;0.0;1.0;0.0;0.0;2.0;0.0;0.0;0.0;2.0;30.0;25.0;42.0;7.0;0.0;24.0;5.0;17.0;36.0;347.0;297.0;25.0;29.0;0.0;73.0;6.0;5.0;0.0;2018_2019
72677;33993;16007;Jesús Chávez;32;Perú;Mediocentro ofensivo;U. San Martín;3529.0;40.0;40.0;7.0;63.0;20.0;31.0;12.0;6.0;29.0;5.0;8.0;39.0;4.0;1.0;0.0;51.0;23.0;7.0;43.0;19.0;0.0;69.0;124.0;112.0;168.0;925.0;694.0;296.0;28.0;7.0;510.0;62.0;15.0;0.0;2018_2019
334104;805267;16007;Patricio Arce;25;Perú;Mediocentro ofensivo;FBC Melgar;2615.0;39.0;28.0;5.0;49.0;13.0;23.0;13.0;12.0;85.0;14.0;3.0;13.0;0.0;1.0;1.0;13.0;32.0;16.0;16.0;24.0;0.0;19.0;36.0;14.0;80.0;1517.0;1233.0;480.0;73.0;41.0;549.0;53.0;3.0;0.0;2018_2019
127271;129209;17518;Cristian Palacios;27;Uruguay;Delantero centro;Club Puebla;317.0;9.0;4.0;0.0;5.0;2.0;3.0;0.0;0.0;2.0;1.0;2.0;0.0;0.0;0.0;0.0;1.0;4.0;0.0;0.0;1.0;0.0;10.0;11.0;2.0;15.0;35.0;27.0;12.0;2.0;0.0;24.0;7.0;1.0;0.0;2018_2019
95852;123238;16007;Luis Álvarez;28;Perú;Pivote;Real Garcilaso;866.0;13.0;10.0;1.0;10.0;2.0;7.0;1.0;0.0;9.0;0.0;2.0;2.0;0.0;0.0;0.0;0.0;24.0;23.0;15.0;13.0;0.0;19.0;9.0;12.0;35.0;330.0;275.0;45.0;16.0;0.0;81.0;8.0;2.0;0.0;2018_2019
216291;925308;16007;Junior Aguirre;26;Perú;Extremo izquierdo;Rosario FC;2150.0;29.0;23.0;3.0;69.0;25.0;29.0;15.0;5.0;57.0;4.0;3.0;78.0;1.0;0.0;0.0;3.0;32.0;16.0;1.0;26.0;0.0;33.0;47.0;5.0;157.0;746.0;575.0;262.0;44.0;34.0;433.0;65.0;4.0;0.0;2018_2019
582317;931692;16007;Alvaro Bravo;21;Perú;Defensa central;Comerciantes;917.0;13.0;10.0;0.0;6.0;2.0;2.0;2.0;0.0;2.0;0.0;0.0;1.0;0.0;0.0;0.0;0.0;16.0;13.0;26.0;9.0;0.0;9.0;6.0;5.0;23.0;265.0;196.0;24.0;25.0;1.0;86.0;2.0;1.0;0.0;2018_2019
260094;873704;16007;Ángel Pérez;28;Perú;Lateral derecho;Real Garcilaso;704.0;14.0;6.0;0.0;8.0;1.0;6.0;1.0;1.0;6.0;1.0;0.0;4.0;0.0;0.0;0.0;0.0;15.0;15.0;14.0;10.0;0.0;15.0;4.0;9.0;22.0;201.0;135.0;40.0;14.0;4.0;112.0;10.0;0.0;0.0;2018_2019
73780;38171;16007;Carlos Preciado;33;Colombia;Delantero centro;Al-Shamal SC;1307.0;18.0;15.0;4.0;47.0;15.0;24.0;8.0;1.0;19.0;2.0;6.0;8.0;2.0;0.0;0.0;4.0;10.0;2.0;11.0;3.0;0.0;35.0;26.0;33.0;41.0;268.0;202.0;87.0;3.0;1.0;167.0;33.0;3.0;0.0;2018_2019
180911;789965;15995;João Ortiz;27;Perú;Lateral izquierdo;Curicó Unido;426.0;9.0;5.0;0.0;7.0;1.0;6.0;0.0;1.0;7.0;1.0;0.0;1.0;0.0;0.0;0.0;0.0;10.0;10.0;6.0;6.0;1.0;8.0;14.0;7.0;24.0;157.0;90.0;25.0;8.0;9.0;115.0;2.0;1.0;0.0;2018_2019
217028;831744;15806;Luis Maldonado;33;Uruguay;Defensa central;Cobreloa;160.0;2.0;2.0;0.0;1.0;0.0;1.0;0.0;0.0;0.0;0.0;0.0;2.0;0.0;0.0;0.0;0.0;2.0;4.0;3.0;1.0;0.0;1.0;0.0;4.0;4.0;53.0;27.0;2.0;3.0;0.0;26.0;0.0;1.0;0.0;2018_2019
325591;875662;16007;Kevin Ruiz;23;Perú;Extremo derecho;FBC Melgar;443.0;12.0;3.0;0.0;6.0;2.0;3.0;1.0;1.0;5.0;1.0;0.0;11.0;0.0;0.0;0.0;0.0;13.0;2.0;5.0;6.0;0.0;17.0;5.0;12.0;29.0;119.0;88.0;45.0;1.0;5.0;80.0;14.0;2.0;0.0;2018_2019
125511;221736;15995;Santiago Silva;27;Uruguay;Delantero centro;Progreso;417.0;8.0;4.0;1.0;6.0;4.0;1.0;1.0;1.0;4.0;1.0;3.0;0.0;0.0;0.0;0.0;5.0;3.0;2.0;7.0;3.0;0.0;15.0;8.0;9.0;9.0;76.0;58.0;17.0;0.0;0.0;42.0;3.0;0.0;0.0;2018_2019
30543;13527;16044;Alberto Rodríguez;34;Perú;Defensa central;FBC Melgar;405.0;5.0;5.0;0.0;0.0;0.0;0.0;0.0;0.0;0.0;0.0;0.0;0.0;0.0;0.0;0.0;0.0;3.0;16.0;28.0;0.0;0.0;4.0;4.0;14.0;7.0;195.0;179.0;7.0;15.0;0.0;17.0;0.0;1.0;0.0;2018_2019
351561;831183;16007;Carlo Diez;22;Perú;Pivote;Sport Boys;1271.0;15.0;15.0;0.0;13.0;3.0;3.0;7.0;0.0;6.0;0.0;0.0;9.0;0.0;0.0;0.0;0.0;21.0;10.0;13.0;13.0;0.0;24.0;11.0;4.0;41.0;491.0;408.0;73.0;35.0;2.0;126.0;9.0;2.0;0.0;2018_2019
94450;994148;16007;Carlos Olascuaga;25;Perú;Extremo izquierdo;Rosario FC;2322.0;37.0;26.0;6.0;49.0;17.0;22.0;10.0;3.0;31.0;3.0;4.0;38.0;1.0;0.0;0.0;10.0;45.0;17.0;14.0;23.0;1.0;54.0;57.0;18.0;138.0;551.0;405.0;182.0;29.0;7.0;346.0;63.0;10.0;1.0;2018_2019
170616;176289;16007;Ángel Romero;27;Perú;Pivote;Universitario;1370.0;25.0;16.0;0.0;15.0;1.0;10.0;4.0;0.0;6.0;0.0;1.0;13.0;0.0;0.0;0.0;0.0;39.0;16.0;44.0;19.0;0.0;34.0;17.0;26.0;69.0;583.0;447.0;97.0;32.0;0.0;167.0;9.0;8.0;1.0;2018_2019
144111;180071;12882;Sergio Almirón;31;Argentina;Delantero centro;Ontinyent;849.0;14.0;10.0;8.0;24.0;12.0;8.0;4.0;0.0;5.0;0.0;2.0;1.0;0.0;2.0;2.0;5.0;0.0;2.0;5.0;1.0;0.0;10.0;3.0;10.0;2.0;85.0;63.0;21.0;1.0;0.0;42.0;6.0;0.0;0.0;2018_2019
400964;822721;19990;Washington Corozo;20;Ecuador;Extremo izquierdo;Independiente;336.0;8.0;4.0;0.0;5.0;3.0;1.0;1.0;0.0;2.0;0.0;3.0;5.0;0.0;0.0;0.0;0.0;6.0;3.0;1.0;0.0;0.0;6.0;5.0;5.0;16.0;72.0;53.0;21.0;4.0;0.0;50.0;5.0;0.0;0.0;2019_2020
477378;883396;22349;Carlos Cabello;21;Perú;Lateral derecho;AD Cantolao;2681.0;30.0;30.0;5.0;16.0;11.0;3.0;2.0;2.0;23.0;3.0;2.0;46.0;0.0;0.0;0.0;2.0;102.0;62.0;57.0;36.0;3.0;54.0;38.0;17.0;186.0;973.0;731.0;208.0;41.0;10.0;451.0;31.0;8.0;0.0;2019_2020
443987;883743;22349;Junior Huerto;20;Perú;Lateral izquierdo;U. San Martín;2249.0;25.0;25.0;0.0;29.0;10.0;11.0;8.0;3.0;20.0;7.0;0.0;16.0;0.0;0.0;0.0;5.0;60.0;31.0;73.0;19.0;1.0;34.0;20.0;22.0;96.0;760.0;592.0;132.0;48.0;17.0;290.0;10.0;7.0;1.0;2019_2020
333025;805261;16007;Nilson Loyola;24;Perú;Lateral izquierdo;Goiás;2789.0;32.0;31.0;2.0;30.0;9.0;17.0;4.0;1.0;22.0;0.0;3.0;21.0;0.0;0.0;0.0;2.0;75.0;56.0;61.0;13.0;0.0;32.0;45.0;49.0;140.0;1293.0;1074.0;285.0;42.0;4.0;357.0;22.0;4.0;1.0;2019_2020
54594;790020;22349;Diego Manicero;34;Argentina;Mediocentro ofensivo;CA Mannucci;1271.0;23.0;14.0;1.0;35.0;9.0;15.0;11.0;1.0;28.0;2.0;1.0;17.0;0.0;0.0;0.0;3.0;12.0;8.0;9.0;12.0;0.0;7.0;17.0;7.0;44.0;388.0;260.0;100.0;16.0;24.0;294.0;23.0;0.0;0.0;2019_2020
82585;38017;22349;Jesús Rabanal;34;Perú;Lateral izquierdo;Unión Comercio;1622.0;20.0;18.0;2.0;6.0;2.0;4.0;0.0;0.0;2.0;0.0;1.0;9.0;1.0;0.0;0.0;3.0;21.0;33.0;69.0;17.0;2.0;20.0;14.0;45.0;42.0;679.0;499.0;64.0;75.0;1.0;211.0;3.0;7.0;1.0;2019_2020
92150;877603;24149;Luis Perea;32;Colombia;Delantero centro;HFX Wanderers;1379.0;18.0;15.0;2.0;15.0;5.0;7.0;3.0;0.0;8.0;1.0;4.0;10.0;0.0;0.0;0.0;2.0;19.0;18.0;53.0;8.0;1.0;41.0;19.0;97.0;47.0;485.0;330.0;52.0;23.0;0.0;194.0;10.0;5.0;0.0;2019_2020
214624;345787;22349;Josimar Vargas;29;Perú;Pivote;CA Mannucci;1980.0;24.0;23.0;0.0;9.0;2.0;5.0;2.0;2.0;17.0;0.0;0.0;7.0;0.0;0.0;0.0;0.0;35.0;32.0;32.0;21.0;1.0;30.0;57.0;30.0;95.0;654.0;489.0;95.0;52.0;0.0;239.0;8.0;5.0;1.0;2019_2020
470023;873706;22349;Brayan Guevara;21;Perú;Lateral izquierdo;UTC;727.0;16.0;9.0;0.0;11.0;5.0;2.0;4.0;2.0;8.0;3.0;2.0;15.0;1.0;0.0;0.0;0.0;20.0;4.0;0.0;10.0;0.0;7.0;8.0;3.0;43.0;125.0;96.0;39.0;7.0;4.0;87.0;12.0;2.0;0.0;2019_2020
160317;248215;22349;Óscar Guerra;34;Perú;Defensa central;Ayacucho FC;543.0;8.0;6.0;0.0;1.0;0.0;1.0;0.0;0.0;1.0;1.0;1.0;0.0;0.0;0.0;0.0;1.0;4.0;11.0;22.0;8.0;0.0;6.0;5.0;10.0;9.0;192.0;155.0;11.0;21.0;0.0;38.0;0.0;2.0;1.0;2019_2020
375353;1131302;22349;Cristian Mejía;26;Perú;Mediocentro;Ayacucho FC;1961.0;29.0;23.0;1.0;38.0;10.0;19.0;9.0;0.0;30.0;1.0;0.0;22.0;0.0;0.0;0.0;11.0;30.0;13.0;8.0;21.0;2.0;46.0;24.0;25.0;75.0;607.0;484.0;157.0;22.0;4.0;244.0;29.0;4.0;0.0;2019_2020
260105;805336;22349;Ronald Ruiz;31;Perú;Portero;Unión Comercio;1080.0;12.0;12.0;0.0;0.0;0.0;0.0;0.0;0.0;0.0;0.0;0.0;0.0;0.0;0.0;0.0;0.0;0.0;0.0;6.0;1.0;0.0;0.0;1.0;0.0;1.0;260.0;176.0;10.0;76.0;0.0;85.0;0.0;0.0;0.0;2019_2020
653365;804780;22349;Camilo Jiménez;22;Perú;Defensa central;CA Mannucci;1703.0;20.0;19.0;1.0;6.0;1.0;4.0;1.0;0.0;6.0;2.0;0.0;6.0;0.0;0.0;0.0;0.0;23.0;29.0;100.0;13.0;0.0;21.0;10.0;28.0;36.0;564.0;415.0;47.0;58.0;1.0;167.0;1.0;4.0;1.0;2019_2020
330687;790021;22349;Carlos Grados;24;Perú;Portero;Ayacucho FC;1118.0;13.0;12.0;0.0;0.0;0.0;0.0;0.0;0.0;0.0;0.0;0.0;0.0;0.0;0.0;0.0;0.0;1.0;0.0;12.0;0.0;0.0;0.0;2.0;1.0;2.0;247.0;183.0;12.0;76.0;0.0;67.0;0.0;1.0;0.0;2019_2020
271676;590468;22349;Jeremy Rostaing;24;Perú;Lateral derecho;César Vallejo;1140.0;15.0;14.0;1.0;8.0;2.0;5.0;1.0;0.0;10.0;1.0;0.0;6.0;0.0;0.0;0.0;3.0;23.0;24.0;37.0;19.0;0.0;25.0;13.0;20.0;41.0;551.0;415.0;95.0;31.0;2.0;188.0;8.0;4.0;0.0;2019_2020
208729;285371;24239;Janeiler Rivas;31;Colombia;Defensa central;Sin equipo;76.0;1.0;1.0;0.0;1.0;0.0;0.0;1.0;0.0;0.0;0.0;0.0;0.0;0.0;0.0;0.0;0.0;0.0;0.0;4.0;1.0;0.0;0.0;0.0;1.0;0.0;12.0;10.0;0.0;1.0;0.0;2.0;0.0;0.0;0.0;2019_2020
125481;789932;22349;Sebastián Gularte;29;Uruguay;Delantero centro;Unión Comercio;2214.0;28.0;26.0;12.0;91.0;42.0;40.0;9.0;1.0;23.0;5.0;14.0;11.0;0.0;2.0;2.0;30.0;7.0;4.0;32.0;11.0;0.0;51.0;44.0;119.0;61.0;457.0;325.0;134.0;4.0;1.0;220.0;22.0;5.0;0.0;2019_2020
563397;922874;22349;Anthony Osorio;21;Perú;Delantero centro;Universitario;1015.0;25.0;11.0;2.0;20.0;6.0;11.0;3.0;0.0;12.0;1.0;4.0;8.0;0.0;0.0;0.0;1.0;7.0;3.0;10.0;7.0;0.0;23.0;15.0;25.0;28.0;218.0;170.0;57.0;7.0;1.0;100.0;16.0;3.0;1.0;2019_2020
124747;789238;20160;Johan Arango;28;Colombia;Extremo izquierdo;Correcaminos;868.0;14.0;9.0;3.0;28.0;10.0;11.0;7.0;2.0;16.0;2.0;3.0;23.0;0.0;1.0;1.0;6.0;15.0;4.0;2.0;12.0;0.0;32.0;27.0;4.0;65.0;255.0;185.0;89.0;7.0;13.0;199.0;22.0;2.0;0.0;2019_2020
124747;789238;17906;Johan Arango;28;Colombia;Extremo izquierdo;Correcaminos;770.0;11.0;8.0;1.0;24.0;8.0;11.0;5.0;0.0;23.0;2.0;1.0;7.0;0.0;0.0;0.0;2.0;17.0;5.0;3.0;8.0;0.0;22.0;20.0;6.0;42.0;244.0;172.0;83.0;7.0;15.0;166.0;42.0;4.0;0.0;2019_2020
74521;73331;22349;Dahwling Leudo;29;Colombia;Mediocentro;FBC Melgar;1944.0;25.0;22.0;1.0;25.0;7.0;16.0;2.0;1.0;20.0;3.0;7.0;5.0;1.0;0.0;0.0;1.0;31.0;22.0;31.0;16.0;0.0;39.0;24.0;46.0;58.0;897.0;759.0;181.0;56.0;2.0;191.0;9.0;3.0;0.0;2019_2020
82570;924643;22349;John Fajardo;30;Perú;Defensa central;Sport Huancayo;1369.0;18.0;15.0;0.0;6.0;1.0;4.0;1.0;0.0;2.0;0.0;0.0;6.0;0.0;0.0;0.0;0.0;16.0;24.0;54.0;3.0;0.0;3.0;6.0;21.0;27.0;592.0;499.0;46.0;62.0;0.0;103.0;4.0;1.0;0.0;2019_2020
491563;973562;22349;Mauricio Matzuda;19;Perú;Extremo derecho;Alianza Lima;273.0;4.0;4.0;1.0;1.0;1.0;0.0;0.0;0.0;5.0;0.0;0.0;7.0;0.0;0.0;0.0;0.0;1.0;2.0;2.0;2.0;0.0;3.0;6.0;2.0;14.0;57.0;47.0;16.0;0.0;3.0;33.0;4.0;0.0;0.0;2019_2020
639462;936762;22349;Pablo Labrín;19;Perú;Mediocentro ofensivo;FBC Melgar;64.0;2.0;1.0;0.0;2.0;1.0;0.0;1.0;0.0;4.0;1.0;0.0;1.0;0.0;0.0;0.0;0.0;0.0;2.0;0.0;2.0;0.0;1.0;1.0;0.0;2.0;24.0;21.0;6.0;2.0;1.0;10.0;0.0;1.0;0.0;2019_2020
170616;176289;22349;Ángel Romero;28;Perú;Pivote;FBC Melgar;1171.0;21.0;13.0;0.0;9.0;3.0;5.0;1.0;0.0;5.0;0.0;1.0;8.0;0.0;0.0;0.0;1.0;31.0;14.0;27.0;15.0;2.0;37.0;26.0;31.0;62.0;542.0;445.0;56.0;23.0;0.0;125.0;9.0;10.0;0.0;2019_2020
211417;18305;22349;José Canova;26;Perú;Defensa central;Cusco FC;954.0;12.0;11.0;0.0;0.0;0.0;0.0;0.0;0.0;4.0;2.0;0.0;1.0;0.0;0.0;0.0;0.0;12.0;5.0;29.0;3.0;0.0;7.0;3.0;18.0;15.0;391.0;332.0;23.0;26.0;0.0;61.0;0.0;3.0;0.0;2019_2020
51225;35621;22349;Hernán Rengifo;36;Perú;Delantero centro;Cusco FC;1300.0;28.0;12.0;3.0;38.0;14.0;22.0;2.0;2.0;23.0;3.0;9.0;3.0;1.0;0.0;0.0;14.0;8.0;1.0;10.0;5.0;0.0;16.0;28.0;60.0;36.0;270.0;180.0;82.0;5.0;0.0;128.0;7.0;3.0;0.0;2019_2020
87376;876836;19990;Enzo Maidana;31;Argentina;Delantero centro;Nacional Potosí;143.0;3.0;2.0;0.0;1.0;0.0;1.0;0.0;0.0;1.0;1.0;0.0;0.0;0.0;0.0;0.0;1.0;2.0;1.0;1.0;0.0;0.0;3.0;2.0;3.0;4.0;24.0;14.0;2.0;0.0;0.0;14.0;1.0;0.0;0.0;2019_2020
100197;162603;22349;Juan Morales;30;Perú;Pivote;Unión Comercio;2542.0;29.0;29.0;0.0;10.0;2.0;6.0;2.0;0.0;21.0;2.0;1.0;29.0;0.0;0.0;0.0;0.0;94.0;48.0;29.0;41.0;1.0;65.0;52.0;51.0;173.0;1235.0;1061.0;185.0;55.0;4.0;244.0;23.0;7.0;1.0;2019_2020
224685;883391;22349;Ederson Mogollón;26;Perú;Defensa central;AD Cantolao;2404.0;27.0;27.0;1.0;9.0;2.0;5.0;2.0;0.0;6.0;0.0;0.0;8.0;0.0;0.0;0.0;1.0;43.0;53.0;136.0;15.0;1.0;41.0;14.0;45.0;64.0;770.0;555.0;49.0;85.0;2.0;244.0;10.0;5.0;1.0;2019_2020
601307;941867;22349;Mario Ramírez;29;Colombia;Mediocentro ofensivo;Pirata FC;1804.0;26.0;21.0;4.0;29.0;11.0;14.0;4.0;0.0;44.0;3.0;2.0;49.0;1.0;0.0;0.0;0.0;18.0;8.0;9.0;23.0;0.0;28.0;75.0;19.0;141.0;872.0;706.0;236.0;54.0;28.0;343.0;44.0;3.0;2.0;2019_2020
265236;879627;22349;Juan Tuesta;25;Perú;Pivote;Cusco FC;224.0;6.0;2.0;1.0;3.0;1.0;2.0;0.0;0.0;1.0;0.0;0.0;0.0;0.0;0.0;0.0;1.0;4.0;5.0;3.0;5.0;0.0;5.0;3.0;2.0;7.0;84.0;72.0;15.0;5.0;0.0;24.0;3.0;0.0;0.0;2019_2020
68542;83700;22349;Germán Pacheco;28;Argentina;Mediocentro ofensivo;LDU Portoviejo;1667.0;28.0;21.0;6.0;72.0;23.0;24.0;25.0;7.0;39.0;5.0;2.0;20.0;0.0;1.0;0.0;3.0;4.0;8.0;3.0;16.0;0.0;12.0;24.0;4.0;48.0;770.0;595.0;252.0;42.0;16.0;344.0;34.0;2.0;0.0;2019_2020
656061;977086;22349;Cristian Carbajal;19;Perú;Lateral izquierdo;Sport. Cristal;992.0;12.0;11.0;1.0;6.0;2.0;3.0;1.0;1.0;8.0;3.0;1.0;6.0;0.0;0.0;0.0;1.0;25.0;20.0;26.0;13.0;0.0;16.0;14.0;10.0;45.0;344.0;264.0;51.0;29.0;2.0;156.0;6.0;2.0;0.0;2019_2020
501653;874983;22349;Flavio Gómez;22;Perú;Extremo derecho;Sport. Cristal;716.0;14.0;7.0;0.0;21.0;5.0;12.0;4.0;3.0;15.0;3.0;2.0;12.0;1.0;0.0;0.0;4.0;18.0;5.0;2.0;11.0;0.0;16.0;18.0;5.0;48.0;252.0;210.0;93.0;6.0;1.0;118.0;13.0;2.0;0.0;2019_2020
147482;180055;22349;Cristian Lasso;28;Colombia;Extremo derecho;AD Cantolao;2294.0;30.0;30.0;4.0;43.0;14.0;23.0;6.0;4.0;23.0;5.0;6.0;47.0;1.0;0.0;0.0;19.0;21.0;8.0;9.0;15.0;1.0;52.0;54.0;37.0;121.0;506.0;384.0;172.0;12.0;8.0;309.0;57.0;5.0;0.0;2019_2020
332097;805054;22349;Maelo Reátegui;24;Perú;Defensa central;Sport Boys;233.0;4.0;4.0;0.0;1.0;0.0;1.0;0.0;0.0;0.0;0.0;0.0;0.0;0.0;0.0;0.0;0.0;9.0;4.0;9.0;4.0;0.0;4.0;0.0;3.0;9.0;92.0;79.0;4.0;5.0;0.0;17.0;1.0;0.0;2.0;2019_2020
434562;883279;22349;Ronaldo Andía;21;Perú;Lateral derecho;Pirata FC;1284.0;17.0;16.0;0.0;0.0;0.0;0.0;0.0;1.0;8.0;2.0;0.0;5.0;0.0;0.0;0.0;2.0;31.0;26.0;12.0;15.0;0.0;25.0;11.0;9.0;47.0;429.0;355.0;84.0;12.0;3.0;134.0;12.0;2.0;1.0;2019_2020
653482;975238;22349;Carlos Canales;27;Perú;Pivote;Pirata FC;1942.0;28.0;21.0;1.0;17.0;4.0;10.0;3.0;1.0;14.0;4.0;0.0;33.0;0.0;0.0;0.0;0.0;51.0;13.0;13.0;34.0;1.0;29.0;49.0;21.0;132.0;924.0;790.0;173.0;45.0;0.0;228.0;33.0;1.0;0.0;2019_2020
73631;34367;19990;Bernardo Medina;31;Paraguay;Portero;CD Capiatá;180.0;2.0;2.0;0.0;0.0;0.0;0.0;0.0;0.0;0.0;0.0;0.0;0.0;0.0;0.0;0.0;0.0;0.0;0.0;4.0;0.0;0.0;0.0;2.0;1.0;2.0;46.0;24.0;1.0;13.0;0.0;22.0;0.0;0.0;0.0;2019_2020
357124;805366;22349;Oshiro Takeuchi;24;Perú;Extremo derecho;Sport Huancayo;753.0;16.0;8.0;3.0;23.0;7.0;11.0;5.0;0.0;5.0;0.0;3.0;14.0;1.0;1.0;0.0;7.0;3.0;2.0;11.0;2.0;0.0;18.0;12.0;14.0;29.0;202.0;153.0;59.0;7.0;1.0;116.0;20.0;1.0;0.0;2019_2020
477383;883388;22349;Jeferson Collazos;28;Colombia;Delantero centro;Dep. Binacional;1184.0;22.0;13.0;7.0;48.0;15.0;21.0;12.0;3.0;16.0;2.0;6.0;9.0;1.0;1.0;1.0;19.0;4.0;0.0;6.0;2.0;0.0;23.0;14.0;44.0;26.0;194.0;140.0;71.0;3.0;1.0;117.0;16.0;2.0;1.0;2019_2020
224683;1022066;22349;Neil Marcos;27;Perú;Pivote;Unión Comercio;853.0;13.0;10.0;0.0;9.0;3.0;4.0;2.0;1.0;9.0;1.0;0.0;5.0;0.0;0.0;0.0;0.0;11.0;11.0;5.0;9.0;0.0;24.0;33.0;9.0;48.0;601.0;527.0;90.0;45.0;2.0;93.0;4.0;4.0;0.0;2019_2020
89576;819124;20160;Jonathan Ávila;27;Colombia;Defensa central;A. Bucaramanga;336.0;5.0;3.0;0.0;0.0;0.0;0.0;0.0;0.0;0.0;0.0;0.0;1.0;0.0;0.0;0.0;1.0;2.0;8.0;13.0;3.0;3.0;9.0;1.0;8.0;4.0;176.0;148.0;5.0;11.0;0.0;33.0;1.0;2.0;0.0;2019_2020
89576;819124;24014;Jonathan Ávila;27;Colombia;Defensa central;A. Bucaramanga;485.0;7.0;6.0;0.0;1.0;0.0;1.0;0.0;0.0;0.0;0.0;0.0;0.0;0.0;0.0;0.0;0.0;7.0;8.0;27.0;3.0;1.0;9.0;4.0;14.0;11.0;166.0;136.0;11.0;12.0;0.0;30.0;0.0;3.0;0.0;2019_2020
330690;805068;22349;Enmanuel Páucar;22;Perú;Pivote;Universitario;1282.0;16.0;15.0;0.0;9.0;3.0;2.0;4.0;1.0;6.0;1.0;2.0;12.0;0.0;0.0;0.0;0.0;15.0;8.0;1.0;10.0;1.0;19.0;9.0;6.0;36.0;484.0;417.0;82.0;27.0;4.0;100.0;11.0;3.0;0.0;2019_2020
82567;47397;22349;Gary Correa;29;Perú;Extremo izquierdo;Universitario;675.0;18.0;7.0;2.0;12.0;6.0;4.0;2.0;0.0;11.0;1.0;0.0;2.0;0.0;0.0;0.0;0.0;3.0;2.0;7.0;8.0;0.0;7.0;8.0;6.0;13.0;208.0;150.0;56.0;9.0;3.0;131.0;13.0;2.0;0.0;2019_2020
202223;162713;20160;Delio Ojeda;33;Paraguay;Defensa central;Jaguares FC;1690.0;19.0;19.0;3.0;20.0;5.0;15.0;0.0;0.0;3.0;1.0;2.0;5.0;0.0;0.0;0.0;2.0;13.0;44.0;93.0;7.0;1.0;21.0;4.0;39.0;20.0;660.0;515.0;43.0;63.0;1.0;152.0;1.0;0.0;1.0;2019_2020
202223;162713;24014;Delio Ojeda;33;Paraguay;Defensa central;Jaguares FC;1222.0;14.0;14.0;0.0;15.0;3.0;10.0;2.0;0.0;7.0;1.0;1.0;2.0;0.0;0.0;0.0;1.0;7.0;25.0;42.0;9.0;0.0;20.0;7.0;33.0;14.0;498.0;387.0;34.0;37.0;1.0;117.0;1.0;0.0;0.0;2019_2020
422934;876931;22349;Erinson Ramírez;21;Perú;Mediocentro ofensivo;César Vallejo;455.0;8.0;6.0;0.0;15.0;3.0;11.0;1.0;0.0;7.0;1.0;0.0;5.0;0.0;0.0;0.0;1.0;1.0;0.0;0.0;3.0;0.0;2.0;11.0;1.0;17.0;166.0;118.0;46.0;3.0;4.0;97.0;8.0;0.0;0.0;2019_2020
250929;883298;22349;Paulo Goyoneche;26;Perú;Pivote;Cusco FC;687.0;15.0;6.0;0.0;4.0;1.0;2.0;1.0;0.0;3.0;1.0;0.0;2.0;0.0;0.0;0.0;0.0;22.0;10.0;13.0;10.0;0.0;16.0;7.0;8.0;30.0;384.0;333.0;55.0;31.0;0.0;65.0;4.0;5.0;1.0;2019_2020
90230;107307;22349;Salomón Libman;35;Perú;Portero;Sport Huancayo;810.0;9.0;9.0;0.0;0.0;0.0;0.0;0.0;0.0;0.0;0.0;0.0;0.0;0.0;0.0;0.0;0.0;0.0;1.0;6.0;0.0;0.0;0.0;1.0;2.0;1.0;180.0;112.0;15.0;61.0;0.0;69.0;0.0;1.0;0.0;2019_2020
94761;883299;22349;Janio Pósito;29;Perú;Delantero centro;FBC Melgar;1053.0;23.0;10.0;2.0;30.0;10.0;16.0;4.0;1.0;13.0;2.0;5.0;5.0;0.0;0.0;0.0;8.0;10.0;1.0;8.0;13.0;0.0;16.0;33.0;31.0;44.0;263.0;187.0;75.0;4.0;1.0;136.0;18.0;1.0;0.0;2019_2020
639467;924881;22349;Christian Vásquez;19;Perú;Lateral derecho;FBC Melgar;59.0;1.0;1.0;0.0;0.0;0.0;0.0;0.0;0.0;0.0;0.0;0.0;0.0;0.0;0.0;0.0;0.0;1.0;0.0;5.0;0.0;0.0;3.0;1.0;0.0;2.0;10.0;6.0;1.0;1.0;1.0;8.0;2.0;0.0;0.0;2019_2020
249977;883294;22349;Carlos Uribe;27;Perú;Pivote;Dep. Municipal;677.0;17.0;7.0;1.0;8.0;2.0;4.0;2.0;0.0;6.0;1.0;0.0;0.0;0.0;0.0;0.0;0.0;10.0;7.0;5.0;11.0;0.0;12.0;18.0;10.0;26.0;448.0;389.0;93.0;34.0;2.0;74.0;2.0;4.0;0.0;2019_2020
483715;883812;22349;Renato Espinosa;20;Perú;Delantero centro;Sport. Cristal;1326.0;22.0;16.0;4.0;30.0;15.0;12.0;3.0;2.0;9.0;1.0;6.0;8.0;0.0;2.0;2.0;19.0;8.0;7.0;12.0;10.0;0.0;26.0;15.0;26.0;26.0;289.0;210.0;72.0;11.0;4.0;145.0;9.0;1.0;0.0;2019_2020
260243;343633;22349;Gino Guerrero;26;Perú;Extremo izquierdo;Cusco FC;442.0;9.0;5.0;0.0;17.0;5.0;6.0;6.0;0.0;6.0;1.0;2.0;16.0;0.0;0.0;0.0;0.0;3.0;3.0;1.0;1.0;0.0;3.0;14.0;2.0;33.0;190.0;160.0;71.0;7.0;2.0;65.0;5.0;2.0;0.0;2019_2020
250915;358194;22349;Koichi Aparicio;27;Perú;Defensa central;Sport Huancayo;630.0;7.0;7.0;0.0;3.0;0.0;2.0;1.0;0.0;1.0;0.0;0.0;0.0;0.0;0.0;0.0;0.0;12.0;6.0;41.0;3.0;1.0;10.0;1.0;9.0;13.0;228.0;181.0;15.0;21.0;0.0;55.0;2.0;4.0;0.0;2019_2020
325667;901019;22349;Luis Iberico;21;Perú;Extremo izquierdo;FBC Melgar;200.0;9.0;1.0;0.0;6.0;2.0;3.0;1.0;0.0;3.0;0.0;1.0;0.0;1.0;0.0;0.0;3.0;0.0;1.0;2.0;2.0;0.0;8.0;6.0;7.0;5.0;63.0;46.0;23.0;0.0;0.0;33.0;6.0;0.0;0.0;2019_2020
473579;876928;22349;Luis Garro;22;Perú;Lateral derecho;Unión Comercio;2044.0;25.0;23.0;1.0;20.0;8.0;9.0;3.0;2.0;16.0;2.0;3.0;28.0;0.0;0.0;0.0;1.0;45.0;27.0;44.0;33.0;1.0;51.0;25.0;28.0;97.0;704.0;567.0;162.0;19.0;10.0;290.0;13.0;8.0;0.0;2019_2020
582318;924923;22349;Jhon Vega;24;Perú;Pivote;Sport Boys;1031.0;16.0;12.0;0.0;6.0;2.0;3.0;1.0;0.0;3.0;1.0;1.0;4.0;0.0;0.0;0.0;1.0;25.0;33.0;16.0;20.0;0.0;13.0;7.0;4.0;36.0;413.0;346.0;45.0;17.0;0.0;89.0;7.0;4.0;0.0;2019_2020
356221;790030;22349;Santiago Rebagliati;22;Perú;Delantero centro;Unión Comercio;67.0;7.0;0.0;0.0;1.0;0.0;0.0;1.0;0.0;1.0;0.0;0.0;0.0;0.0;0.0;0.0;0.0;1.0;0.0;2.0;0.0;0.0;2.0;1.0;3.0;2.0;14.0;11.0;3.0;1.0;0.0;6.0;0.0;0.0;0.0;2019_2020
94735;311734;22349;Marcos Delgado;31;Perú;Defensa central;Ayacucho FC;2280.0;27.0;27.0;1.0;24.0;8.0;14.0;2.0;0.0;12.0;1.0;2.0;10.0;0.0;0.0;0.0;3.0;62.0;47.0;126.0;45.0;1.0;63.0;20.0;58.0;88.0;923.0;632.0;111.0;145.0;10.0;376.0;7.0;10.0;0.0;2019_2020
149622;176285;22349;Werner Schuler;28;Perú;Defensa central;Universitario;171.0;4.0;3.0;0.0;0.0;0.0;0.0;0.0;0.0;0.0;0.0;0.0;1.0;0.0;0.0;0.0;0.0;1.0;3.0;15.0;1.0;1.0;1.0;2.0;6.0;3.0;65.0;51.0;4.0;10.0;0.0;15.0;0.0;1.0;0.0;2019_2020
490717;924783;22349;Jairo Concha;20;Perú;Mediocentro;Alianza Lima;1269.0;17.0;13.0;0.0;20.0;7.0;4.0;9.0;1.0;25.0;2.0;4.0;24.0;0.0;0.0;0.0;3.0;32.0;12.0;5.0;27.0;0.0;12.0;53.0;8.0;108.0;627.0;536.0;172.0;39.0;1.0;194.0;23.0;0.0;0.0;2019_2020
268806;924877;22349;Mario Tajima;26;Perú;Extremo derecho;CA Mannucci;1757.0;21.0;20.0;0.0;23.0;9.0;8.0;6.0;2.0;31.0;3.0;1.0;41.0;0.0;0.0;0.0;1.0;35.0;25.0;8.0;45.0;1.0;32.0;27.0;10.0;102.0;554.0;422.0;131.0;22.0;12.0;296.0;29.0;4.0;1.0;2019_2020
133737;992484;22349;Mario Ceballos;28;Perú;Delantero centro;Pirata FC;974.0;15.0;10.0;5.0;45.0;14.0;19.0;12.0;1.0;10.0;4.0;5.0;4.0;0.0;0.0;0.0;14.0;5.0;2.0;7.0;3.0;1.0;17.0;10.0;34.0;17.0;220.0;160.0;57.0;4.0;1.0;109.0;10.0;1.0;0.0;2019_2020
434955;883293;22349;Leonel Solís;22;Perú;Pivote;Pirata FC;442.0;14.0;2.0;0.0;4.0;2.0;1.0;1.0;0.0;5.0;1.0;1.0;4.0;0.0;0.0;0.0;1.0;5.0;3.0;5.0;1.0;0.0;8.0;13.0;3.0;21.0;195.0;162.0;40.0;7.0;1.0;57.0;12.0;1.0;0.0;2019_2020
330169;805451;22349;Jarlín Quintero;25;Colombia;Delantero centro;UTC;2081.0;31.0;24.0;8.0;61.0;21.0;28.0;12.0;4.0;21.0;6.0;10.0;48.0;1.0;1.0;1.0;14.0;7.0;2.0;12.0;6.0;0.0;56.0;41.0;41.0;91.0;321.0;246.0;128.0;13.0;3.0;342.0;91.0;5.0;1.0;2019_2020
296211;882909;19990;Federico Alonso;28;Uruguay;Defensa central;CA Cerro;180.0;2.0;2.0;0.0;1.0;0.0;1.0;0.0;0.0;2.0;0.0;0.0;1.0;0.0;0.0;0.0;0.0;3.0;4.0;20.0;2.0;0.0;6.0;4.0;9.0;7.0;70.0;47.0;7.0;7.0;0.0;24.0;0.0;1.0;0.0;2019_2020
73705;249599;22349;Donald Millán;33;Colombia;Mediocentro ofensivo;Dep. Binacional;2821.0;33.0;32.0;23.0;77.0;38.0;21.0;18.0;9.0;79.0;11.0;2.0;65.0;0.0;10.0;10.0;2.0;38.0;15.0;28.0;40.0;0.0;44.0;101.0;29.0;201.0;1373.0;1098.0;476.0;78.0;12.0;502.0;80.0;8.0;0.0;2019_2020
84506;47439;22349;Christian Ramos;30;Perú;Defensa central;Al-Nassr;1792.0;22.0;19.0;0.0;7.0;1.0;4.0;2.0;0.0;5.0;0.0;0.0;7.0;0.0;0.0;0.0;1.0;27.0;31.0;80.0;2.0;1.0;29.0;21.0;46.0;53.0;905.0;709.0;72.0;69.0;0.0;214.0;8.0;7.0;0.0;2019_2020
335217;883397;22349;Gerson Barreto;23;Perú;Mediocentro;AD Cantolao;1603.0;25.0;20.0;1.0;12.0;2.0;8.0;2.0;0.0;11.0;2.0;0.0;26.0;0.0;0.0;0.0;0.0;56.0;22.0;11.0;40.0;0.0;51.0;38.0;23.0;119.0;777.0;623.0;182.0;41.0;2.0;263.0;24.0;6.0;0.0;2019_2020
94450;994148;22349;Carlos Olascuaga;26;Perú;Extremo izquierdo;Sport Boys;212.0;11.0;1.0;0.0;5.0;0.0;3.0;2.0;1.0;4.0;0.0;1.0;2.0;0.0;0.0;0.0;0.0;10.0;0.0;2.0;7.0;0.0;7.0;6.0;2.0;18.0;78.0;58.0;28.0;3.0;1.0;47.0;5.0;3.0;0.0;2019_2020
250737;805065;22349;Rafael Guarderas;25;Perú;Pivote;UTC;2069.0;26.0;24.0;0.0;21.0;4.0;8.0;9.0;0.0;21.0;3.0;1.0;12.0;0.0;0.0;0.0;4.0;44.0;45.0;18.0;32.0;0.0;28.0;28.0;25.0;82.0;890.0;695.0;194.0;42.0;7.0;268.0;16.0;10.0;0.0;2019_2020
284162;790029;22328;Alexander Succar;23;Perú;Delantero centro;Sport. Cristal;567.0;12.0;5.0;1.0;15.0;4.0;5.0;6.0;1.0;6.0;2.0;2.0;11.0;1.0;1.0;1.0;2.0;9.0;2.0;2.0;6.0;0.0;7.0;5.0;10.0;25.0;132.0;97.0;48.0;0.0;2.0;123.0;20.0;3.0;0.0;2019_2020
285679;846474;19990;Luis Urruti;26;Uruguay;Extremo izquierdo;River Plate;264.0;3.0;3.0;0.0;2.0;2.0;0.0;0.0;0.0;2.0;0.0;0.0;6.0;0.0;0.0;0.0;1.0;1.0;0.0;1.0;2.0;0.0;5.0;15.0;2.0;22.0;38.0;22.0;8.0;2.0;1.0;38.0;3.0;1.0;0.0;2019_2020
103817;311524;19974;Iván Santillán;28;Perú;Lateral izquierdo;Sin equipo;205.0;3.0;2.0;0.0;0.0;0.0;0.0;0.0;0.0;0.0;0.0;0.0;3.0;0.0;0.0;0.0;0.0;6.0;2.0;3.0;2.0;0.0;5.0;3.0;1.0;12.0;39.0;27.0;4.0;1.0;1.0;24.0;3.0;0.0;0.0;2019_2020
103817;311524;24002;Iván Santillán;28;Perú;Lateral izquierdo;Sin equipo;250.0;6.0;4.0;1.0;6.0;1.0;5.0;0.0;0.0;1.0;0.0;1.0;2.0;0.0;0.0;0.0;1.0;3.0;4.0;0.0;2.0;0.0;2.0;2.0;0.0;7.0;96.0;70.0;7.0;3.0;1.0;42.0;3.0;0.0;0.0;2019_2020
54934;868724;22349;Pier Larrauri;25;Perú;Mediocentro ofensivo;Dep. Municipal;854.0;26.0;6.0;6.0;54.0;21.0;18.0;15.0;0.0;10.0;2.0;3.0;30.0;0.0;3.0;2.0;1.0;13.0;1.0;1.0;9.0;0.0;21.0;23.0;14.0;65.0;326.0;266.0;99.0;12.0;2.0;140.0;14.0;6.0;1.0;2019_2020
63451;26176;22349;Damián Ísmodes;30;Perú;Extremo derecho;Cusco FC;711.0;15.0;7.0;0.0;8.0;3.0;3.0;2.0;0.0;9.0;1.0;1.0;21.0;1.0;0.0;0.0;1.0;14.0;4.0;3.0;7.0;0.0;22.0;30.0;6.0;64.0;153.0;124.0;41.0;1.0;7.0;98.0;10.0;2.0;0.0;2019_2020
88042;805231;19974;Lampros Kontogiannis;30;México;Defensa central;Tiburones Rojos;967.0;11.0;11.0;0.0;1.0;0.0;1.0;0.0;0.0;0.0;0.0;0.0;1.0;0.0;0.0;0.0;1.0;17.0;26.0;63.0;6.0;0.0;15.0;7.0;27.0;25.0;357.0;267.0;18.0;25.0;0.0;101.0;1.0;0.0;1.0;2019_2020
88042;805231;24002;Lampros Kontogiannis;30;México;Defensa central;Tiburones Rojos;967.0;14.0;12.0;0.0;4.0;1.0;3.0;0.0;0.0;1.0;0.0;0.0;0.0;0.0;0.0;0.0;2.0;10.0;16.0;50.0;7.0;1.0;4.0;4.0;30.0;14.0;373.0;285.0;31.0;14.0;0.0;102.0;2.0;1.0;0.0;2019_2020
330691;339481;22349;Aldair Perleche;24;Perú;Lateral derecho;Ayacucho FC;1214.0;15.0;13.0;1.0;3.0;2.0;1.0;0.0;0.0;10.0;0.0;0.0;5.0;0.0;0.0;0.0;1.0;23.0;10.0;18.0;11.0;1.0;18.0;13.0;12.0;39.0;397.0;304.0;91.0;30.0;8.0;161.0;7.0;3.0;0.0;2019_2020
84349;47413;22349;Luis Trujillo;28;Perú;Lateral izquierdo;Ayacucho FC;1629.0;19.0;18.0;0.0;35.0;7.0;18.0;10.0;0.0;30.0;3.0;0.0;22.0;0.0;0.0;0.0;0.0;22.0;21.0;18.0;11.0;0.0;26.0;14.0;14.0;58.0;765.0;632.0;222.0;91.0;18.0;214.0;7.0;5.0;0.0;2019_2020
653484;975241;22349;Erick Perleche;18;Perú;Lateral derecho;Pirata FC;1476.0;24.0;17.0;0.0;18.0;7.0;7.0;4.0;0.0;13.0;0.0;3.0;12.0;0.0;0.0;0.0;4.0;33.0;11.0;10.0;20.0;0.0;22.0;17.0;7.0;62.0;487.0;399.0;130.0;17.0;3.0;176.0;16.0;4.0;0.0;2019_2020
172630;147516;22349;Benjamín Ubierna;27;Perú;Defensa central;CA Mannucci;1253.0;18.0;14.0;0.0;7.0;1.0;6.0;0.0;0.0;10.0;1.0;0.0;4.0;0.0;0.0;0.0;2.0;32.0;13.0;21.0;11.0;0.0;44.0;17.0;52.0;49.0;564.0;432.0;84.0;34.0;0.0;155.0;5.0;8.0;0.0;2019_2020
364720;857089;22349;Breno Naranjo;23;Perú;Delantero centro;CA Mannucci;103.0;2.0;1.0;0.0;3.0;1.0;2.0;0.0;0.0;0.0;0.0;1.0;2.0;0.0;0.0;0.0;1.0;0.0;0.0;0.0;0.0;0.0;2.0;1.0;1.0;3.0;20.0;14.0;3.0;1.0;1.0;11.0;0.0;1.0;0.0;2019_2020
94877;106371;22349;Jersson Vásquez;33;Perú;Defensa central;Universitario;2535.0;30.0;28.0;4.0;28.0;7.0;17.0;4.0;4.0;24.0;4.0;3.0;17.0;0.0;2.0;1.0;7.0;46.0;29.0;43.0;29.0;2.0;38.0;42.0;39.0;101.0;971.0;768.0;166.0;62.0;15.0;347.0;15.0;5.0;1.0;2019_2020
56004;590448;22349;Emiliano Ciucci;33;Argentina;Pivote;UTC;2294.0;30.0;24.0;2.0;53.0;15.0;29.0;9.0;1.0;12.0;0.0;0.0;17.0;0.0;0.0;0.0;0.0;36.0;37.0;48.0;36.0;2.0;53.0;45.0;54.0;95.0;694.0;471.0;119.0;66.0;1.0;276.0;16.0;9.0;1.0;2019_2020
189220;846854;22349;Maximiliano Velasco;29;Argentina;Delantero centro;Guabirá;140.0;12.0;0.0;0.0;6.0;2.0;4.0;0.0;0.0;3.0;0.0;0.0;0.0;0.0;0.0;0.0;1.0;1.0;0.0;0.0;1.0;0.0;7.0;1.0;5.0;2.0;30.0;23.0;15.0;0.0;1.0;15.0;3.0;0.0;0.0;2019_2020
78023;123245;16007;Arquímedes Figuera;29;Venezuela;Pivote;Dep. La Guaira;2442.0;30.0;28.0;0.0;35.0;11.0;21.0;3.0;1.0;14.0;1.0;0.0;19.0;0.0;0.0;0.0;0.0;37.0;49.0;45.0;28.0;1.0;51.0;65.0;38.0;119.0;1164.0;967.0;170.0;103.0;1.0;271.0;22.0;7.0;1.0;2019_2020
279387;339475;22349;José Manzaneda;24;Perú;Extremo izquierdo;La Serena;630.0;16.0;7.0;1.0;11.0;4.0;4.0;3.0;0.0;11.0;1.0;1.0;9.0;0.0;0.0;0.0;2.0;18.0;4.0;0.0;5.0;0.0;22.0;16.0;4.0;43.0;178.0;140.0;49.0;6.0;11.0;132.0;15.0;4.0;0.0;2019_2020
178893;590310;22349;Víctor Cedrón;25;Perú;Mediocentro ofensivo;Sin equipo;1723.0;23.0;21.0;0.0;37.0;9.0;20.0;8.0;2.0;28.0;4.0;0.0;26.0;0.0;0.0;0.0;1.0;40.0;11.0;6.0;22.0;0.0;41.0;69.0;27.0;135.0;731.0;575.0;223.0;50.0;21.0;315.0;27.0;4.0;0.0;2019_2020
250437;589448;22349;Jean Pierre Archimbaud;24;Perú;Pivote;Cusco FC;1673.0;23.0;19.0;3.0;40.0;13.0;21.0;6.0;0.0;14.0;0.0;2.0;9.0;1.0;0.0;0.0;1.0;28.0;18.0;21.0;15.0;0.0;39.0;18.0;38.0;50.0;783.0;643.0;139.0;54.0;1.0;184.0;8.0;6.0;0.0;2019_2020
214813;345769;22349;Cristian Dávila;28;Perú;Defensa central;Unión Comercio;1985.0;23.0;23.0;0.0;8.0;2.0;5.0;1.0;1.0;4.0;1.0;3.0;4.0;0.0;0.0;0.0;2.0;25.0;38.0;68.0;12.0;1.0;30.0;5.0;43.0;34.0;688.0;546.0;39.0;71.0;0.0;160.0;1.0;5.0;1.0;2019_2020
72684;960217;22349;Júnior Ross;33;Perú;Extremo derecho;Sport Boys;1362.0;27.0;17.0;3.0;28.0;15.0;8.0;5.0;4.0;32.0;7.0;8.0;22.0;0.0;1.0;0.0;7.0;22.0;7.0;1.0;12.0;0.0;12.0;32.0;10.0;74.0;362.0;248.0;126.0;12.0;22.0;263.0;22.0;3.0;0.0;2019_2020
102810;248291;22349;Mario Velarde;28;Perú;Mediocentro ofensivo;Unión Comercio;657.0;11.0;7.0;2.0;17.0;6.0;5.0;6.0;3.0;22.0;5.0;2.0;22.0;0.0;0.0;0.0;3.0;7.0;1.0;0.0;3.0;1.0;6.0;14.0;3.0;43.0;372.0;299.0;153.0;14.0;16.0;128.0;5.0;0.0;0.0;2019_2020
434192;883768;22349;David Dioses;23;Perú;Pivote;Unión Comercio;2263.0;32.0;25.0;1.0;20.0;6.0;9.0;5.0;2.0;34.0;1.0;1.0;18.0;0.0;0.0;0.0;4.0;38.0;31.0;26.0;23.0;0.0;41.0;20.0;17.0;75.0;1147.0;960.0;259.0;65.0;2.0;267.0;25.0;7.0;1.0;2019_2020
33332;35774;19990;Diego Guastavino;34;Uruguay;Mediocentro ofensivo;Liverpool FC;166.0;3.0;2.0;0.0;5.0;1.0;3.0;1.0;0.0;4.0;0.0;0.0;3.0;0.0;0.0;0.0;1.0;1.0;1.0;0.0;2.0;0.0;3.0;2.0;0.0;6.0;52.0;30.0;13.0;2.0;3.0;45.0;5.0;1.0;0.0;2019_2020
169992;786311;22349;Ernest Nungaray;27;Estados Unidos;Pivote;Ayacucho FC;1860.0;25.0;22.0;4.0;33.0;7.0;21.0;5.0;1.0;30.0;2.0;0.0;5.0;0.0;0.0;0.0;1.0;27.0;22.0;15.0;21.0;0.0;21.0;18.0;29.0;49.0;922.0;793.0;168.0;71.0;9.0;213.0;12.0;3.0;1.0;2019_2020
260318;338883;22349;Horacio Benincasa;25;Perú;Defensa central;Universitario;912.0;12.0;10.0;0.0;2.0;1.0;1.0;0.0;0.0;5.0;1.0;1.0;2.0;0.0;0.0;0.0;3.0;7.0;9.0;38.0;4.0;0.0;11.0;10.0;18.0;16.0;274.0;206.0;35.0;20.0;1.0;107.0;0.0;1.0;0.0;2019_2020
325696;805056;22349;Javier Núñez;22;Perú;Extremo derecho;Cusco FC;1741.0;27.0;22.0;4.0;33.0;13.0;15.0;5.0;2.0;27.0;4.0;1.0;24.0;0.0;1.0;1.0;1.0;19.0;16.0;5.0;25.0;0.0;23.0;27.0;7.0;70.0;592.0;485.0;183.0;34.0;12.0;225.0;20.0;4.0;0.0;2019_2020
44603;26874;22349;Manuel Corrales;36;Perú;Lateral izquierdo;Sport Huancayo;2551.0;29.0;29.0;3.0;42.0;9.0;26.0;7.0;3.0;25.0;1.0;1.0;14.0;0.0;0.0;0.0;2.0;46.0;34.0;72.0;19.0;0.0;33.0;19.0;45.0;77.0;1107.0;851.0;253.0;54.0;23.0;425.0;20.0;5.0;0.0;2019_2020
146822;339169;22349;Tarek Carranza;27;Perú;Pivote;Ayacucho FC;2294.0;28.0;27.0;1.0;60.0;13.0;33.0;14.0;2.0;34.0;3.0;0.0;22.0;0.0;0.0;0.0;0.0;28.0;17.0;17.0;27.0;0.0;30.0;19.0;16.0;68.0;1274.0;1034.0;206.0;154.0;4.0;313.0;19.0;4.0;1.0;2019_2020
208714;832001;24014;Arley Rodríguez;26;Colombia;Extremo derecho;Envigado;1200.0;15.0;14.0;1.0;10.0;2.0;6.0;2.0;1.0;10.0;2.0;0.0;16.0;0.0;0.0;0.0;3.0;11.0;8.0;1.0;11.0;0.0;25.0;59.0;22.0;80.0;309.0;260.0;74.0;4.0;2.0;135.0;19.0;5.0;0.0;2019_2020
208714;832001;20160;Arley Rodríguez;26;Colombia;Extremo derecho;Envigado;530.0;11.0;5.0;0.0;5.0;1.0;3.0;1.0;1.0;3.0;0.0;1.0;8.0;0.0;0.0;0.0;9.0;9.0;0.0;1.0;1.0;0.0;13.0;22.0;12.0;38.0;139.0;119.0;50.0;0.0;0.0;53.0;7.0;0.0;1.0;2019_2020
68910;45882;22349;José Carlos Fernández;36;Perú;Delantero centro;Sport Huancayo;1181.0;20.0;13.0;5.0;24.0;7.0;11.0;6.0;0.0;12.0;1.0;3.0;1.0;0.0;1.0;1.0;9.0;8.0;1.0;14.0;8.0;0.0;31.0;28.0;92.0;30.0;296.0;181.0;60.0;4.0;0.0;151.0;7.0;7.0;0.0;2019_2020
686497;984175;22349;José Gallardo;18;Perú;Lateral derecho;Alianza Lima;63.0;4.0;0.0;0.0;0.0;0.0;0.0;0.0;1.0;1.0;0.0;0.0;1.0;0.0;0.0;0.0;0.0;1.0;0.0;1.0;0.0;0.0;0.0;4.0;1.0;6.0;21.0;17.0;8.0;0.0;0.0;9.0;0.0;0.0;0.0;2019_2020
334104;805267;22349;Patricio Arce;26;Perú;Mediocentro ofensivo;Sport. Cristal;985.0;18.0;11.0;1.0;17.0;9.0;5.0;3.0;3.0;26.0;4.0;3.0;15.0;0.0;0.0;0.0;1.0;18.0;4.0;4.0;20.0;0.0;8.0;13.0;2.0;46.0;502.0;407.0;129.0;24.0;11.0;161.0;9.0;1.0;0.0;2019_2020
515413;874981;22349;Jesús Mendieta;21;Perú;Lateral izquierdo;Sport. Cristal;784.0;9.0;9.0;0.0;9.0;2.0;3.0;4.0;0.0;6.0;0.0;0.0;3.0;0.0;0.0;0.0;0.0;19.0;15.0;24.0;9.0;0.0;8.0;7.0;13.0;29.0;269.0;167.0;35.0;29.0;2.0;157.0;1.0;1.0;0.0;2019_2020
447934;882837;22349;Roberto Villamarín;21;Perú;Lateral derecho;CA Mannucci;524.0;7.0;6.0;2.0;4.0;2.0;2.0;0.0;0.0;1.0;0.0;0.0;6.0;0.0;0.0;0.0;1.0;14.0;13.0;10.0;7.0;0.0;14.0;7.0;11.0;27.0;151.0;98.0;16.0;8.0;2.0;97.0;8.0;2.0;1.0;2019_2020
250482;805353;22349;Joao Villamarín;27;Perú;Extremo izquierdo;CA Mannucci;870.0;19.0;10.0;3.0;15.0;7.0;7.0;1.0;2.0;10.0;0.0;2.0;18.0;0.0;0.0;0.0;5.0;12.0;11.0;12.0;8.0;0.0;28.0;30.0;14.0;58.0;216.0;149.0;61.0;5.0;5.0;141.0;15.0;3.0;1.0;2019_2020
653691;976161;22349;Pedro Casique;18;Perú;Extremo izquierdo;Unión Comercio;538.0;14.0;9.0;1.0;6.0;3.0;2.0;1.0;0.0;6.0;0.0;0.0;3.0;0.0;0.0;0.0;2.0;2.0;0.0;1.0;1.0;0.0;7.0;11.0;2.0;16.0;118.0;96.0;36.0;1.0;0.0;53.0;9.0;0.0;0.0;2019_2020
486265;882839;22349;Jorge Murrugarra;22;Perú;Pivote;UTC;1423.0;23.0;14.0;0.0;6.0;1.0;5.0;0.0;0.0;6.0;0.0;1.0;3.0;0.0;0.0;0.0;0.0;44.0;19.0;19.0;22.0;0.0;44.0;19.0;25.0;65.0;458.0;365.0;90.0;45.0;2.0;119.0;4.0;4.0;1.0;2019_2020
372304;805333;22349;Ángel Zamudio;22;Perú;Portero;Unión Comercio;1890.0;21.0;21.0;0.0;0.0;0.0;0.0;0.0;0.0;2.0;0.0;0.0;0.0;0.0;0.0;0.0;0.0;2.0;0.0;15.0;0.0;0.0;0.0;6.0;6.0;4.0;502.0;279.0;37.0;144.0;0.0;227.0;0.0;2.0;0.0;2019_2020
292729;384658;22349;Alexis Cossio;24;Perú;Lateral izquierdo;Cusco FC;1260.0;14.0;14.0;0.0;9.0;0.0;7.0;2.0;1.0;13.0;2.0;0.0;5.0;0.0;0.0;0.0;5.0;31.0;16.0;16.0;12.0;0.0;16.0;23.0;8.0;59.0;429.0;336.0;70.0;22.0;14.0;175.0;10.0;0.0;0.0;2019_2020
501586;877910;22349;Fabio Rojas;19;Perú;Lateral derecho;Alianza Lima;1591.0;19.0;18.0;0.0;4.0;1.0;3.0;0.0;0.0;4.0;0.0;0.0;1.0;0.0;0.0;0.0;0.0;26.0;34.0;59.0;22.0;0.0;31.0;16.0;33.0;38.0;436.0;333.0;32.0;40.0;1.0;142.0;4.0;6.0;0.0;2019_2020
482452;922007;22349;Jimmy Valoyes;32;Colombia;Defensa central;Pirata FC;2470.0;28.0;28.0;1.0;25.0;4.0;19.0;2.0;0.0;11.0;4.0;2.0;44.0;0.0;0.0;0.0;0.0;56.0;60.0;150.0;7.0;4.0;52.0;26.0;69.0;124.0;1246.0;943.0;113.0;154.0;2.0;369.0;12.0;10.0;0.0;2019_2020
82566;38020;22349;Giancarlo Carmona;33;Perú;Lateral derecho;FBC Melgar;1971.0;24.0;23.0;1.0;19.0;5.0;12.0;2.0;3.0;14.0;6.0;0.0;13.0;0.0;0.0;0.0;2.0;33.0;28.0;28.0;8.0;1.0;30.0;17.0;33.0;61.0;857.0;670.0;167.0;44.0;12.0;305.0;8.0;5.0;1.0;2019_2020
59947;38516;22349;Hervé Kambou;34;Costa de Marfil;Defensa central;Dep. Binacional;2188.0;27.0;24.0;1.0;8.0;2.0;6.0;0.0;1.0;7.0;1.0;2.0;11.0;0.0;0.0;0.0;0.0;32.0;38.0;54.0;12.0;1.0;49.0;25.0;43.0;61.0;975.0;816.0;69.0;83.0;1.0;179.0;4.0;9.0;1.0;2019_2020
224652;925176;22349;Hugo Ángeles;25;Perú;Lateral izquierdo;Unión Comercio;2690.0;30.0;30.0;1.0;18.0;6.0;6.0;6.0;2.0;29.0;7.0;3.0;18.0;0.0;0.0;0.0;5.0;85.0;50.0;56.0;29.0;1.0;45.0;45.0;35.0;146.0;1118.0;884.0;217.0;63.0;29.0;476.0;25.0;9.0;1.0;2019_2020
76717;249305;22349;Pablo Míguez;32;Uruguay;Defensa central;Club Puebla;2098.0;24.0;24.0;3.0;32.0;12.0;16.0;4.0;0.0;18.0;1.0;5.0;12.0;0.0;0.0;0.0;0.0;49.0;27.0;42.0;26.0;1.0;41.0;18.0;43.0;78.0;864.0;709.0;126.0;45.0;0.0;182.0;9.0;3.0;0.0;2019_2020
189283;220921;20108;Carlos Ascues;27;Perú;Defensa central;Orlando;1113.0;17.0;14.0;1.0;9.0;3.0;5.0;1.0;1.0;8.0;1.0;0.0;15.0;0.0;0.0;0.0;2.0;38.0;14.0;25.0;19.0;0.0;25.0;9.0;17.0;61.0;416.0;326.0;76.0;23.0;0.0;127.0;11.0;2.0;0.0;2019_2020
82589;133862;17518;Írven Ávila;28;Perú;Delantero centro;Monarcas Morelia;852.0;13.0;10.0;2.0;21.0;6.0;9.0;6.0;1.0;16.0;1.0;5.0;5.0;0.0;0.0;0.0;7.0;13.0;4.0;2.0;3.0;0.0;11.0;16.0;19.0;32.0;264.0;206.0;86.0;3.0;2.0;121.0;27.0;0.0;0.0;2019_2020
82589;133862;19974;Írven Ávila;28;Perú;Delantero centro;Monarcas Morelia;149.0;5.0;1.0;0.0;3.0;1.0;1.0;1.0;1.0;2.0;1.0;0.0;0.0;0.0;0.0;0.0;2.0;1.0;0.0;0.0;0.0;0.0;4.0;2.0;2.0;3.0;60.0;49.0;22.0;3.0;1.0;23.0;2.0;0.0;0.0;2019_2020
106283;220935;22349;Edson Aubert;30;Perú;Pivote;Dep. Binacional;2620.0;32.0;30.0;2.0;45.0;16.0;22.0;7.0;2.0;66.0;4.0;0.0;16.0;0.0;0.0;0.0;3.0;52.0;32.0;25.0;64.0;0.0;59.0;18.0;8.0;85.0;1988.0;1693.0;409.0;269.0;39.0;456.0;35.0;9.0;1.0;2019_2020
453044;846808;22349;Daniel Cabrera;21;Perú;Mediocentro;Dep. Municipal;1567.0;23.0;17.0;4.0;14.0;5.0;7.0;2.0;1.0;19.0;1.0;0.0;33.0;0.0;0.0;0.0;1.0;42.0;11.0;10.0;30.0;0.0;13.0;24.0;10.0;98.0;1053.0;879.0;289.0;38.0;5.0;283.0;25.0;3.0;1.0;2019_2020
390609;868711;22349;Eduardo Rabanal;22;Perú;Lateral derecho;Dep. Municipal;2429.0;27.0;27.0;1.0;20.0;6.0;9.0;5.0;1.0;16.0;2.0;0.0;25.0;0.0;0.0;0.0;1.0;43.0;35.0;30.0;20.0;1.0;37.0;30.0;26.0;96.0;761.0;580.0;142.0;40.0;24.0;419.0;16.0;8.0;1.0;2019_2020
267721;789878;18113;Joel Amoroso;31;Argentina;Mediocentro ofensivo;San Luis;699.0;9.0;9.0;0.0;13.0;3.0;5.0;5.0;0.0;6.0;1.0;2.0;16.0;0.0;0.0;0.0;0.0;8.0;2.0;4.0;7.0;0.0;8.0;15.0;18.0;38.0;222.0;154.0;62.0;5.0;6.0;152.0;10.0;3.0;1.0;2019_2020
582303;924782;22349;Jesús Pretell;20;Perú;Pivote;Sport. Cristal;675.0;16.0;8.0;0.0;1.0;0.0;1.0;0.0;0.0;1.0;1.0;0.0;2.0;0.0;0.0;0.0;0.0;25.0;9.0;5.0;7.0;0.0;22.0;12.0;14.0;39.0;305.0;255.0;28.0;8.0;0.0;67.0;5.0;2.0;0.0;2019_2020
420869;883338;19989;José Guidino;23;Perú;Lateral izquierdo;Alianza Lima;483.0;6.0;6.0;0.0;2.0;0.0;1.0;1.0;0.0;2.0;0.0;0.0;3.0;0.0;0.0;0.0;0.0;5.0;15.0;17.0;2.0;0.0;8.0;3.0;5.0;11.0;136.0;79.0;11.0;6.0;1.0;80.0;1.0;2.0;0.0;2019_2020
250004;312270;22349;Édinson Chávez;25;Perú;Lateral derecho;Sport. Cristal;987.0;15.0;12.0;1.0;4.0;2.0;0.0;2.0;0.0;4.0;1.0;0.0;7.0;0.0;0.0;0.0;1.0;23.0;12.0;18.0;35.0;0.0;23.0;14.0;10.0;44.0;396.0;324.0;89.0;18.0;4.0;157.0;13.0;0.0;0.0;2019_2020
142476;339159;22349;Josimar Atoche;29;Perú;Pivote;AD Cantolao;1599.0;20.0;20.0;2.0;12.0;4.0;5.0;3.0;2.0;16.0;1.0;0.0;8.0;0.0;0.0;0.0;2.0;28.0;29.0;20.0;20.0;0.0;35.0;13.0;28.0;49.0;814.0;687.0;133.0;40.0;3.0;170.0;10.0;9.0;0.0;2019_2020
440005;892548;24014;Franco Boló;25;Argentina;Extremo izquierdo;Deportivo Pasto;630.0;10.0;7.0;1.0;21.0;4.0;12.0;5.0;3.0;10.0;3.0;0.0;11.0;0.0;0.0;0.0;1.0;6.0;1.0;0.0;9.0;0.0;13.0;12.0;3.0;28.0;230.0;179.0;70.0;16.0;8.0;107.0;4.0;2.0;0.0;2019_2020
189291;973656;22349;Juan Pretel;35;Perú;Portero;César Vallejo;540.0;6.0;6.0;0.0;0.0;0.0;0.0;0.0;0.0;0.0;0.0;0.0;0.0;0.0;0.0;0.0;0.0;1.0;0.0;5.0;0.0;0.0;0.0;3.0;2.0;3.0;162.0;126.0;5.0;40.0;0.0;37.0;0.0;1.0;0.0;2019_2020
99178;47206;15809;Miguel Paniagua;32;Paraguay;Defensa central;Nacional;359.0;4.0;4.0;0.0;0.0;0.0;0.0;0.0;0.0;1.0;0.0;0.0;1.0;0.0;0.0;0.0;0.0;6.0;14.0;15.0;4.0;0.0;5.0;2.0;6.0;9.0;128.0;102.0;9.0;18.0;0.0;27.0;0.0;1.0;0.0;2019_2020
72971;26172;22349;Jair Céspedes;35;Perú;Lateral izquierdo;Sport. Cristal;2418.0;27.0;27.0;0.0;12.0;4.0;5.0;3.0;0.0;16.0;1.0;1.0;32.0;0.0;0.0;0.0;1.0;47.0;35.0;29.0;29.0;0.0;26.0;31.0;24.0;109.0;906.0;739.0;198.0;38.0;17.0;321.0;20.0;7.0;0.0;2019_2020
338977;883406;22349;Yordi Vílchez;24;Perú;Defensa central;Dep. Municipal;2563.0;29.0;29.0;0.0;22.0;7.0;13.0;2.0;2.0;6.0;3.0;0.0;14.0;0.0;0.0;0.0;3.0;45.0;63.0;91.0;24.0;1.0;45.0;13.0;64.0;71.0;1175.0;787.0;131.0;142.0;4.0;425.0;3.0;10.0;1.0;2019_2020
641820;933730;22349;Brandon Palacios;21;Perú;Extremo derecho;Sport. Cristal;874.0;19.0;10.0;3.0;20.0;9.0;8.0;3.0;0.0;12.0;3.0;2.0;13.0;0.0;0.0;0.0;4.0;23.0;11.0;4.0;17.0;0.0;16.0;24.0;11.0;57.0;265.0;202.0;81.0;11.0;7.0;125.0;14.0;3.0;1.0;2019_2020
331818;805332;22349;Miguel Carranza;23;Perú;Extremo derecho;Unión Comercio;2045.0;29.0;22.0;4.0;28.0;9.0;14.0;5.0;2.0;44.0;11.0;3.0;75.0;0.0;0.0;0.0;1.0;26.0;9.0;7.0;13.0;0.0;37.0;67.0;11.0;168.0;653.0;500.0;247.0;19.0;28.0;396.0;38.0;3.0;0.0;2019_2020
489993;875661;22349;Jorge Toledo;23;Perú;Lateral derecho;CA Mannucci;165.0;2.0;2.0;0.0;1.0;0.0;1.0;0.0;0.0;0.0;0.0;0.0;1.0;0.0;0.0;0.0;0.0;5.0;4.0;6.0;0.0;0.0;6.0;1.0;3.0;7.0;79.0;58.0;6.0;3.0;2.0;29.0;1.0;0.0;0.0;2019_2020
458461;1020999;22349;José Rivera;22;Perú;Delantero centro;Unión Comercio;1571.0;32.0;14.0;4.0;49.0;17.0;26.0;6.0;5.0;35.0;7.0;8.0;34.0;2.0;0.0;0.0;7.0;12.0;8.0;1.0;10.0;0.0;28.0;28.0;15.0;73.0;399.0;323.0;147.0;7.0;6.0;196.0;20.0;4.0;0.0;2019_2020
194841;258793;22349;Iván Bulos;26;Perú;Delantero centro;Hajduk Split;353.0;4.0;4.0;1.0;8.0;2.0;3.0;3.0;1.0;2.0;1.0;0.0;0.0;0.0;0.0;0.0;1.0;0.0;0.0;2.0;2.0;0.0;6.0;7.0;9.0;5.0;53.0;42.0;9.0;2.0;0.0;22.0;6.0;0.0;0.0;2019_2020
72680;13532;22349;Luis Ramírez;34;Perú;Mediocentro ofensivo;Alianza Lima;1890.0;32.0;19.0;2.0;29.0;8.0;11.0;10.0;4.0;36.0;4.0;2.0;21.0;0.0;0.0;0.0;4.0;32.0;11.0;9.0;22.0;0.0;43.0;42.0;35.0;91.0;922.0;759.0;252.0;46.0;10.0;269.0;22.0;8.0;1.0;2019_2020
72673;883342;22349;Adrián Zela;30;Perú;Defensa central;Dep. Municipal;1440.0;16.0;16.0;1.0;17.0;8.0;8.0;1.0;1.0;2.0;0.0;1.0;0.0;0.0;0.0;0.0;2.0;17.0;9.0;66.0;16.0;1.0;27.0;7.0;63.0;24.0;617.0;458.0;59.0;70.0;1.0;176.0;0.0;7.0;0.0;2019_2020
72659;33985;22349;Adán Balbín;32;Perú;Defensa central;Cusco FC;1448.0;17.0;16.0;3.0;16.0;8.0;5.0;3.0;0.0;2.0;1.0;5.0;0.0;0.0;0.0;0.0;3.0;4.0;13.0;93.0;6.0;0.0;8.0;7.0;30.0;10.0;365.0;228.0;61.0;85.0;0.0;146.0;2.0;1.0;0.0;2019_2020
168974;842529;22349;Claudio Torrejón;26;Perú;Pivote;Sport Huancayo;1606.0;20.0;18.0;1.0;7.0;2.0;3.0;2.0;0.0;8.0;2.0;1.0;4.0;0.0;0.0;0.0;1.0;50.0;35.0;28.0;28.0;0.0;41.0;29.0;41.0;78.0;531.0;401.0;91.0;29.0;1.0;169.0;10.0;5.0;1.0;2019_2020
187161;560054;22349;Hansell Riojas;27;Perú;Defensa central;Alianza Lima;2066.0;23.0;23.0;0.0;11.0;3.0;6.0;2.0;2.0;10.0;3.0;0.0;7.0;0.0;0.0;0.0;0.0;35.0;39.0;83.0;12.0;2.0;36.0;17.0;46.0;58.0;894.0;677.0;73.0;82.0;2.0;261.0;4.0;10.0;2.0;2019_2020
226951;311418;22349;Nicolás Raguso;27;Uruguay;Lateral izquierdo;Pirata FC;1013.0;16.0;14.0;0.0;13.0;5.0;6.0;2.0;2.0;10.0;2.0;0.0;5.0;0.0;0.0;0.0;0.0;16.0;11.0;26.0;16.0;0.0;19.0;1.0;7.0;22.0;364.0;291.0;66.0;41.0;7.0;135.0;9.0;4.0;0.0;2019_2020
249978;590480;22349;Niger Vega;25;Perú;Mediocentro ofensivo;CA Mannucci;562.0;12.0;7.0;2.0;11.0;4.0;6.0;1.0;1.0;10.0;1.0;0.0;16.0;0.0;2.0;1.0;0.0;10.0;5.0;5.0;12.0;0.0;18.0;11.0;5.0;36.0;260.0;202.0;58.0;4.0;6.0;109.0;25.0;4.0;0.0;2019_2020
37999;18848;22349;Daniel Chávez;31;Perú;Delantero centro;Universitario;321.0;8.0;2.0;1.0;6.0;1.0;2.0;3.0;2.0;6.0;0.0;2.0;2.0;0.0;0.0;0.0;3.0;1.0;1.0;1.0;3.0;0.0;5.0;5.0;12.0;8.0;117.0;84.0;25.0;3.0;0.0;54.0;7.0;1.0;0.0;2019_2020
216280;312274;22349;Christian Adrianzén;25;Perú;Extremo derecho;Unión Comercio;804.0;17.0;9.0;0.0;11.0;3.0;4.0;4.0;3.0;11.0;2.0;2.0;20.0;0.0;0.0;0.0;7.0;7.0;1.0;0.0;2.0;0.0;9.0;15.0;1.0;42.0;228.0;177.0;67.0;11.0;10.0;143.0;13.0;1.0;0.0;2019_2020
477384;883393;22349;Keyvin Paico;24;Perú;Pivote;AD Cantolao;106.0;5.0;0.0;1.0;1.0;1.0;0.0;0.0;0.0;0.0;0.0;0.0;0.0;0.0;0.0;0.0;0.0;3.0;0.0;0.0;2.0;0.0;1.0;0.0;1.0;3.0;70.0;60.0;9.0;8.0;0.0;18.0;3.0;1.0;1.0;2019_2020
52358;19110;22349;Alexander Sánchez;35;Perú;Mediocentro ofensivo;César Vallejo;737.0;31.0;0.0;2.0;6.0;4.0;1.0;1.0;0.0;18.0;2.0;0.0;28.0;0.0;0.0;0.0;1.0;11.0;2.0;7.0;4.0;0.0;19.0;14.0;3.0;53.0;294.0;231.0;93.0;9.0;8.0;163.0;19.0;4.0;0.0;2019_2020
63183;24651;24014;Humberto Mendoza;34;Colombia;Defensa central;Envigado;1080.0;12.0;12.0;1.0;9.0;4.0;4.0;1.0;1.0;2.0;1.0;0.0;0.0;0.0;0.0;0.0;0.0;10.0;10.0;47.0;4.0;0.0;15.0;2.0;21.0;12.0;406.0;317.0;27.0;72.0;0.0;91.0;1.0;2.0;0.0;2019_2020
383611;831182;22349;Arly Benites;22;Perú;Extremo izquierdo;César Vallejo;1087.0;21.0;8.0;0.0;15.0;5.0;7.0;3.0;0.0;15.0;2.0;4.0;28.0;0.0;0.0;0.0;7.0;13.0;8.0;4.0;8.0;0.0;12.0;22.0;4.0;61.0;376.0;291.0;130.0;3.0;8.0;177.0;24.0;0.0;0.0;2019_2020
213628;222780;19990;Rubert Quijada;30;Venezuela;Defensa central;Caracas FC;269.0;3.0;3.0;0.0;0.0;0.0;0.0;0.0;0.0;0.0;0.0;0.0;0.0;0.0;0.0;0.0;0.0;3.0;1.0;16.0;1.0;0.0;0.0;5.0;8.0;7.0;53.0;35.0;1.0;1.0;0.0;18.0;0.0;1.0;0.0;2019_2020
235508;982178;22349;Alexi Gómez;26;Perú;Lateral izquierdo;FBC Melgar;1121.0;18.0;13.0;0.0;27.0;9.0;11.0;7.0;1.0;18.0;2.0;1.0;12.0;0.0;1.0;0.0;6.0;27.0;12.0;12.0;13.0;0.0;22.0;25.0;10.0;64.0;512.0;391.0;130.0;27.0;10.0;258.0;24.0;11.0;0.0;2019_2020
159778;146615;22349;Federico Rodríguez;28;Uruguay;Delantero centro;Danubio FC;1257.0;17.0;15.0;8.0;38.0;16.0;20.0;2.0;3.0;15.0;1.0;5.0;9.0;2.0;1.0;1.0;7.0;16.0;2.0;12.0;16.0;0.0;30.0;32.0;36.0;55.0;240.0;168.0;64.0;5.0;1.0;123.0;15.0;5.0;0.0;2019_2020
72969;34016;22328;Josepmir Ballón;31;Perú;Pivote;U. Concepción;1278.0;18.0;14.0;1.0;16.0;6.0;6.0;4.0;1.0;9.0;1.0;1.0;21.0;0.0;0.0;0.0;1.0;20.0;10.0;9.0;12.0;0.0;8.0;3.0;9.0;44.0;751.0;646.0;141.0;31.0;1.0;177.0;24.0;0.0;1.0;2019_2020
252209;368422;22328;Adrián Balboa;25;Uruguay;Delantero centro;Belgrano;688.0;13.0;7.0;3.0;19.0;9.0;9.0;1.0;1.0;6.0;1.0;5.0;5.0;1.0;1.0;1.0;8.0;7.0;2.0;6.0;7.0;0.0;12.0;7.0;47.0;19.0;160.0;92.0;39.0;2.0;1.0;132.0;15.0;1.0;1.0;2019_2020
335720;876943;16007;Aurelio Gonzales-Vigil;23;Perú;Delantero centro;Unión Huaral;717.0;22.0;6.0;2.0;17.0;4.0;10.0;3.0;1.0;9.0;3.0;2.0;14.0;0.0;0.0;0.0;13.0;12.0;3.0;5.0;10.0;0.0;21.0;11.0;6.0;36.0;217.0;167.0;70.0;7.0;6.0;107.0;18.0;3.0;0.0;2019_2020
278362;339179;22349;Álvaro Medrano;23;Perú;Extremo izquierdo;César Vallejo;32.0;4.0;0.0;0.0;0.0;0.0;0.0;0.0;1.0;2.0;0.0;0.0;1.0;0.0;0.0;0.0;1.0;0.0;1.0;2.0;0.0;0.0;2.0;1.0;1.0;2.0;17.0;13.0;4.0;0.0;0.0;13.0;0.0;0.0;0.0;2019_2020
73780;38171;22349;Carlos Preciado;34;Colombia;Delantero centro;Ayacucho FC;1907.0;30.0;21.0;5.0;81.0;18.0;41.0;22.0;4.0;37.0;5.0;4.0;44.0;3.0;0.0;0.0;6.0;16.0;11.0;7.0;12.0;0.0;37.0;50.0;22.0;110.0;613.0;484.0;182.0;27.0;14.0;336.0;47.0;4.0;1.0;2019_2020
320749;385418;22349;Joaquín Aguirre;23;Perú;Lateral izquierdo;Unión Huaral;53.0;1.0;1.0;0.0;0.0;0.0;0.0;0.0;0.0;0.0;0.0;0.0;0.0;0.0;0.0;0.0;0.0;0.0;0.0;1.0;0.0;0.0;1.0;2.0;0.0;2.0;26.0;23.0;7.0;0.0;0.0;4.0;0.0;0.0;0.0;2019_2020
214810;339527;16007;Cord Cleque;32;Perú;Lateral derecho;Comerciantes;1581.0;19.0;18.0;1.0;10.0;3.0;3.0;4.0;1.0;8.0;0.0;0.0;8.0;0.0;0.0;0.0;6.0;28.0;32.0;40.0;17.0;0.0;22.0;21.0;9.0;55.0;541.0;421.0;103.0;42.0;15.0;220.0;8.0;4.0;0.0;2019_2020
82571;38006;22349;Raúl Fernández;33;Perú;Portero;César Vallejo;2430.0;27.0;27.0;0.0;0.0;0.0;0.0;0.0;0.0;0.0;0.0;0.0;0.0;0.0;0.0;0.0;0.0;0.0;2.0;13.0;0.0;0.0;1.0;3.0;8.0;1.0;652.0;412.0;15.0;152.0;1.0;247.0;0.0;2.0;0.0;2019_2020
195892;147517;22349;Josué Rodríguez;26;Perú;Lateral izquierdo;Sport Boys;869.0;10.0;10.0;0.0;4.0;0.0;3.0;1.0;0.0;5.0;1.0;2.0;1.0;0.0;0.0;0.0;0.0;27.0;19.0;27.0;8.0;0.0;26.0;7.0;7.0;35.0;229.0;137.0;43.0;46.0;3.0;144.0;2.0;4.0;0.0;2019_2020
351561;831183;22349;Carlo Diez;23;Perú;Pivote;FBC Melgar;518.0;10.0;6.0;0.0;5.0;2.0;0.0;3.0;0.0;6.0;1.0;0.0;7.0;0.0;0.0;0.0;0.0;15.0;3.0;5.0;5.0;0.0;6.0;4.0;4.0;26.0;250.0;210.0;32.0;15.0;0.0;51.0;4.0;1.0;1.0;2019_2020
250051;358200;22349;Diego Chávez;26;Perú;Lateral derecho;José Gálvez;55.0;1.0;1.0;0.0;1.0;0.0;1.0;0.0;0.0;0.0;0.0;1.0;1.0;0.0;0.0;0.0;0.0;0.0;0.0;0.0;2.0;0.0;2.0;1.0;0.0;2.0;9.0;8.0;0.0;0.0;0.0;5.0;0.0;0.0;0.0;2019_2020
353196;886579;15995;Ángelo Pizzorno;27;Uruguay;Defensa central;Burgos CF;1344.0;16.0;16.0;0.0;7.0;2.0;4.0;1.0;0.0;1.0;0.0;2.0;8.0;0.0;0.0;0.0;0.0;17.0;32.0;93.0;6.0;0.0;13.0;8.0;39.0;33.0;492.0;379.0;31.0;46.0;0.0;128.0;1.0;2.0;1.0;2019_2020
216291;925308;22349;Junior Aguirre;27;Perú;Extremo izquierdo;Pirata FC;2051.0;25.0;24.0;3.0;56.0;19.0;24.0;13.0;0.0;57.0;10.0;5.0;100.0;0.0;0.0;0.0;6.0;14.0;7.0;5.0;28.0;0.0;29.0;80.0;9.0;194.0;776.0;639.0;251.0;35.0;35.0;439.0;64.0;8.0;0.0;2019_2020
94364;946014;16007;Miguel Curiel;31;Perú;Delantero centro;Stgo. Morning;972.0;17.0;10.0;5.0;41.0;14.0;18.0;9.0;0.0;11.0;1.0;5.0;5.0;0.0;1.0;1.0;11.0;16.0;3.0;10.0;4.0;0.0;19.0;20.0;42.0;37.0;197.0;126.0;56.0;6.0;5.0;136.0;13.0;2.0;0.0;2019_2020
90083;974455;20160;Víctor Aquino;33;Paraguay;Delantero centro;Dep. La Guaira;464.0;12.0;6.0;0.0;14.0;1.0;11.0;2.0;0.0;9.0;2.0;2.0;2.0;0.0;0.0;0.0;2.0;2.0;0.0;3.0;4.0;0.0;12.0;10.0;33.0;12.0;122.0;77.0;40.0;3.0;2.0;70.0;12.0;0.0;0.0;2019_2020
260093;882838;22349;David Díaz;28;Perú;Lateral izquierdo;UTC;1734.0;22.0;19.0;0.0;3.0;0.0;1.0;2.0;1.0;15.0;2.0;0.0;6.0;0.0;0.0;0.0;1.0;22.0;17.0;37.0;13.0;0.0;27.0;14.0;12.0;41.0;430.0;293.0;85.0;37.0;11.0;274.0;9.0;3.0;0.0;2019_2020
95852;123238;22349;Luis Álvarez;29;Perú;Pivote;CA Mannucci;1225.0;17.0;13.0;0.0;14.0;3.0;10.0;1.0;0.0;9.0;1.0;0.0;12.0;0.0;0.0;0.0;0.0;28.0;21.0;27.0;21.0;1.0;26.0;13.0;14.0;51.0;475.0;389.0;65.0;27.0;0.0;122.0;10.0;4.0;1.0;2019_2020
180911;789965;22349;João Ortiz;28;Perú;Lateral izquierdo;Cusco FC;1344.0;17.0;15.0;0.0;24.0;4.0;14.0;6.0;1.0;15.0;3.0;0.0;17.0;0.0;0.0;0.0;0.0;42.0;18.0;16.0;15.0;0.0;29.0;31.0;14.0;88.0;544.0;404.0;116.0;52.0;18.0;248.0;9.0;5.0;1.0;2019_2020
100501;247951;16007;Jaime Vásquez;28;Perú;Lateral derecho;Sport Loreto;1065.0;14.0;12.0;0.0;4.0;0.0;3.0;1.0;0.0;2.0;0.0;0.0;10.0;0.0;0.0;0.0;0.0;25.0;27.0;21.0;13.0;1.0;18.0;17.0;14.0;52.0;364.0;291.0;48.0;9.0;1.0;122.0;9.0;5.0;0.0;2019_2020
30543;13527;16044;Alberto Rodríguez;35;Perú;Defensa central;Universitario;405.0;5.0;5.0;0.0;0.0;0.0;0.0;0.0;0.0;0.0;0.0;0.0;0.0;0.0;0.0;0.0;0.0;3.0;16.0;28.0;0.0;0.0;4.0;4.0;14.0;7.0;195.0;179.0;7.0;15.0;0.0;17.0;0.0;1.0;0.0;2019_2020
120964;578352;11256;Mauro Guevgeozián;33;Armenia;Delantero centro;Temperley;806.0;10.0;10.0;6.0;30.0;12.0;15.0;3.0;1.0;6.0;1.0;3.0;1.0;2.0;1.0;1.0;5.0;7.0;2.0;15.0;4.0;0.0;15.0;17.0;25.0;24.0;134.0;78.0;24.0;4.0;0.0;0.0;6.0;3.0;0.0;2019_2020
120964;578352;18113;Mauro Guevgeozián;33;Armenia;Delantero centro;Temperley;;;;;;;;;;;;;;;;;;;;;;;;;;;;;;;;;;;;2019_2020
30543;13527;16007;Alberto Rodríguez;35;Perú;Defensa central;Universitario;479.0;6.0;6.0;0.0;0.0;0.0;0.0;0.0;0.0;1.0;1.0;0.0;1.0;0.0;0.0;0.0;0.0;8.0;11.0;17.0;2.0;0.0;9.0;13.0;17.0;21.0;251.0;219.0;15.0;18.0;0.0;38.0;2.0;0.0;0.0;2019_2020
82589;133862;27096;Írven Ávila;29;Perú;Delantero centro;FBC Melgar;1198.0;24.0;14.0;5.0;37.0;13.0;17.0;7.0;2.0;19.0;4.0;7.0;14.0;0.0;0.0;0.0;30.0;8.0;2.0;7.0;4.0;0.0;23.0;29.0;32.0;47.0;438.0;342.0;152.0;7.0;4.0;175.0;16.0;2.0;0.0;2020_2021
267638;790008;26785;Marcos Riquelme;32;Argentina;Delantero centro;Bolívar;360.0;4.0;4.0;3.0;21.0;8.0;10.0;3.0;0.0;1.0;0.0;3.0;2.0;0.0;0.0;0.0;8.0;1.0;2.0;2.0;3.0;0.0;4.0;2.0;8.0;5.0;47.0;30.0;12.0;2.0;1.0;26.0;0.0;0.0;0.0;2020_2021
267638;790008;26788;Marcos Riquelme;32;Argentina;Delantero centro;Bolívar;359.0;4.0;4.0;3.0;19.0;7.0;9.0;3.0;0.0;6.0;1.0;1.0;4.0;0.0;0.0;0.0;0.0;2.0;0.0;3.0;1.0;0.0;5.0;4.0;20.0;10.0;70.0;45.0;21.0;1.0;0.0;42.0;1.0;1.0;0.0;2020_2021
212434;830663;27096;Alejandro Hohberg;28;Perú;Extremo izquierdo;Universitario;2113.0;26.0;24.0;13.0;84.0;32.0;35.0;17.0;7.0;44.0;9.0;2.0;20.0;1.0;7.0;6.0;15.0;28.0;10.0;6.0;9.0;0.0;29.0;49.0;13.0;97.0;802.0;621.0;292.0;47.0;39.0;431.0;26.0;3.0;1.0;2020_2021
100497;46980;22328;Alejandro González;32;Uruguay;Defensa central;Defensor SC;572.0;7.0;7.0;0.0;0.0;0.0;0.0;0.0;0.0;0.0;0.0;0.0;2.0;0.0;0.0;0.0;0.0;7.0;14.0;23.0;3.0;0.0;3.0;5.0;15.0;13.0;275.0;212.0;15.0;23.0;0.0;70.0;0.0;1.0;0.0;2020_2021
207246;249403;25114;Martín Pérez Guedes;28;Argentina;Mediocentro;Gimnasia (J);815.0;18.0;7.0;3.0;24.0;8.0;11.0;5.0;2.0;12.0;0.0;2.0;18.0;1.0;2.0;2.0;1.0;5.0;11.0;4.0;3.0;1.0;10.0;17.0;9.0;40.0;491.0;410.0;113.0;34.0;7.0;155.0;7.0;4.0;0.0;2020_2021
814240;931227;26956;Carlos Monges;23;Paraguay;Delantero centro;3 de Febrero;329.0;9.0;4.0;1.0;9.0;4.0;5.0;0.0;0.0;9.0;0.0;3.0;1.0;0.0;0.0;0.0;1.0;1.0;0.0;3.0;1.0;0.0;3.0;6.0;4.0;8.0;68.0;56.0;21.0;0.0;0.0;29.0;3.0;0.0;0.0;2020_2021
443987;883743;27096;Junior Huerto;21;Perú;Lateral izquierdo;Sport. Cristal;344.0;7.0;5.0;0.0;0.0;0.0;0.0;0.0;1.0;1.0;0.0;0.0;1.0;0.0;0.0;0.0;0.0;11.0;3.0;5.0;7.0;1.0;7.0;2.0;4.0;14.0;177.0;142.0;32.0;14.0;0.0;56.0;1.0;1.0;0.0;2020_2021
621023;975924;27096;José Inga;20;Perú;Pivote;Sport. Cristal;194.0;8.0;3.0;0.0;1.0;0.0;0.0;1.0;0.0;3.0;0.0;0.0;0.0;0.0;0.0;0.0;1.0;3.0;1.0;1.0;1.0;0.0;9.0;10.0;1.0;13.0;78.0;66.0;22.0;3.0;0.0;29.0;8.0;1.0;0.0;2020_2021
224670;339177;22349;Rodrigo Cuba;28;Perú;Lateral derecho;Morelia;1047.0;17.0;11.0;2.0;11.0;3.0;7.0;1.0;3.0;19.0;3.0;1.0;4.0;0.0;0.0;0.0;3.0;23.0;18.0;24.0;9.0;0.0;13.0;8.0;37.0;34.0;354.0;260.0;65.0;24.0;8.0;172.0;2.0;1.0;0.0;2020_2021
330687;790021;27096;Carlos Grados;25;Perú;Portero;Carlos Stein;990.0;11.0;11.0;0.0;0.0;0.0;0.0;0.0;0.0;0.0;0.0;0.0;0.0;0.0;0.0;0.0;0.0;0.0;2.0;9.0;0.0;0.0;0.0;1.0;1.0;0.0;219.0;124.0;10.0;67.0;0.0;100.0;0.0;2.0;0.0;2020_2021
73705;249599;27096;Donald Millán;34;Colombia;Mediocentro ofensivo;Universitario;1933.0;27.0;23.0;4.0;39.0;12.0;18.0;9.0;1.0;32.0;4.0;2.0;17.0;0.0;2.0;2.0;2.0;29.0;13.0;15.0;23.0;0.0;43.0;50.0;19.0;96.0;1083.0;866.0;338.0;70.0;16.0;365.0;41.0;2.0;1.0;2020_2021
279057;974136;27096;Beto da Silva;23;Perú;Extremo izquierdo;Alianza Lima;315.0;10.0;2.0;0.0;11.0;2.0;6.0;3.0;0.0;2.0;0.0;2.0;8.0;0.0;0.0;0.0;1.0;6.0;2.0;0.0;0.0;0.0;11.0;7.0;8.0;21.0;84.0;59.0;36.0;4.0;1.0;43.0;6.0;0.0;0.0;2020_2021
216800;324943;26951;Patricio Rubio;31;Chile;Delantero centro;Everton;691.0;8.0;8.0;2.0;20.0;6.0;8.0;6.0;1.0;11.0;1.0;3.0;4.0;0.0;0.0;0.0;4.0;2.0;1.0;4.0;9.0;0.0;9.0;16.0;13.0;21.0;231.0;170.0;85.0;10.0;1.0;115.0;14.0;1.0;0.0;2020_2021
208714;832001;27096;Arley Rodríguez;27;Colombia;Extremo derecho;CA Mannucci;1882.0;22.0;21.0;4.0;35.0;10.0;14.0;11.0;1.0;24.0;4.0;4.0;14.0;3.0;0.0;0.0;8.0;11.0;16.0;28.0;14.0;0.0;30.0;68.0;33.0;92.0;550.0;418.0;147.0;12.0;6.0;281.0;31.0;3.0;0.0;2020_2021
279387;339475;27096;José Manzaneda;25;Perú;Extremo izquierdo;La Serena;745.0;15.0;8.0;1.0;18.0;6.0;6.0;6.0;0.0;18.0;0.0;0.0;14.0;1.0;1.0;1.0;4.0;7.0;5.0;1.0;3.0;0.0;13.0;20.0;4.0;40.0;333.0;269.0;108.0;9.0;16.0;141.0;11.0;4.0;0.0;2020_2021
76717;249305;27096;Pablo Míguez;33;Uruguay;Defensa central;FBC Melgar;1833.0;22.0;20.0;0.0;18.0;6.0;8.0;4.0;1.0;4.0;1.0;2.0;6.0;0.0;0.0;0.0;0.0;32.0;22.0;61.0;12.0;0.0;22.0;24.0;59.0;59.0;950.0;797.0;89.0;55.0;2.0;185.0;8.0;7.0;1.0;2020_2021
338977;883406;27096;Yordi Vílchez;25;Perú;Defensa central;Cusco FC;597.0;8.0;7.0;1.0;7.0;2.0;4.0;1.0;0.0;2.0;1.0;1.0;0.0;0.0;0.0;0.0;0.0;11.0;14.0;20.0;6.0;0.0;15.0;2.0;17.0;12.0;203.0;145.0;16.0;25.0;0.0;63.0;0.0;2.0;0.0;2020_2021
582098;924787;27096;Jefferson Portales;22;Perú;Defensa central;U. San Martín;1090.0;16.0;11.0;0.0;6.0;1.0;5.0;0.0;0.0;2.0;1.0;2.0;2.0;0.0;0.0;0.0;4.0;14.0;11.0;68.0;7.0;0.0;5.0;10.0;28.0;25.0;566.0;463.0;33.0;59.0;0.0;111.0;5.0;2.0;0.0;2020_2021
653364;973682;27096;Ricardo Lagos;24;Perú;Lateral izquierdo;CA Mannucci;1984.0;27.0;21.0;5.0;42.0;16.0;18.0;8.0;1.0;32.0;1.0;5.0;21.0;0.0;5.0;3.0;4.0;49.0;26.0;17.0;21.0;0.0;34.0;39.0;31.0;108.0;867.0;648.0;201.0;54.0;24.0;361.0;26.0;3.0;0.0;2020_2021
516242;914294;27096;Edhu Oliva;24;Perú;Mediocentro;Sport. Cristal;1419.0;22.0;17.0;3.0;20.0;9.0;5.0;6.0;6.0;51.0;8.0;3.0;18.0;0.0;2.0;1.0;3.0;23.0;6.0;5.0;13.0;0.0;21.0;33.0;11.0;73.0;874.0;738.0;289.0;70.0;28.0;263.0;25.0;4.0;0.0;2020_2021
214719;220929;27096;Carlos Beltrán;29;Argentina;Pivote;Alianza Lima;1305.0;16.0;15.0;1.0;13.0;2.0;10.0;1.0;0.0;2.0;0.0;1.0;9.0;1.0;0.0;0.0;0.0;19.0;20.0;30.0;7.0;1.0;23.0;27.0;41.0;54.0;762.0;630.0;79.0;78.0;1.0;154.0;6.0;5.0;0.0;2020_2021
94735;311734;27096;Marcos Delgado;32;Perú;Defensa central;Sport Huancayo;1230.0;17.0;16.0;0.0;11.0;1.0;7.0;3.0;0.0;7.0;0.0;2.0;3.0;0.0;0.0;0.0;2.0;24.0;28.0;45.0;22.0;0.0;18.0;11.0;30.0;37.0;517.0;347.0;55.0;76.0;2.0;186.0;4.0;2.0;0.0;2020_2021
94761;883299;27096;Janio Pósito;30;Perú;Delantero centro;Cusco FC;576.0;17.0;6.0;4.0;18.0;8.0;8.0;2.0;1.0;9.0;0.0;4.0;3.0;0.0;3.0;2.0;7.0;3.0;0.0;4.0;3.0;0.0;13.0;20.0;7.0;25.0;159.0;119.0;52.0;4.0;0.0;69.0;6.0;0.0;0.0;2020_2021
155041;123904;27096;Othoniel Arce;30;México;Delantero centro;FBC Melgar;1889.0;26.0;21.0;13.0;70.0;33.0;30.0;7.0;2.0;44.0;6.0;4.0;20.0;0.0;1.0;1.0;23.0;13.0;7.0;14.0;12.0;0.0;31.0;21.0;40.0;54.0;685.0;534.0;243.0;17.0;9.0;284.0;35.0;3.0;1.0;2020_2021
94450;994148;27096;Carlos Olascuaga;27;Perú;Extremo izquierdo;Universitario;1299.0;23.0;15.0;7.0;45.0;17.0;19.0;9.0;4.0;16.0;4.0;0.0;12.0;0.0;0.0;0.0;5.0;21.0;12.0;10.0;12.0;0.0;35.0;38.0;10.0;70.0;336.0;264.0;112.0;6.0;2.0;186.0;33.0;5.0;0.0;2020_2021
196037;340077;26951;Pablo Lavandeira;30;Uruguay;Mediocentro ofensivo;Universitario;718.0;16.0;5.0;3.0;19.0;7.0;6.0;6.0;2.0;15.0;3.0;0.0;5.0;0.0;1.0;1.0;2.0;12.0;6.0;5.0;4.0;0.0;10.0;10.0;3.0;27.0;149.0;106.0;50.0;5.0;1.0;93.0;9.0;2.0;0.0;2020_2021
483713;882860;27096;Luis Carranza;21;Perú;Extremo derecho;Sport. Cristal;817.0;20.0;8.0;1.0;34.0;14.0;15.0;5.0;2.0;14.0;1.0;3.0;15.0;0.0;0.0;0.0;4.0;11.0;9.0;1.0;1.0;0.0;20.0;29.0;8.0;55.0;233.0;173.0;70.0;11.0;8.0;129.0;16.0;3.0;0.0;2020_2021
275266;339171;27096;Ítalo Regalado;24;Perú;Extremo derecho;Dep. Municipal;841.0;22.0;9.0;1.0;15.0;8.0;6.0;1.0;0.0;11.0;2.0;1.0;4.0;1.0;0.0;0.0;6.0;23.0;6.0;8.0;13.0;0.0;23.0;18.0;23.0;45.0;219.0;147.0;63.0;1.0;3.0;127.0;9.0;2.0;0.0;2020_2021
279380;883343;27096;Aldair Salazar;25;Perú;Defensa central;Alianza Lima;1368.0;18.0;15.0;0.0;7.0;2.0;5.0;0.0;0.0;6.0;1.0;0.0;1.0;0.0;0.0;0.0;1.0;15.0;33.0;26.0;12.0;1.0;22.0;18.0;12.0;31.0;614.0;463.0;73.0;51.0;8.0;211.0;9.0;7.0;1.0;2020_2021
330690;805068;27096;Enmanuel Páucar;23;Perú;Pivote;Universitario;532.0;10.0;7.0;0.0;1.0;0.0;1.0;0.0;0.0;1.0;0.0;0.0;4.0;0.0;0.0;0.0;0.0;6.0;4.0;7.0;3.0;0.0;9.0;11.0;5.0;21.0;237.0;203.0;24.0;20.0;0.0;51.0;1.0;3.0;0.0;2020_2021
90506;33798;26951;Enzo Gutiérrez;34;Argentina;Delantero centro;Wanderers;1715.0;27.0;20.0;13.0;42.0;18.0;16.0;8.0;0.0;15.0;0.0;6.0;5.0;2.0;8.0;7.0;12.0;8.0;3.0;11.0;3.0;0.0;25.0;28.0;40.0;38.0;362.0;263.0;89.0;4.0;0.0;167.0;14.0;2.0;2.0;2020_2021
738716;1016972;27096;Álex Valera;24;Perú;Delantero centro;Llacuabamba;1576.0;18.0;19.0;9.0;67.0;30.0;29.0;8.0;4.0;14.0;5.0;5.0;18.0;0.0;1.0;1.0;21.0;12.0;7.0;7.0;4.0;1.0;35.0;28.0;64.0;55.0;479.0;359.0;118.0;21.0;5.0;229.0;34.0;4.0;1.0;2020_2021
486265;882839;27096;Jorge Murrugarra;23;Perú;Pivote;Ayacucho FC;1863.0;27.0;20.0;0.0;8.0;1.0;3.0;4.0;3.0;11.0;3.0;0.0;11.0;0.0;0.0;0.0;1.0;58.0;37.0;34.0;24.0;0.0;65.0;32.0;32.0;101.0;825.0;653.0;125.0;78.0;3.0;228.0;18.0;6.0;1.0;2020_2021
486641;879628;27096;Jordan Guivin;22;Perú;Mediocentro;U. San Martín;1948.0;22.0;23.0;7.0;51.0;19.0;21.0;11.0;0.0;23.0;3.0;1.0;18.0;0.0;0.0;0.0;4.0;28.0;28.0;18.0;9.0;0.0;34.0;55.0;13.0;99.0;973.0;804.0;229.0;91.0;8.0;260.0;19.0;5.0;0.0;2020_2021
483714;883296;27096;Kevin Sandoval;23;Perú;Extremo izquierdo;Sport. Cristal;1126.0;24.0;14.0;4.0;22.0;8.0;9.0;5.0;1.0;23.0;3.0;1.0;17.0;1.0;0.0;0.0;1.0;20.0;8.0;7.0;3.0;0.0;18.0;29.0;9.0;65.0;438.0;357.0;138.0;14.0;14.0;197.0;24.0;1.0;0.0;2020_2021
187161;560054;27096;Hansell Riojas;28;Perú;Defensa central;Sport Boys;1750.0;21.0;19.0;1.0;11.0;5.0;4.0;2.0;1.0;7.0;2.0;0.0;5.0;0.0;0.0;0.0;0.0;24.0;45.0;79.0;15.0;0.0;15.0;12.0;42.0;41.0;771.0;578.0;98.0;119.0;4.0;226.0;3.0;5.0;0.0;2020_2021
740319;1016974;27096;Ayrthon Quintana;19;Perú;Lateral izquierdo;Carlos Stein;200.0;3.0;2.0;0.0;1.0;0.0;1.0;0.0;0.0;2.0;0.0;0.0;1.0;0.0;0.0;0.0;0.0;4.0;2.0;2.0;3.0;0.0;2.0;0.0;2.0;5.0;42.0;36.0;16.0;3.0;0.0;14.0;0.0;0.0;0.0;2020_2021
325726;846366;22349;Adrián Ugarriza;23;Perú;Delantero centro;York United;515.0;13.0;4.0;0.0;9.0;2.0;5.0;2.0;0.0;0.0;0.0;2.0;10.0;1.0;1.0;0.0;5.0;6.0;1.0;5.0;4.0;0.0;14.0;10.0;15.0;26.0;149.0;110.0;36.0;1.0;0.0;91.0;12.0;2.0;0.0;2020_2021
357124;805366;27096;Oshiro Takeuchi;25;Perú;Extremo derecho;Atlético Grau;621.0;12.0;7.0;2.0;18.0;4.0;12.0;2.0;0.0;3.0;0.0;3.0;10.0;2.0;0.0;0.0;2.0;8.0;3.0;6.0;5.0;0.0;11.0;13.0;3.0;30.0;159.0;134.0;44.0;1.0;1.0;70.0;11.0;2.0;0.0;2020_2021
194999;248059;27096;Raziel García;26;Perú;Mediocentro ofensivo;César Vallejo;863.0;18.0;8.0;0.0;15.0;7.0;5.0;3.0;3.0;28.0;4.0;2.0;21.0;0.0;0.0;0.0;0.0;16.0;4.0;0.0;7.0;0.0;13.0;7.0;7.0;44.0;502.0;401.0;174.0;38.0;14.0;188.0;28.0;2.0;0.0;2020_2021
250915;358194;27096;Koichi Aparicio;28;Perú;Defensa central;UTC;1615.0;19.0;19.0;1.0;8.0;2.0;5.0;1.0;0.0;3.0;0.0;3.0;2.0;0.0;0.0;0.0;0.0;25.0;25.0;67.0;11.0;0.0;25.0;12.0;37.0;39.0;487.0;347.0;34.0;70.0;0.0;154.0;2.0;2.0;0.0;2020_2021
120964;578352;27096;Mauro Guevgeozián;34;Armenia;Delantero centro;UTC;2188.0;25.0;25.0;15.0;81.0;32.0;36.0;13.0;5.0;23.0;5.0;8.0;4.0;1.0;7.0;6.0;25.0;15.0;5.0;32.0;5.0;1.0;36.0;20.0;42.0;38.0;417.0;276.0;108.0;19.0;3.0;219.0;22.0;8.0;0.0;2020_2021
202906;339657;22349;Felipe Rodríguez;30;Uruguay;Extremo izquierdo;Aldosivi;2030.0;32.0;25.0;8.0;41.0;22.0;12.0;7.0;7.0;56.0;11.0;9.0;44.0;2.0;8.0;5.0;2.0;46.0;9.0;6.0;32.0;0.0;24.0;47.0;8.0;137.0;709.0;538.0;220.0;33.0;50.0;414.0;26.0;5.0;0.0;2020_2021
494597;922869;27096;Jesús Barco;23;Perú;Pivote;Universitario;1319.0;23.0;13.0;1.0;17.0;2.0;12.0;3.0;3.0;12.0;4.0;1.0;12.0;0.0;0.0;0.0;0.0;52.0;26.0;18.0;15.0;0.0;41.0;24.0;22.0;88.0;631.0;490.0;140.0;62.0;2.0;199.0;14.0;9.0;0.0;2020_2021
108331;47449;27096;Luis García;32;Perú;Mediocentro ofensivo;Cienciano;1712.0;22.0;21.0;6.0;42.0;13.0;20.0;9.0;6.0;57.0;5.0;1.0;18.0;0.0;1.0;1.0;5.0;29.0;14.0;1.0;25.0;0.0;31.0;68.0;24.0;111.0;981.0;719.0;284.0;69.0;33.0;453.0;33.0;7.0;0.0;2020_2021
492973;862216;27096;Renzo Alfani;24;Argentina;Defensa central;Dep. Municipal;1339.0;16.0;16.0;2.0;21.0;6.0;12.0;3.0;1.0;5.0;3.0;1.0;5.0;0.0;0.0;0.0;2.0;14.0;19.0;99.0;2.0;2.0;15.0;17.0;68.0;35.0;477.0;300.0;46.0;69.0;0.0;193.0;3.0;5.0;1.0;2020_2021
434192;883768;27096;David Dioses;24;Perú;Pivote;Dep. Municipal;1228.0;19.0;14.0;0.0;12.0;6.0;1.0;5.0;1.0;16.0;1.0;3.0;7.0;0.0;0.0;0.0;4.0;14.0;14.0;11.0;14.0;0.0;22.0;11.0;11.0;30.0;621.0;503.0;99.0;21.0;8.0;160.0;6.0;7.0;0.0;2020_2021
390609;868711;27096;Eduardo Rabanal;23;Perú;Lateral derecho;FBC Melgar;584.0;8.0;8.0;0.0;3.0;0.0;3.0;0.0;0.0;3.0;1.0;0.0;1.0;0.0;0.0;0.0;0.0;7.0;10.0;7.0;5.0;0.0;8.0;7.0;9.0;13.0;262.0;196.0;60.0;23.0;6.0;107.0;6.0;2.0;1.0;2020_2021
119365;882851;27096;Joazhiño Arroé;28;Perú;Mediocentro ofensivo;Alianza Lima;1015.0;17.0;9.0;4.0;45.0;18.0;17.0;10.0;0.0;27.0;0.0;0.0;18.0;0.0;0.0;0.0;1.0;6.0;6.0;1.0;7.0;0.0;9.0;28.0;3.0;51.0;544.0;418.0;176.0;50.0;17.0;242.0;28.0;1.0;1.0;2020_2021
330169;805451;27096;Jarlín Quintero;26;Colombia;Delantero centro;AD Cantolao;1234.0;22.0;15.0;10.0;29.0;16.0;10.0;3.0;0.0;12.0;2.0;5.0;30.0;3.0;5.0;5.0;6.0;1.0;2.0;13.0;3.0;1.0;40.0;28.0;28.0;56.0;202.0;154.0;83.0;7.0;2.0;156.0;33.0;5.0;1.0;2020_2021
94451;1120309;27096;Jeickson Reyes;32;Perú;Lateral izquierdo;Dep. Binacional;1890.0;21.0;21.0;0.0;2.0;0.0;2.0;0.0;2.0;13.0;4.0;1.0;7.0;0.0;0.0;0.0;4.0;30.0;32.0;44.0;5.0;2.0;14.0;18.0;28.0;55.0;737.0;625.0;107.0;49.0;7.0;184.0;4.0;4.0;1.0;2020_2021
738715;1016979;27096;Javier Trauco;29;Perú;Extremo izquierdo;Llacuabamba;566.0;10.0;6.0;4.0;10.0;5.0;4.0;1.0;2.0;15.0;1.0;2.0;15.0;0.0;0.0;0.0;1.0;14.0;2.0;1.0;7.0;0.0;11.0;11.0;0.0;40.0;310.0;247.0;83.0;15.0;5.0;116.0;15.0;3.0;1.0;2020_2021
216280;312274;27096;Christian Adrianzén;26;Perú;Extremo derecho;Chavelines;400.0;8.0;4.0;0.0;6.0;2.0;3.0;1.0;1.0;5.0;1.0;1.0;6.0;0.0;0.0;0.0;0.0;2.0;1.0;5.0;3.0;0.0;6.0;11.0;2.0;18.0;120.0;89.0;39.0;3.0;4.0;82.0;12.0;0.0;0.0;2020_2021
352344;876926;27096;Francisco Duclós;24;Perú;Defensa central;Alianza Lima;748.0;9.0;9.0;0.0;0.0;0.0;0.0;0.0;0.0;0.0;0.0;0.0;2.0;0.0;0.0;0.0;0.0;15.0;17.0;22.0;2.0;0.0;19.0;8.0;10.0;24.0;427.0;363.0;56.0;36.0;0.0;82.0;2.0;2.0;2.0;2020_2021
398023;836280;22349;Alexis Rojas;24;Perú;Extremo izquierdo;Santos FC;814.0;12.0;11.0;0.0;11.0;3.0;5.0;3.0;0.0;11.0;1.0;2.0;18.0;0.0;0.0;0.0;2.0;10.0;6.0;9.0;6.0;0.0;8.0;30.0;4.0;58.0;241.0;180.0;61.0;3.0;4.0;158.0;15.0;0.0;0.0;2020_2021
422855;883329;27096;Luis Benites;23;Perú;Extremo izquierdo;CA Mannucci;953.0;18.0;9.0;0.0;4.0;1.0;1.0;2.0;0.0;6.0;1.0;0.0;10.0;1.0;0.0;0.0;0.0;33.0;19.0;19.0;26.0;0.0;14.0;18.0;10.0;60.0;416.0;331.0;75.0;25.0;10.0;167.0;13.0;2.0;0.0;2020_2021
35805;20820;27096;Rinaldo Cruzado;35;Perú;Mediocentro;Alianza Lima;556.0;12.0;8.0;0.0;4.0;0.0;4.0;0.0;0.0;13.0;0.0;0.0;3.0;0.0;0.0;0.0;1.0;12.0;9.0;2.0;18.0;1.0;16.0;9.0;5.0;24.0;349.0;271.0;82.0;24.0;10.0;125.0;2.0;3.0;1.0;2020_2021
453044;846808;27096;Daniel Cabrera;22;Perú;Mediocentro;FBC Melgar;610.0;20.0;2.0;1.0;11.0;4.0;5.0;2.0;1.0;14.0;2.0;1.0;10.0;0.0;0.0;0.0;1.0;17.0;10.0;3.0;14.0;0.0;12.0;9.0;1.0;36.0;447.0;380.0;133.0;16.0;7.0;113.0;11.0;2.0;2.0;2020_2021
72659;33985;27096;Adán Balbín;33;Perú;Defensa central;Sport Boys;906.0;12.0;10.0;0.0;10.0;1.0;6.0;3.0;0.0;3.0;0.0;2.0;1.0;0.0;0.0;0.0;1.0;1.0;5.0;39.0;2.0;1.0;7.0;2.0;15.0;4.0;349.0;257.0;47.0;53.0;0.0;101.0;4.0;3.0;0.0;2020_2021
189283;220921;27096;Carlos Ascues;28;Perú;Defensa central;FBC Melgar;1874.0;24.0;23.0;4.0;47.0;23.0;12.0;12.0;3.0;22.0;3.0;4.0;19.0;0.0;2.0;0.0;12.0;44.0;13.0;18.0;12.0;0.0;48.0;24.0;17.0;86.0;676.0;545.0;181.0;42.0;2.0;260.0;37.0;6.0;0.0;2020_2021
72672;33989;27096;Renzo Revoredo;34;Perú;Defensa central;Sport. Cristal;1142.0;24.0;14.0;0.0;10.0;1.0;8.0;1.0;0.0;5.0;0.0;0.0;4.0;0.0;0.0;0.0;1.0;20.0;14.0;40.0;7.0;0.0;19.0;8.0;21.0;32.0;524.0;437.0;85.0;31.0;3.0;133.0;2.0;3.0;1.0;2020_2021
250482;805353;27096;Joao Villamarín;28;Perú;Extremo izquierdo;Ayacucho FC;918.0;27.0;7.0;3.0;26.0;11.0;7.0;8.0;2.0;13.0;0.0;2.0;8.0;0.0;0.0;0.0;24.0;9.0;3.0;5.0;5.0;0.0;32.0;22.0;11.0;38.0;211.0;160.0;65.0;9.0;7.0;124.0;17.0;4.0;0.0;2020_2021
146822;339169;27096;Tarek Carranza;28;Perú;Pivote;CA Mannucci;1244.0;20.0;16.0;2.0;16.0;4.0;10.0;2.0;0.0;11.0;1.0;0.0;8.0;0.0;2.0;2.0;0.0;23.0;16.0;20.0;14.0;0.0;19.0;8.0;32.0;39.0;619.0;490.0;114.0;69.0;1.0;165.0;12.0;2.0;0.0;2020_2021
169992;786311;27096;Ernest Nungaray;28;Estados Unidos;Pivote;CA Mannucci;1442.0;23.0;17.0;1.0;25.0;4.0;14.0;7.0;2.0;15.0;2.0;0.0;2.0;0.0;0.0;0.0;1.0;25.0;22.0;22.0;22.0;1.0;22.0;14.0;25.0;41.0;594.0;448.0;114.0;39.0;6.0;199.0;7.0;6.0;0.0;2020_2021
375178;805270;27096;Paolo Fuentes;24;Perú;Defensa central;FBC Melgar;882.0;11.0;10.0;1.0;7.0;3.0;1.0;3.0;0.0;0.0;0.0;0.0;3.0;0.0;0.0;0.0;0.0;18.0;17.0;40.0;4.0;2.0;22.0;6.0;28.0;27.0;442.0;369.0;17.0;28.0;1.0;83.0;3.0;4.0;2.0;2020_2021
653365;804780;27096;Camilo Jiménez;23;Perú;Defensa central;Carlos Stein;450.0;5.0;5.0;0.0;2.0;0.0;2.0;0.0;0.0;0.0;0.0;0.0;0.0;0.0;0.0;0.0;0.0;8.0;4.0;14.0;3.0;1.0;8.0;1.0;4.0;9.0;134.0;97.0;14.0;19.0;0.0;39.0;1.0;4.0;0.0;2020_2021
433698;887125;27096;José Bolívar;20;Perú;Lateral izquierdo;U. San Martín;1712.0;20.0;21.0;0.0;8.0;4.0;3.0;1.0;1.0;18.0;1.0;0.0;18.0;0.0;0.0;0.0;2.0;61.0;32.0;42.0;19.0;2.0;32.0;12.0;17.0;91.0;756.0;584.0;113.0;56.0;12.0;289.0;16.0;4.0;0.0;2020_2021
271676;590468;27096;Jeremy Rostaing;25;Perú;Lateral derecho;César Vallejo;1555.0;19.0;18.0;1.0;14.0;5.0;6.0;3.0;0.0;8.0;0.0;0.0;4.0;0.0;0.0;0.0;1.0;55.0;37.0;45.0;20.0;0.0;35.0;26.0;21.0;83.0;452.0;327.0;87.0;46.0;6.0;226.0;12.0;7.0;0.0;2020_2021
96309;897009;26785;Alexis Blanco;32;Argentina;Delantero centro;Caracas FC;487.0;6.0;6.0;2.0;3.0;3.0;0.0;0.0;0.0;3.0;0.0;0.0;0.0;0.0;0.0;0.0;0.0;2.0;1.0;4.0;4.0;0.0;9.0;17.0;21.0;16.0;120.0;74.0;20.0;0.0;0.0;63.0;7.0;1.0;0.0;2020_2021
96309;897009;26788;Alexis Blanco;32;Argentina;Delantero centro;Caracas FC;162.0;2.0;2.0;0.0;3.0;1.0;1.0;1.0;0.0;2.0;0.0;0.0;0.0;0.0;0.0;0.0;0.0;3.0;0.0;3.0;4.0;0.0;2.0;6.0;7.0;9.0;32.0;17.0;9.0;0.0;0.0;22.0;1.0;0.0;0.0;2020_2021
94364;946014;27096;Miguel Curiel;32;Perú;Delantero centro;Cienciano;1054.0;19.0;11.0;4.0;37.0;18.0;12.0;7.0;3.0;11.0;3.0;5.0;6.0;0.0;0.0;0.0;7.0;9.0;0.0;15.0;1.0;0.0;38.0;18.0;52.0;32.0;225.0;146.0;60.0;5.0;2.0;132.0;13.0;2.0;0.0;2020_2021
269817;327319;24239;Leonardo Villalba;25;Argentina;Mediocentro ofensivo;PAS Lamia;144.0;6.0;1.0;0.0;3.0;1.0;2.0;0.0;0.0;4.0;0.0;0.0;1.0;0.0;0.0;0.0;0.0;4.0;0.0;1.0;0.0;0.0;1.0;3.0;1.0;8.0;61.0;37.0;20.0;0.0;3.0;39.0;0.0;0.0;0.0;2020_2021
537255;895364;27096;Gaspar Gentile;25;Argentina;Extremo izquierdo;U. San Martín;1647.0;20.0;20.0;3.0;47.0;23.0;15.0;9.0;2.0;15.0;1.0;3.0;38.0;0.0;0.0;0.0;13.0;29.0;13.0;5.0;16.0;1.0;35.0;49.0;9.0;114.0;434.0;304.0;133.0;18.0;7.0;342.0;38.0;3.0;0.0;2020_2021
84349;47413;27096;Luis Trujillo;29;Perú;Lateral izquierdo;Cienciano;1835.0;22.0;23.0;3.0;33.0;12.0;13.0;8.0;0.0;29.0;4.0;0.0;13.0;0.0;0.0;0.0;1.0;34.0;26.0;38.0;10.0;0.0;23.0;16.0;18.0;63.0;584.0;443.0;130.0;67.0;26.0;247.0;6.0;1.0;1.0;2020_2021
59947;38516;27096;Hervé Kambou;35;Costa de Marfil;Defensa central;Sport Huancayo;978.0;14.0;12.0;0.0;3.0;0.0;2.0;1.0;0.0;2.0;0.0;1.0;2.0;0.0;0.0;0.0;0.0;29.0;24.0;42.0;5.0;1.0;19.0;4.0;14.0;35.0;428.0;364.0;28.0;35.0;0.0;69.0;3.0;3.0;1.0;2020_2021
235508;982178;27096;Alexi Gómez;27;Perú;Lateral izquierdo;FBC Melgar;1121.0;19.0;11.0;1.0;14.0;2.0;8.0;4.0;0.0;15.0;4.0;0.0;17.0;0.0;1.0;1.0;4.0;23.0;14.0;11.0;10.0;0.0;36.0;27.0;7.0;66.0;569.0;431.0;140.0;30.0;15.0;289.0;29.0;9.0;0.0;2020_2021
63273;40927;27096;Reimond Manco;29;Perú;Mediocentro ofensivo;Atlético Grau;1691.0;21.0;21.0;1.0;24.0;8.0;12.0;4.0;3.0;47.0;7.0;0.0;46.0;1.0;0.0;0.0;4.0;5.0;9.0;3.0;5.0;0.0;13.0;58.0;7.0;108.0;703.0;514.0;207.0;46.0;17.0;373.0;36.0;2.0;0.0;2020_2021
99329;46971;27096;Carlos Neumann;34;Paraguay;Delantero centro;Sport Huancayo;1091.0;21.0;11.0;3.0;38.0;9.0;20.0;9.0;1.0;15.0;1.0;6.0;3.0;1.0;1.0;0.0;12.0;4.0;2.0;18.0;2.0;0.0;15.0;26.0;54.0;28.0;269.0;181.0;84.0;5.0;0.0;129.0;13.0;2.0;0.0;2020_2021
63451;26176;27096;Damián Ísmodes;31;Perú;Extremo derecho;Cienciano;741.0;10.0;9.0;2.0;15.0;3.0;7.0;5.0;1.0;12.0;4.0;2.0;17.0;0.0;2.0;2.0;5.0;5.0;6.0;1.0;4.0;0.0;26.0;37.0;6.0;58.0;155.0;120.0;43.0;6.0;5.0;109.0;13.0;2.0;0.0;2020_2021
89576;819124;27096;Jonathan Ávila;28;Colombia;Defensa central;Atlético Grau;1298.0;15.0;17.0;3.0;12.0;6.0;5.0;1.0;1.0;2.0;0.0;1.0;0.0;0.0;0.0;0.0;2.0;23.0;45.0;66.0;11.0;1.0;22.0;12.0;33.0;34.0;468.0;378.0;34.0;47.0;0.0;106.0;2.0;9.0;1.0;2020_2021
54594;790020;27096;Diego Manicero;35;Argentina;Mediocentro ofensivo;Carlos Stein;1980.0;23.0;24.0;6.0;59.0;23.0;21.0;15.0;8.0;48.0;4.0;2.0;16.0;1.0;2.0;2.0;1.0;11.0;9.0;4.0;12.0;0.0;24.0;55.0;9.0;82.0;717.0;509.0;226.0;56.0;33.0;391.0;25.0;3.0;0.0;2020_2021
375542;883766;27508;Jair Córdova;23;Perú;Delantero centro;Juan Aurich;71.0;4.0;0.0;1.0;2.0;1.0;1.0;0.0;0.0;1.0;0.0;0.0;0.0;0.0;0.0;0.0;1.0;0.0;0.0;1.0;1.0;0.0;0.0;1.0;3.0;1.0;24.0;15.0;8.0;1.0;0.0;10.0;1.0;0.0;0.0;2020_2021
366028;826376;27096;Axel Sánchez;23;Perú;Pivote;Atlético Grau;1314.0;19.0;16.0;1.0;7.0;2.0;5.0;0.0;1.0;8.0;0.0;0.0;11.0;0.0;0.0;0.0;0.0;42.0;24.0;18.0;24.0;0.0;25.0;14.0;11.0;66.0;633.0;537.0;90.0;47.0;1.0;142.0;13.0;1.0;1.0;2020_2021
250004;312270;27096;Édinson Chávez;26;Perú;Lateral derecho;Cusco FC;1513.0;17.0;18.0;0.0;8.0;1.0;7.0;0.0;1.0;15.0;3.0;0.0;15.0;0.0;0.0;0.0;0.0;46.0;45.0;24.0;16.0;0.0;31.0;16.0;10.0;77.0;640.0;498.0;133.0;45.0;3.0;241.0;12.0;2.0;0.0;2020_2021
483715;883812;27096;Renato Espinosa;21;Perú;Delantero centro;UTC;738.0;22.0;7.0;3.0;21.0;6.0;7.0;8.0;0.0;7.0;1.0;3.0;3.0;1.0;0.0;0.0;2.0;6.0;5.0;8.0;4.0;0.0;20.0;20.0;25.0;29.0;159.0;112.0;46.0;3.0;1.0;93.0;8.0;2.0;0.0;2020_2021
662706;1049077;27096;Sebastián Cavero;18;Perú;Lateral izquierdo;Alianza Lima;421.0;10.0;4.0;0.0;7.0;2.0;2.0;3.0;0.0;9.0;0.0;1.0;5.0;0.0;0.0;0.0;1.0;12.0;4.0;0.0;6.0;0.0;6.0;9.0;2.0;26.0;150.0;119.0;48.0;4.0;5.0;88.0;10.0;0.0;0.0;2020_2021
664863;957298;27096;Joseph Vega;25;Perú;Lateral izquierdo;Sport Huancayo;845.0;12.0;10.0;0.0;1.0;0.0;0.0;1.0;1.0;2.0;0.0;0.0;7.0;0.0;0.0;0.0;2.0;26.0;22.0;15.0;12.0;0.0;14.0;6.0;11.0;39.0;287.0;216.0;57.0;14.0;1.0;146.0;14.0;2.0;0.0;2020_2021
201043;358202;27096;Gianmarco Gambetta;29;Perú;Defensa central;Carlos Stein;957.0;11.0;10.0;0.0;3.0;1.0;1.0;1.0;0.0;0.0;0.0;2.0;3.0;0.0;0.0;0.0;0.0;20.0;20.0;57.0;7.0;0.0;22.0;6.0;31.0;29.0;418.0;310.0;28.0;51.0;0.0;122.0;4.0;3.0;0.0;2020_2021
524970;891996;26956;Iván Luquetta;24;Colombia;Delantero centro;Patriotas;69.0;4.0;0.0;0.0;3.0;0.0;2.0;1.0;0.0;2.0;0.0;0.0;2.0;0.0;0.0;0.0;1.0;0.0;0.0;0.0;1.0;0.0;0.0;1.0;1.0;3.0;9.0;6.0;2.0;0.0;0.0;9.0;2.0;0.0;0.0;2020_2021
489993;875661;27096;Jorge Toledo;24;Perú;Lateral derecho;Cusco FC;781.0;10.0;10.0;0.0;4.0;0.0;4.0;0.0;2.0;9.0;2.0;0.0;10.0;1.0;0.0;0.0;0.0;22.0;17.0;17.0;1.0;2.0;12.0;5.0;8.0;37.0;353.0;272.0;56.0;28.0;6.0;132.0;14.0;1.0;0.0;2020_2021
439631;876929;22349;Kevin Quevedo;23;Perú;Extremo izquierdo;Goiás;2196.0;30.0;25.0;17.0;66.0;33.0;19.0;14.0;5.0;33.0;6.0;6.0;40.0;0.0;0.0;0.0;11.0;14.0;6.0;2.0;11.0;0.0;34.0;58.0;11.0;111.0;551.0;441.0;194.0;12.0;17.0;334.0;40.0;6.0;0.0;2020_2021
441758;879621;27096;José Luján;23;Perú;Defensa central;U. San Martín;1826.0;21.0;22.0;0.0;9.0;2.0;6.0;1.0;0.0;2.0;0.0;2.0;2.0;0.0;0.0;0.0;1.0;29.0;39.0;87.0;8.0;1.0;24.0;11.0;45.0;40.0;891.0;709.0;60.0;99.0;1.0;208.0;4.0;2.0;1.0;2020_2021
72975;34005;27096;Ricardo Farro;35;Perú;Portero;Cusco FC;252.0;3.0;2.0;0.0;0.0;0.0;0.0;0.0;0.0;0.0;0.0;0.0;0.0;0.0;0.0;0.0;0.0;0.0;0.0;1.0;1.0;0.0;0.0;0.0;1.0;0.0;53.0;31.0;3.0;22.0;0.0;22.0;0.0;1.0;0.0;2020_2021
582319;924932;27096;Alejandro Ramos;21;Perú;Lateral derecho;Alianza UDH;1545.0;18.0;18.0;1.0;9.0;4.0;3.0;2.0;2.0;13.0;3.0;2.0;18.0;0.0;0.0;0.0;0.0;34.0;22.0;29.0;13.0;0.0;34.0;11.0;10.0;63.0;664.0;484.0;98.0;25.0;15.0;332.0;22.0;4.0;1.0;2020_2021
610248;943995;34618;Fabio Pereyra;30;Argentina;Defensa central;Arsenal;900.0;10.0;10.0;0.0;2.0;1.0;1.0;0.0;0.0;0.0;0.0;0.0;1.0;0.0;0.0;0.0;1.0;8.0;10.0;70.0;5.0;0.0;5.0;5.0;32.0;14.0;345.0;248.0;17.0;48.0;0.0;104.0;2.0;1.0;0.0;2020_2021
491560;975540;27096;Freddy Oncoy;19;Perú;Mediocentro;Sport Boys;1199.0;19.0;13.0;0.0;6.0;1.0;2.0;3.0;0.0;9.0;0.0;0.0;4.0;0.0;0.0;0.0;0.0;20.0;9.0;12.0;7.0;0.0;20.0;6.0;18.0;29.0;442.0;357.0;114.0;20.0;2.0;118.0;9.0;2.0;0.0;2020_2021
582617;925154;27096;Sandro Rengifo;24;Perú;Extremo izquierdo;AD Cantolao;1572.0;22.0;20.0;0.0;22.0;3.0;15.0;4.0;1.0;32.0;2.0;4.0;42.0;4.0;0.0;0.0;7.0;24.0;5.0;3.0;21.0;0.0;35.0;55.0;4.0;120.0;358.0;248.0;102.0;15.0;14.0;326.0;60.0;1.0;2.0;2020_2021
94328;34031;27096;Mauricio Montes;38;Perú;Delantero centro;Ayacucho FC;1975.0;27.0;22.0;8.0;51.0;17.0;26.0;8.0;1.0;33.0;1.0;5.0;9.0;0.0;0.0;0.0;14.0;6.0;2.0;28.0;4.0;0.0;40.0;39.0;123.0;47.0;458.0;297.0;138.0;8.0;3.0;250.0;30.0;5.0;0.0;2020_2021
44603;26874;27096;Manuel Corrales;37;Perú;Lateral izquierdo;CA Mannucci;582.0;10.0;7.0;0.0;3.0;2.0;0.0;1.0;0.0;2.0;0.0;0.0;1.0;0.0;0.0;0.0;0.0;18.0;5.0;8.0;7.0;0.0;14.0;6.0;15.0;24.0;231.0;153.0;56.0;15.0;5.0;107.0;0.0;1.0;0.0;2020_2021
409092;926640;27096;Gonzalo Rizzo;24;Uruguay;Defensa central;CA Mannucci;1936.0;23.0;22.0;2.0;8.0;3.0;4.0;1.0;0.0;4.0;1.0;1.0;11.0;0.0;0.0;0.0;1.0;44.0;33.0;90.0;20.0;0.0;26.0;21.0;59.0;72.0;653.0;436.0;55.0;76.0;1.0;232.0;4.0;4.0;2.0;2020_2021
581201;924791;27096;Yorkman Tello;30;Perú;Pivote;Dep. Binacional;1913.0;22.0;22.0;2.0;11.0;2.0;6.0;3.0;0.0;13.0;0.0;2.0;7.0;0.0;0.0;0.0;0.0;61.0;23.0;14.0;27.0;0.0;40.0;22.0;10.0;90.0;1120.0;983.0;154.0;95.0;0.0;163.0;15.0;7.0;0.0;2020_2021
94444;162425;27096;Éder Hermoza;30;Perú;Portero;Sport Huancayo;180.0;2.0;2.0;0.0;0.0;0.0;0.0;0.0;0.0;0.0;0.0;0.0;0.0;0.0;0.0;0.0;0.0;0.0;0.0;0.0;1.0;0.0;0.0;0.0;0.0;0.0;32.0;20.0;2.0;9.0;0.0;13.0;0.0;0.0;0.0;2020_2021
325692;883404;27096;Federico Nicosia;30;Argentina;Portero;Sport Huancayo;450.0;5.0;5.0;0.0;0.0;0.0;0.0;0.0;0.0;0.0;0.0;0.0;0.0;0.0;0.0;0.0;0.0;1.0;0.0;14.0;1.0;0.0;0.0;0.0;4.0;1.0;100.0;48.0;1.0;32.0;0.0;54.0;0.0;0.0;0.0;2020_2021
325591;875662;27096;Kevin Ruiz;25;Perú;Extremo derecho;UTC;919.0;13.0;10.0;2.0;14.0;4.0;4.0;6.0;1.0;9.0;1.0;1.0;20.0;1.0;0.0;0.0;7.0;7.0;8.0;1.0;3.0;0.0;28.0;30.0;16.0;56.0;216.0;151.0;64.0;6.0;3.0;151.0;18.0;1.0;0.0;2020_2021
76942;108190;24002;Jonathan Lacerda;33;Uruguay;Defensa central;Salamanca CF ;996.0;12.0;12.0;0.0;3.0;1.0;1.0;1.0;0.0;1.0;1.0;1.0;1.0;0.0;0.0;0.0;0.0;9.0;4.0;40.0;2.0;0.0;13.0;3.0;8.0;12.0;278.0;205.0;14.0;26.0;0.0;79.0;2.0;5.0;0.0;2020_2021
53847;31175;20160;Hernán Barcos;36;Argentina;Delantero centro;FC Messina;1740.0;20.0;20.0;7.0;57.0;27.0;22.0;8.0;2.0;16.0;4.0;8.0;18.0;0.0;3.0;2.0;10.0;16.0;3.0;21.0;14.0;0.0;33.0;34.0;45.0;65.0;501.0;343.0;125.0;17.0;4.0;279.0;27.0;7.0;0.0;2020_2021
53847;31175;24014;Hernán Barcos;36;Argentina;Delantero centro;FC Messina;1412.0;22.0;16.0;4.0;52.0;23.0;18.0;11.0;3.0;23.0;4.0;5.0;12.0;0.0;1.0;1.0;11.0;4.0;0.0;12.0;9.0;0.0;31.0;17.0;24.0;32.0;361.0;241.0;135.0;17.0;2.0;211.0;25.0;4.0;0.0;2020_2021
16649;2511;23682;Jefferson Farfán;35;Perú;Extremo derecho;Sin equipo;75.0;3.0;0.0;1.0;3.0;1.0;2.0;0.0;0.0;0.0;0.0;1.0;0.0;0.0;0.0;0.0;2.0;1.0;0.0;1.0;0.0;0.0;3.0;1.0;3.0;2.0;19.0;12.0;11.0;0.0;0.0;10.0;1.0;2.0;0.0;2020_2021
320749;385418;27096;Joaquín Aguirre;24;Perú;Lateral izquierdo;Carlos Stein;1658.0;20.0;20.0;1.0;13.0;2.0;5.0;6.0;2.0;19.0;2.0;1.0;13.0;0.0;0.0;0.0;1.0;30.0;34.0;34.0;20.0;0.0;34.0;20.0;11.0;62.0;681.0;491.0;143.0;51.0;13.0;276.0;6.0;5.0;0.0;2020_2021
95852;123238;27096;Luis Álvarez;30;Perú;Pivote;Ayacucho FC;1193.0;20.0;12.0;1.0;12.0;3.0;5.0;4.0;0.0;13.0;2.0;0.0;3.0;0.0;0.0;0.0;0.0;16.0;16.0;9.0;13.0;0.0;17.0;7.0;11.0;26.0;535.0;436.0;107.0;29.0;1.0;130.0;8.0;2.0;0.0;2020_2021
76605;107591;22349;Gonzalo Godoy;32;Uruguay;Defensa central;The Strongest;2210.0;25.0;25.0;0.0;10.0;3.0;5.0;2.0;0.0;1.0;1.0;4.0;1.0;0.0;0.0;0.0;3.0;35.0;23.0;67.0;19.0;2.0;33.0;16.0;30.0;52.0;853.0;719.0;48.0;73.0;1.0;163.0;5.0;6.0;1.0;2020_2021
30543;13527;27096;Alberto Rodríguez;36;Perú;Defensa central;Alianza Lima;831.0;12.0;10.0;0.0;2.0;0.0;2.0;0.0;0.0;1.0;0.0;0.0;4.0;0.0;0.0;0.0;0.0;7.0;17.0;36.0;2.0;1.0;15.0;14.0;28.0;24.0;437.0;359.0;20.0;41.0;0.0;85.0;1.0;2.0;1.0;2020_2021
94820;125100;22349;Jesús Arismendi;33;Perú;Lateral derecho;CA Mannucci;2228.0;27.0;24.0;2.0;15.0;7.0;6.0;2.0;1.0;10.0;1.0;3.0;7.0;0.0;0.0;0.0;2.0;36.0;29.0;50.0;19.0;1.0;34.0;10.0;28.0;53.0;771.0;621.0;123.0;48.0;7.0;247.0;4.0;6.0;1.0;2020_2021
325706;883389;27096;Diego Ramírez;25;Perú;Mediocentro;Atlético Grau;127.0;4.0;2.0;0.0;4.0;1.0;2.0;1.0;0.0;2.0;0.0;0.0;2.0;0.0;0.0;0.0;0.0;1.0;0.0;2.0;2.0;0.0;2.0;3.0;0.0;6.0;65.0;55.0;14.0;2.0;0.0;23.0;3.0;0.0;0.0;2020_2021
140003;339523;20160;Anier Figueroa;32;Colombia;Defensa central;Royal Pari ;1349.0;19.0;14.0;0.0;3.0;1.0;2.0;0.0;0.0;1.0;0.0;0.0;5.0;0.0;0.0;0.0;1.0;25.0;15.0;61.0;7.0;0.0;16.0;13.0;26.0;41.0;462.0;350.0;30.0;38.0;0.0;127.0;4.0;3.0;0.0;2020_2021
106283;220935;27096;Edson Aubert;31;Perú;Pivote;FBC Melgar;1255.0;23.0;16.0;0.0;25.0;9.0;12.0;4.0;1.0;15.0;2.0;1.0;5.0;0.0;0.0;0.0;0.0;26.0;20.0;11.0;25.0;0.0;30.0;10.0;13.0;40.0;870.0;709.0;176.0;83.0;10.0;239.0;15.0;2.0;0.0;2020_2021
528367;893067;27096;Marco Saravia;21;Perú;Defensa central;Dep. Municipal;1379.0;16.0;18.0;1.0;8.0;2.0;6.0;0.0;0.0;0.0;0.0;0.0;1.0;1.0;0.0;0.0;0.0;14.0;31.0;67.0;3.0;1.0;17.0;19.0;36.0;32.0;518.0;389.0;31.0;49.0;0.0;136.0;3.0;5.0;0.0;2020_2021
72984;34033;26956;Roberto Ovelar;34;Paraguay;Delantero centro;Once Caldas;1438.0;18.0;17.0;6.0;60.0;22.0;26.0;12.0;2.0;24.0;3.0;4.0;31.0;0.0;2.0;2.0;8.0;9.0;5.0;20.0;8.0;0.0;27.0;47.0;46.0;84.0;448.0;323.0;132.0;22.0;0.0;223.0;19.0;5.0;0.0;2020_2021
202140;805681;26956;Jhony Galli;30;Uruguay;Pivote;Once Caldas;301.0;11.0;4.0;0.0;0.0;0.0;0.0;0.0;0.0;2.0;0.0;0.0;4.0;0.0;0.0;0.0;0.0;9.0;8.0;1.0;11.0;0.0;7.0;9.0;7.0;22.0;167.0;134.0;25.0;8.0;0.0;47.0;5.0;3.0;0.0;2020_2021
368844;924924;27096;Carlos Neyra;25;Perú;Lateral derecho;FBC Melgar;1525.0;19.0;17.0;0.0;4.0;1.0;3.0;0.0;2.0;14.0;1.0;0.0;7.0;0.0;0.0;0.0;1.0;42.0;21.0;20.0;19.0;0.0;33.0;31.0;8.0;80.0;645.0;519.0;131.0;42.0;12.0;216.0;9.0;6.0;0.0;2020_2021
176400;220931;27096;Jorge Bazán;29;Perú;Extremo derecho;Sport Huancayo;1181.0;19.0;11.0;0.0;22.0;3.0;6.0;13.0;2.0;23.0;2.0;0.0;12.0;1.0;0.0;0.0;1.0;8.0;9.0;5.0;4.0;0.0;14.0;19.0;9.0;39.0;610.0;524.0;211.0;11.0;6.0;155.0;12.0;0.0;0.0;2020_2021
51225;35621;27096;Hernán Rengifo;37;Perú;Delantero centro;Carlos Stein;697.0;13.0;8.0;4.0;8.0;6.0;2.0;0.0;1.0;7.0;1.0;2.0;1.0;2.0;2.0;2.0;6.0;4.0;2.0;5.0;0.0;0.0;11.0;16.0;45.0;20.0;168.0;108.0;46.0;2.0;0.0;82.0;4.0;0.0;0.0;2020_2021
621033;975243;27096;Franco Medina;20;Perú;Lateral derecho;Alianza Lima;356.0;9.0;3.0;0.0;1.0;0.0;1.0;0.0;2.0;3.0;2.0;0.0;6.0;0.0;0.0;0.0;1.0;11.0;6.0;2.0;3.0;0.0;6.0;7.0;4.0;24.0;220.0;183.0;45.0;16.0;5.0;67.0;4.0;2.0;0.0;2020_2021
422934;876931;27096;Erinson Ramírez;22;Perú;Mediocentro ofensivo;UTC;1623.0;22.0;18.0;7.0;57.0;18.0;26.0;13.0;5.0;43.0;6.0;3.0;15.0;1.0;0.0;0.0;2.0;17.0;14.0;8.0;12.0;0.0;15.0;20.0;8.0;52.0;393.0;280.0;119.0;22.0;38.0;263.0;21.0;0.0;0.0;2020_2021
292729;384658;27096;Alexis Cossio;25;Perú;Lateral izquierdo;Ayacucho FC;2478.0;29.0;28.0;1.0;33.0;9.0;12.0;12.0;5.0;30.0;1.0;6.0;13.0;0.0;0.0;0.0;8.0;57.0;58.0;44.0;25.0;1.0;47.0;43.0;25.0;113.0;804.0;622.0;172.0;29.0;30.0;379.0;33.0;8.0;0.0;2020_2021
420864;879629;27096;Hideyoshi Arakaki;22;Perú;Extremo derecho;FBC Melgar;422.0;9.0;5.0;2.0;17.0;5.0;11.0;1.0;1.0;4.0;1.0;2.0;1.0;0.0;0.0;0.0;5.0;6.0;5.0;0.0;0.0;0.0;8.0;8.0;6.0;15.0;108.0;80.0;20.0;1.0;3.0;78.0;5.0;1.0;0.0;2020_2021
90674;147293;26956;Luis Cardoza;35;Colombia;Defensa central;Pereira;810.0;9.0;9.0;0.0;5.0;1.0;3.0;1.0;0.0;1.0;0.0;1.0;1.0;0.0;0.0;0.0;2.0;3.0;10.0;38.0;2.0;1.0;14.0;6.0;27.0;9.0;245.0;188.0;7.0;12.0;1.0;65.0;2.0;3.0;0.0;2020_2021
375364;805259;22349;Mario Palomino;26;Perú;Pivote;Chavelines;461.0;7.0;7.0;0.0;7.0;3.0;3.0;1.0;0.0;5.0;0.0;0.0;2.0;0.0;0.0;0.0;0.0;7.0;4.0;9.0;8.0;0.0;12.0;18.0;4.0;25.0;316.0;246.0;48.0;16.0;0.0;96.0;6.0;1.0;0.0;2020_2021
72673;883342;27096;Adrián Zela;31;Perú;Defensa central;Chavelines;360.0;4.0;4.0;0.0;6.0;1.0;3.0;2.0;0.0;0.0;0.0;3.0;2.0;0.0;0.0;0.0;0.0;4.0;3.0;18.0;4.0;0.0;4.0;1.0;9.0;7.0;133.0;100.0;15.0;32.0;0.0;35.0;0.0;1.0;0.0;2020_2021
195858;826377;27096;Yhirbis Córdova;29;Perú;Lateral derecho;Dep. Municipal;1917.0;22.0;21.0;1.0;11.0;4.0;3.0;4.0;0.0;15.0;2.0;1.0;7.0;0.0;0.0;0.0;0.0;30.0;33.0;36.0;15.0;2.0;36.0;39.0;15.0;74.0;692.0;496.0;132.0;68.0;9.0;305.0;4.0;7.0;1.0;2020_2021
671879;1049088;35813;Erick Gonzales;25;Perú;Pivote;Cusco FC;1252.0;16.0;16.0;0.0;10.0;5.0;1.0;4.0;0.0;4.0;0.0;1.0;5.0;0.0;0.0;0.0;2.0;33.0;27.0;35.0;4.0;0.0;24.0;11.0;16.0;49.0;600.0;510.0;78.0;46.0;0.0;114.0;5.0;6.0;0.0;2021_2022
90683;153654;36546;Rodrigo Pastorini;31;Uruguay;Delantero centro;Sud América;386.0;10.0;5.0;0.0;0.0;0.0;0.0;0.0;0.0;0.0;0.0;0.0;0.0;0.0;0.0;0.0;0.0;0.0;0.0;0.0;0.0;0.0;0.0;0.0;0.0;0.0;0.0;0.0;0.0;0.0;0.0;0.0;0.0;2.0;0.0;2021_2022
279387;339475;35813;José Manzaneda;26;Perú;Extremo izquierdo;Alianza Lima;213.0;5.0;3.0;1.0;2.0;1.0;0.0;1.0;0.0;1.0;1.0;0.0;1.0;0.0;1.0;1.0;0.0;1.0;4.0;1.0;2.0;0.0;4.0;6.0;0.0;8.0;75.0;54.0;19.0;1.0;2.0;43.0;4.0;0.0;0.0;2021_2022
249977;883294;35813;Carlos Uribe;29;Perú;Pivote;Dep. Binacional;193.0;11.0;1.0;1.0;3.0;1.0;2.0;0.0;0.0;1.0;0.0;0.0;0.0;0.0;0.0;0.0;1.0;1.0;0.0;1.0;0.0;0.0;5.0;3.0;3.0;4.0;79.0;62.0;19.0;4.0;0.0;20.0;1.0;0.0;0.0;2021_2022
216280;312274;35813;Christian Adrianzén;27;Perú;Extremo derecho;Unión Huaral;45.0;1.0;0.0;0.0;0.0;0.0;0.0;0.0;0.0;2.0;0.0;0.0;1.0;0.0;0.0;0.0;0.0;2.0;3.0;0.0;0.0;0.0;0.0;2.0;0.0;5.0;19.0;16.0;7.0;1.0;0.0;7.0;1.0;0.0;0.0;2021_2022
325706;883389;35813;Diego Ramírez;26;Perú;Mediocentro;Sport Boys;564.0;18.0;3.0;1.0;11.0;3.0;3.0;5.0;0.0;5.0;0.0;0.0;4.0;0.0;0.0;0.0;1.0;23.0;10.0;7.0;4.0;0.0;12.0;17.0;8.0;44.0;252.0;203.0;49.0;9.0;3.0;88.0;8.0;0.0;0.0;2021_2022
82566;38020;35813;Giancarlo Carmona;35;Perú;Lateral derecho;Sport Huancayo;1845.0;23.0;20.0;2.0;19.0;6.0;8.0;5.0;0.0;7.0;0.0;0.0;10.0;0.0;0.0;0.0;1.0;23.0;17.0;28.0;9.0;1.0;27.0;18.0;40.0;51.0;763.0;604.0;143.0;26.0;4.0;254.0;7.0;4.0;0.0;2021_2022
581201;924791;35813;Yorkman Tello;31;Perú;Pivote;Cusco FC;1084.0;19.0;13.0;0.0;6.0;1.0;4.0;1.0;0.0;2.0;0.0;1.0;1.0;0.0;0.0;0.0;0.0;35.0;20.0;17.0;18.0;0.0;28.0;14.0;10.0;49.0;516.0;448.0;64.0;29.0;1.0;84.0;5.0;6.0;0.0;2021_2022
94451;1120309;35813;Jeickson Reyes;33;Perú;Lateral izquierdo;Sport Huancayo;448.0;5.0;5.0;0.0;2.0;0.0;1.0;1.0;0.0;1.0;0.0;0.0;2.0;0.0;0.0;0.0;2.0;5.0;4.0;6.0;1.0;0.0;6.0;11.0;4.0;18.0;175.0;145.0;26.0;4.0;1.0;50.0;2.0;0.0;1.0;2021_2022
621028;980889;35813;Dylan Caro;22;Perú;Lateral izquierdo;Alianza Lima;77.0;1.0;1.0;0.0;0.0;0.0;0.0;0.0;0.0;1.0;0.0;0.0;0.0;0.0;0.0;0.0;0.0;1.0;0.0;0.0;0.0;0.0;1.0;1.0;0.0;2.0;23.0;18.0;6.0;1.0;0.0;11.0;2.0;0.0;0.0;2021_2022
51225;35621;35813;Hernán Rengifo;38;Perú;Delantero centro;Dep. Municipal;714.0;15.0;9.0;3.0;14.0;5.0;8.0;1.0;1.0;7.0;1.0;0.0;0.0;0.0;0.0;0.0;3.0;2.0;1.0;4.0;1.0;0.0;7.0;12.0;22.0;14.0;133.0;91.0;42.0;1.0;0.0;55.0;7.0;2.0;0.0;2021_2022
291339;924765;35813;Ignacio Barrios;28;Uruguay;Portero;Alianza Atl.;2250.0;25.0;27.0;0.0;0.0;0.0;0.0;0.0;0.0;0.0;0.0;0.0;0.0;0.0;0.0;0.0;0.0;0.0;2.0;23.0;2.0;0.0;0.0;0.0;4.0;1.0;565.0;275.0;65.0;153.0;0.0;294.0;0.0;1.0;0.0;2021_2022
59947;38516;35813;Hervé Kambou;36;Costa de Marfil;Defensa central;UTC;516.0;11.0;7.0;0.0;4.0;3.0;1.0;0.0;0.0;0.0;0.0;0.0;0.0;1.0;0.0;0.0;0.0;5.0;18.0;27.0;0.0;0.0;13.0;8.0;6.0;12.0;135.0;95.0;10.0;18.0;0.0;44.0;1.0;2.0;1.0;2021_2022
246548;333585;36546;Maximiliano Amondarain;28;Uruguay;Defensa central;Cerrito;1684.0;20.0;18.0;0.0;0.0;0.0;0.0;0.0;0.0;0.0;0.0;0.0;0.0;0.0;0.0;0.0;0.0;0.0;0.0;0.0;0.0;0.0;0.0;0.0;0.0;0.0;0.0;0.0;0.0;0.0;0.0;0.0;0.0;6.0;0.0;2021_2022
531624;924725;36546;Santiago Arias;26;Uruguay;Pivote;Boston River;1159.0;19.0;13.0;0.0;0.0;0.0;0.0;0.0;0.0;0.0;0.0;0.0;0.0;0.0;0.0;0.0;0.0;0.0;0.0;0.0;0.0;0.0;0.0;0.0;0.0;0.0;0.0;0.0;0.0;0.0;0.0;0.0;0.0;6.0;1.0;2021_2022
330691;339481;35813;Aldair Perleche;26;Perú;Lateral derecho;Cienciano;643.0;12.0;7.0;0.0;1.0;1.0;0.0;0.0;0.0;3.0;0.0;0.0;0.0;0.0;0.0;0.0;0.0;11.0;11.0;24.0;1.0;0.0;15.0;4.0;5.0;15.0;135.0;94.0;28.0;9.0;3.0;80.0;5.0;1.0;0.0;2021_2022
96295;46992;35813;Juan Diego Lojas;32;Perú;Defensa central;Cienciano;1301.0;19.0;14.0;0.0;8.0;1.0;4.0;3.0;1.0;5.0;2.0;1.0;0.0;0.0;0.0;0.0;1.0;7.0;10.0;75.0;7.0;1.0;23.0;8.0;27.0;14.0;458.0;366.0;24.0;45.0;0.0;102.0;3.0;6.0;0.0;2021_2022
94406;73666;35813;Marcio Valverde;33;Perú;Mediocentro;Sport Huancayo;451.0;11.0;3.0;0.0;22.0;5.0;12.0;5.0;0.0;9.0;0.0;0.0;5.0;0.0;0.0;0.0;1.0;9.0;4.0;0.0;2.0;0.0;13.0;5.0;3.0;19.0;276.0;221.0;60.0;34.0;9.0;85.0;4.0;5.0;0.0;2021_2022
126042;110856;35235;Róger Torres;29;Colombia;Mediocentro ofensivo;Ilves;878.0;16.0;11.0;1.0;13.0;3.0;6.0;4.0;0.0;27.0;1.0;0.0;11.0;0.0;0.0;0.0;0.0;11.0;1.0;2.0;10.0;0.0;10.0;18.0;7.0;40.0;441.0;326.0;148.0;42.0;11.0;197.0;17.0;3.0;0.0;2021_2022
72671;33979;35813;Diego Penny;37;Perú;Portero;U. San Martín;2124.0;24.0;25.0;0.0;0.0;0.0;0.0;0.0;0.0;2.0;0.0;0.0;0.0;0.0;0.0;0.0;0.0;2.0;0.0;27.0;1.0;1.0;1.0;5.0;10.0;6.0;696.0;413.0;79.0;257.0;0.0;296.0;0.0;1.0;1.0;2021_2022
621036;973653;35813;Jonathan Bilbao;21;Perú;Defensa central;U. San Martín;246.0;6.0;3.0;0.0;1.0;1.0;0.0;0.0;0.0;3.0;1.0;0.0;1.0;0.0;0.0;0.0;0.0;3.0;2.0;12.0;1.0;1.0;5.0;2.0;4.0;6.0;86.0;49.0;9.0;12.0;1.0;42.0;1.0;1.0;0.0;2021_2022
111130;115187;35813;Joyce Conde;29;Perú;Delantero centro;Alianza UDH;571.0;10.0;9.0;1.0;10.0;2.0;5.0;3.0;0.0;4.0;1.0;0.0;5.0;0.0;0.0;0.0;2.0;3.0;2.0;5.0;0.0;0.0;10.0;9.0;15.0;17.0;123.0;101.0;31.0;4.0;0.0;56.0;8.0;2.0;0.0;2021_2022
320749;385418;35813;Joaquín Aguirre;25;Perú;Lateral izquierdo;Ayacucho FC;1067.0;14.0;12.0;0.0;6.0;3.0;2.0;1.0;0.0;10.0;0.0;1.0;8.0;0.0;0.0;0.0;0.0;19.0;33.0;22.0;6.0;0.0;19.0;14.0;21.0;40.0;414.0;273.0;94.0;30.0;8.0;207.0;2.0;2.0;1.0;2021_2022
520959;886721;35813;Kleiber Palomino;21;Perú;Extremo izquierdo;CA Mannucci;277.0;14.0;1.0;1.0;7.0;3.0;4.0;0.0;0.0;2.0;0.0;1.0;1.0;1.0;0.0;0.0;1.0;6.0;3.0;1.0;2.0;0.0;14.0;9.0;3.0;16.0;53.0;40.0;15.0;2.0;3.0;51.0;11.0;1.0;0.0;2021_2022
325591;875662;35813;Kevin Ruiz;26;Perú;Extremo derecho;U. San Martín;1261.0;19.0;15.0;0.0;13.0;3.0;9.0;1.0;1.0;7.0;1.0;0.0;22.0;0.0;0.0;0.0;4.0;17.0;2.0;4.0;8.0;0.0;33.0;29.0;57.0;68.0;341.0;254.0;90.0;10.0;4.0;253.0;30.0;3.0;2.0;2021_2022
653476;973650;35813;Franco Zanelatto;21;Perú;Extremo derecho;Alianza Lima;1101.0;15.0;12.0;4.0;23.0;7.0;8.0;8.0;0.0;10.0;0.0;0.0;20.0;1.0;0.0;0.0;6.0;15.0;6.0;9.0;4.0;0.0;18.0;37.0;22.0;71.0;255.0;186.0;81.0;7.0;4.0;161.0;21.0;2.0;0.0;2021_2022
196037;340077;35813;Pablo Lavandeira;31;Uruguay;Mediocentro ofensivo;Ayacucho FC;1751.0;22.0;20.0;9.0;67.0;25.0;26.0;16.0;7.0;50.0;6.0;2.0;31.0;1.0;2.0;2.0;3.0;20.0;14.0;22.0;16.0;0.0;35.0;63.0;21.0;114.0;717.0;475.0;263.0;59.0;37.0;477.0;49.0;2.0;0.0;2021_2022
84506;47439;35813;Christian Ramos;32;Perú;Defensa central;César Vallejo;1876.0;21.0;21.0;0.0;5.0;2.0;2.0;1.0;1.0;8.0;1.0;1.0;4.0;0.0;0.0;0.0;0.0;36.0;32.0;73.0;8.0;1.0;40.0;13.0;54.0;51.0;1046.0;815.0;119.0;85.0;3.0;270.0;8.0;7.0;0.0;2021_2022
249975;339843;35235;Aldair Rodríguez;26;Perú;Delantero centro;CD América;676.0;13.0;7.0;0.0;21.0;4.0;10.0;7.0;1.0;10.0;0.0;1.0;9.0;0.0;0.0;0.0;3.0;5.0;1.0;5.0;1.0;0.0;19.0;7.0;18.0;21.0;142.0;105.0;48.0;3.0;0.0;81.0;14.0;4.0;0.0;2021_2022
232859;255997;28216;Cristian Benavente;27;Perú;Mediocentro ofensivo;Pyramids FC;278.0;12.0;2.0;2.0;8.0;5.0;3.0;0.0;0.0;3.0;2.0;2.0;5.0;0.0;0.0;0.0;2.0;3.0;1.0;1.0;2.0;0.0;3.0;2.0;4.0;10.0;116.0;84.0;34.0;2.0;0.0;57.0;6.0;0.0;0.0;2021_2022
480523;876927;37225;Aldair Fuentes;23;Perú;Defensa central;CF Fuenlabrada;139.0;7.0;1.0;0.0;0.0;0.0;0.0;0.0;0.0;1.0;0.0;0.0;0.0;0.0;0.0;0.0;0.0;9.0;1.0;1.0;1.0;0.0;7.0;1.0;14.0;10.0;41.0;16.0;4.0;1.0;0.0;33.0;1.0;1.0;0.0;2021_2022
446662;883813;35813;Eduardo Caballero;24;Perú;Defensa central;Dep. Municipal;843.0;15.0;9.0;0.0;1.0;1.0;0.0;0.0;0.0;2.0;0.0;0.0;2.0;0.0;0.0;0.0;0.0;9.0;21.0;39.0;10.0;1.0;20.0;10.0;21.0;19.0;389.0;290.0;30.0;44.0;0.0;103.0;0.0;6.0;0.0;2021_2022
82571;38006;35813;Raúl Fernández;35;Perú;Portero;Dep. Binacional;1620.0;18.0;19.0;0.0;0.0;0.0;0.0;0.0;0.0;1.0;0.0;0.0;0.0;0.0;0.0;0.0;0.0;2.0;2.0;23.0;0.0;1.0;2.0;1.0;2.0;3.0;391.0;243.0;14.0;105.0;0.0;155.0;0.0;2.0;0.0;2021_2022
95852;123238;35813;Luis Álvarez;31;Perú;Pivote;Cienciano;1461.0;18.0;16.0;2.0;12.0;4.0;6.0;2.0;0.0;4.0;0.0;2.0;8.0;1.0;0.0;0.0;0.0;18.0;36.0;27.0;10.0;0.0;20.0;14.0;24.0;40.0;674.0;547.0;83.0;40.0;1.0;147.0;7.0;4.0;0.0;2021_2022
312151;826380;35813;Ray Sandoval;26;Perú;Extremo derecho;UTC;907.0;17.0;12.0;2.0;23.0;7.0;7.0;9.0;0.0;5.0;0.0;2.0;12.0;1.0;1.0;0.0;5.0;7.0;4.0;6.0;6.0;0.0;19.0;23.0;9.0;42.0;231.0;164.0;65.0;9.0;3.0;150.0;9.0;2.0;0.0;2021_2022
271676;590468;35813;Jeremy Rostaing;26;Perú;Lateral derecho;Sport Boys;1353.0;19.0;15.0;0.0;10.0;5.0;5.0;0.0;1.0;8.0;4.0;0.0;11.0;0.0;0.0;0.0;3.0;40.0;31.0;22.0;11.0;0.0;38.0;22.0;26.0;72.0;565.0;455.0;128.0;35.0;9.0;208.0;14.0;9.0;0.0;2021_2022
125750;992514;37231;Rodrigo Salinas;34;Argentina;Delantero centro;Sarmiento;376.0;11.0;4.0;0.0;6.0;2.0;2.0;2.0;2.0;3.0;1.0;0.0;4.0;0.0;0.0;0.0;3.0;3.0;0.0;7.0;0.0;0.0;5.0;3.0;16.0;10.0;94.0;62.0;22.0;3.0;1.0;68.0;9.0;0.0;0.0;2021_2022
664362;931772;35813;Francesco Cavagna;20;Perú;Defensa central;U. San Martín;727.0;10.0;9.0;0.0;1.0;0.0;0.0;1.0;0.0;0.0;0.0;1.0;0.0;0.0;0.0;0.0;0.0;6.0;21.0;31.0;2.0;1.0;10.0;3.0;13.0;9.0;269.0;182.0;16.0;33.0;0.0;93.0;0.0;3.0;2.0;2021_2022
325711;790018;35813;Elsar Rodas;27;Perú;Lateral izquierdo;César Vallejo;539.0;15.0;4.0;0.0;11.0;3.0;6.0;2.0;0.0;5.0;0.0;0.0;5.0;0.0;0.0;0.0;3.0;12.0;9.0;4.0;3.0;0.0;17.0;19.0;9.0;35.0;250.0;188.0;60.0;8.0;4.0;133.0;16.0;4.0;0.0;2021_2022
352344;876926;35813;Francisco Duclós;25;Perú;Defensa central;Sport Huancayo;369.0;5.0;4.0;0.0;0.0;0.0;0.0;0.0;0.0;0.0;0.0;0.0;1.0;0.0;0.0;0.0;0.0;5.0;6.0;6.0;2.0;1.0;3.0;5.0;7.0;11.0;248.0;211.0;18.0;18.0;0.0;47.0;2.0;0.0;0.0;2021_2022
100197;162603;35813;Juan Morales;32;Perú;Pivote;Alianza UDH;1319.0;16.0;21.0;0.0;1.0;0.0;0.0;1.0;0.0;7.0;0.0;0.0;6.0;0.0;0.0;0.0;0.0;45.0;19.0;18.0;8.0;0.0;29.0;28.0;16.0;79.0;623.0;543.0;48.0;40.0;2.0;120.0;10.0;6.0;1.0;2021_2022
188058;286881;35813;Nicolás Royón;30;Uruguay;Delantero centro;Cusco FC;339.0;9.0;5.0;0.0;6.0;3.0;2.0;1.0;1.0;4.0;0.0;0.0;2.0;0.0;0.0;0.0;6.0;1.0;0.0;3.0;1.0;0.0;7.0;1.0;5.0;4.0;45.0;30.0;16.0;2.0;0.0;29.0;3.0;0.0;0.0;2021_2022
250004;312270;35813;Édinson Chávez;27;Perú;Lateral derecho;Alianza UDH;1328.0;18.0;18.0;2.0;6.0;3.0;1.0;2.0;1.0;8.0;2.0;0.0;14.0;1.0;0.0;0.0;2.0;33.0;29.0;28.0;16.0;0.0;27.0;17.0;5.0;64.0;518.0;373.0;102.0;34.0;7.0;238.0;11.0;9.0;1.0;2021_2022
489993;875661;35813;Jorge Toledo;25;Perú;Lateral derecho;Juan Aurich;631.0;8.0;7.0;0.0;2.0;2.0;0.0;0.0;0.0;2.0;0.0;0.0;7.0;0.0;0.0;0.0;0.0;13.0;8.0;9.0;4.0;0.0;13.0;3.0;6.0;23.0;201.0;143.0;26.0;8.0;4.0;124.0;11.0;3.0;0.0;2021_2022
356221;790030;35813;Santiago Rebagliati;24;Perú;Delantero centro;U. San Martín;260.0;8.0;3.0;0.0;6.0;2.0;3.0;1.0;0.0;4.0;0.0;0.0;0.0;0.0;0.0;0.0;4.0;1.0;1.0;2.0;1.0;0.0;4.0;5.0;9.0;6.0;78.0;47.0;11.0;3.0;0.0;48.0;4.0;0.0;0.0;2021_2022
621021;954811;35813;Sebastián Gonzales;21;Perú;Delantero centro;Alianza Lima;303.0;8.0;3.0;0.0;10.0;1.0;6.0;3.0;1.0;2.0;1.0;2.0;5.0;1.0;0.0;0.0;1.0;0.0;2.0;2.0;0.0;0.0;7.0;4.0;12.0;9.0;72.0;56.0;21.0;0.0;1.0;26.0;4.0;0.0;0.0;2021_2022
662714;1107870;35813;Carlos Meza;18;Perú;Extremo derecho;Sport. Cristal;72.0;2.0;1.0;0.0;0.0;0.0;0.0;0.0;0.0;0.0;0.0;0.0;0.0;0.0;0.0;0.0;0.0;1.0;0.0;1.0;1.0;0.0;2.0;2.0;0.0;3.0;14.0;13.0;4.0;2.0;0.0;8.0;2.0;0.0;0.0;2021_2022
740619;1050816;35813;Aryan Romaní;19;Perú;Extremo derecho;Sport. Cristal;150.0;5.0;1.0;0.0;4.0;1.0;2.0;1.0;0.0;1.0;0.0;0.0;2.0;0.0;0.0;0.0;0.0;0.0;0.0;1.0;4.0;0.0;0.0;3.0;1.0;5.0;35.0;26.0;8.0;4.0;1.0;21.0;1.0;0.0;0.0;2021_2022
267549;589438;35813;Saúl Salas;26;Perú;Defensa central;U. San Martín;1310.0;18.0;15.0;0.0;5.0;1.0;3.0;1.0;0.0;4.0;0.0;1.0;9.0;0.0;0.0;0.0;0.0;45.0;37.0;51.0;10.0;0.0;30.0;23.0;29.0;75.0;429.0;292.0;69.0;38.0;11.0;207.0;6.0;5.0;3.0;2021_2022
325709;883309;35813;Steven Rivadeneyra;26;Perú;Portero;Alianza Lima;540.0;6.0;6.0;0.0;0.0;0.0;0.0;0.0;0.0;0.0;0.0;0.0;0.0;0.0;0.0;0.0;0.0;1.0;1.0;3.0;0.0;0.0;0.0;1.0;2.0;2.0;122.0;63.0;5.0;37.0;0.0;63.0;0.0;0.0;0.0;2021_2022
662699;973664;35813;Yuriel Celi;19;Perú;Mediocentro ofensivo;AD Cantolao;1313.0;18.0;15.0;2.0;24.0;9.0;9.0;6.0;3.0;17.0;4.0;2.0;17.0;0.0;1.0;1.0;0.0;11.0;6.0;10.0;8.0;0.0;27.0;41.0;17.0;69.0;516.0;398.0;132.0;28.0;9.0;226.0;14.0;7.0;0.0;2021_2022
119365;882851;35813;Joazhiño Arroé;29;Perú;Mediocentro ofensivo;Sport Huancayo;653.0;11.0;7.0;0.0;14.0;2.0;9.0;3.0;1.0;6.0;0.0;1.0;6.0;0.0;0.0;0.0;1.0;3.0;1.0;3.0;4.0;0.0;6.0;13.0;1.0;22.0;273.0;228.0;84.0;12.0;4.0;88.0;7.0;1.0;1.0;2021_2022
343593;896749;36546;Nicolás Olivera;28;Uruguay;Defensa central;Cusco FC;2264.0;25.0;25.0;0.0;0.0;0.0;0.0;0.0;0.0;0.0;0.0;0.0;0.0;0.0;0.0;0.0;0.0;0.0;0.0;0.0;0.0;0.0;0.0;0.0;0.0;0.0;0.0;0.0;0.0;0.0;0.0;0.0;0.0;8.0;1.0;2021_2022
454926;846374;35813;Junior Morales;25;Perú;Defensa central;UTC;165.0;4.0;1.0;0.0;0.0;0.0;0.0;0.0;0.0;0.0;0.0;0.0;0.0;0.0;0.0;0.0;0.0;1.0;2.0;10.0;1.0;0.0;5.0;4.0;1.0;5.0;35.0;24.0;5.0;5.0;0.0;15.0;0.0;0.0;0.0;2021_2022
304322;777269;37238;Diego Chávez;26;México;Delantero centro;Toluca;373.0;10.0;1.0;2.0;13.0;6.0;6.0;1.0;0.0;3.0;0.0;2.0;2.0;0.0;0.0;0.0;2.0;7.0;5.0;3.0;3.0;0.0;14.0;3.0;6.0;12.0;87.0;62.0;19.0;3.0;0.0;46.0;5.0;3.0;0.0;2021_2022
481192;876304;36048;Luis Haquín;23;Bolivia;Defensa central;Club Puebla;1305.0;15.0;15.0;1.0;4.0;2.0;2.0;0.0;0.0;3.0;0.0;0.0;7.0;0.0;0.0;0.0;1.0;11.0;23.0;38.0;2.0;0.0;14.0;1.0;26.0;19.0;375.0;268.0;44.0;47.0;0.0;121.0;5.0;2.0;0.0;2021_2022
368844;924924;35813;Carlos Neyra;26;Perú;Lateral derecho;Dep. Municipal;996.0;14.0;12.0;0.0;3.0;1.0;2.0;0.0;0.0;4.0;1.0;0.0;2.0;0.0;0.0;0.0;2.0;29.0;14.0;15.0;4.0;0.0;20.0;24.0;5.0;55.0;377.0;280.0;63.0;26.0;4.0;157.0;4.0;6.0;0.0;2021_2022
662705;989259;35813;Mathías Llontop;19;Perú;Lateral izquierdo;U. San Martín;196.0;3.0;2.0;0.0;1.0;0.0;0.0;1.0;0.0;1.0;0.0;0.0;0.0;0.0;0.0;0.0;0.0;3.0;4.0;10.0;0.0;0.0;2.0;1.0;3.0;4.0;43.0;30.0;2.0;4.0;0.0;20.0;0.0;0.0;0.0;2021_2022
180911;789965;36048;João Ortiz;30;Perú;Lateral izquierdo;Melipilla;663.0;12.0;9.0;0.0;5.0;0.0;3.0;2.0;2.0;12.0;3.0;1.0;8.0;0.0;0.0;0.0;0.0;15.0;8.0;7.0;4.0;0.0;4.0;10.0;10.0;33.0;235.0;167.0;30.0;13.0;13.0;133.0;3.0;0.0;0.0;2021_2022
458461;1020999;35813;José Rivera;24;Perú;Delantero centro;Cusco FC;1387.0;18.0;17.0;3.0;31.0;14.0;11.0;6.0;2.0;18.0;2.0;2.0;25.0;0.0;0.0;0.0;6.0;21.0;8.0;4.0;5.0;0.0;23.0;25.0;8.0;71.0;333.0;284.0;105.0;9.0;1.0;140.0;26.0;2.0;0.0;2021_2022
140931;107596;35235;John Narváez;30;Ecuador;Defensa central;Deportes Tolima;1109.0;16.0;12.0;1.0;4.0;1.0;2.0;1.0;0.0;8.0;1.0;0.0;7.0;0.0;0.0;0.0;0.0;18.0;17.0;16.0;7.0;0.0;23.0;4.0;20.0;29.0;378.0;284.0;37.0;25.0;0.0;138.0;9.0;2.0;0.0;2021_2022
140931;107596;37473;John Narváez;30;Ecuador;Defensa central;Deportes Tolima;90.0;1.0;1.0;0.0;0.0;0.0;0.0;0.0;0.0;0.0;0.0;0.0;1.0;0.0;0.0;0.0;0.0;2.0;2.0;1.0;1.0;0.0;0.0;0.0;2.0;3.0;47.0;39.0;4.0;4.0;0.0;8.0;0.0;0.0;0.0;2021_2022
483713;882860;35813;Luis Carranza;22;Perú;Extremo derecho;Ayacucho FC;375.0;16.0;1.0;1.0;14.0;4.0;6.0;4.0;2.0;14.0;2.0;1.0;14.0;1.0;0.0;0.0;1.0;6.0;1.0;0.0;4.0;0.0;13.0;14.0;1.0;34.0;139.0;108.0;60.0;7.0;11.0;85.0;10.0;1.0;0.0;2021_2022
621023;975924;35813;José Inga;21;Perú;Pivote;Sport. Cristal;1890.0;26.0;23.0;0.0;14.0;3.0;8.0;3.0;1.0;6.0;0.0;0.0;14.0;0.0;0.0;0.0;0.0;39.0;23.0;18.0;18.0;0.0;34.0;46.0;19.0;98.0;834.0;654.0;124.0;92.0;0.0;233.0;15.0;4.0;0.0;2021_2022
400254;846749;27591;Alexander Lecaros;21;Perú;Extremo izquierdo;Sin equipo;260.0;11.0;1.0;0.0;6.0;2.0;0.0;4.0;0.0;3.0;1.0;0.0;9.0;1.0;0.0;0.0;1.0;2.0;1.0;0.0;1.0;0.0;2.0;12.0;3.0;23.0;110.0;91.0;44.0;1.0;3.0;54.0;6.0;0.0;0.0;2021_2022
357124;805366;35813;Oshiro Takeuchi;26;Perú;Extremo derecho;Cienciano;462.0;15.0;4.0;0.0;11.0;2.0;5.0;4.0;0.0;5.0;0.0;1.0;5.0;1.0;0.0;0.0;4.0;4.0;4.0;4.0;1.0;0.0;11.0;11.0;7.0;20.0;125.0;95.0;26.0;2.0;2.0;64.0;5.0;1.0;0.0;2021_2022
178104;340349;35813;Gabriel Leyes;31;Uruguay;Delantero centro;AD Cantolao;1847.0;22.0;22.0;11.0;48.0;27.0;12.0;9.0;1.0;13.0;2.0;9.0;12.0;1.0;3.0;1.0;19.0;19.0;0.0;20.0;8.0;1.0;60.0;39.0;86.0;67.0;433.0;266.0;92.0;17.0;1.0;275.0;39.0;6.0;1.0;2021_2022
285561;873698;35813;José Lozada;29;Perú;Portero;AD Cantolao;315.0;4.0;3.0;0.0;0.0;0.0;0.0;0.0;0.0;0.0;0.0;0.0;0.0;0.0;0.0;0.0;0.0;0.0;0.0;2.0;0.0;0.0;0.0;0.0;0.0;0.0;100.0;47.0;4.0;25.0;0.0;55.0;0.0;0.0;0.0;2021_2022
82577;38024;35813;Julio Landauri;35;Perú;Extremo izquierdo;Alianza UDH;1127.0;16.0;18.0;1.0;11.0;2.0;5.0;4.0;0.0;11.0;1.0;1.0;6.0;0.0;0.0;0.0;1.0;24.0;8.0;8.0;12.0;0.0;9.0;27.0;4.0;57.0;411.0;303.0;84.0;19.0;10.0;191.0;10.0;3.0;0.0;2021_2022
94447;960216;35813;Jorge Molina;34;Perú;Pivote;Cienciano;802.0;13.0;10.0;0.0;10.0;0.0;7.0;3.0;0.0;3.0;0.0;0.0;1.0;0.0;0.0;0.0;0.0;26.0;16.0;19.0;14.0;0.0;26.0;6.0;19.0;33.0;361.0;297.0;53.0;20.0;0.0;69.0;0.0;7.0;0.0;2021_2022
390609;868711;35813;Eduardo Rabanal;24;Perú;Lateral derecho;CA Mannucci;1174.0;15.0;14.0;0.0;5.0;0.0;3.0;2.0;1.0;10.0;1.0;0.0;4.0;0.0;0.0;0.0;3.0;17.0;26.0;16.0;7.0;0.0;8.0;8.0;15.0;29.0;446.0;324.0;63.0;30.0;7.0;210.0;10.0;1.0;2.0;2021_2022
123418;107388;35813;Óscar Vílchez;35;Perú;Mediocentro;Alianza UDH;742.0;14.0;7.0;0.0;8.0;0.0;6.0;2.0;0.0;4.0;0.0;0.0;5.0;0.0;0.0;0.0;0.0;9.0;11.0;8.0;11.0;0.0;14.0;18.0;3.0;32.0;375.0;308.0;75.0;35.0;1.0;84.0;5.0;0.0;0.0;2021_2022
63451;26176;35813;Damián Ísmodes;32;Perú;Extremo derecho;Alianza UDH;591.0;12.0;8.0;2.0;4.0;3.0;0.0;1.0;0.0;5.0;0.0;0.0;6.0;0.0;0.0;0.0;1.0;10.0;4.0;4.0;3.0;0.0;16.0;13.0;5.0;29.0;146.0;119.0;23.0;3.0;4.0;91.0;13.0;3.0;0.0;2021_2022
686154;973658;35813;Luis Valverde;21;Perú;Defensa central;Universitario;225.0;3.0;3.0;0.0;1.0;0.0;1.0;0.0;0.0;0.0;0.0;0.0;0.0;0.0;0.0;0.0;0.0;2.0;3.0;12.0;2.0;1.0;3.0;2.0;3.0;4.0;94.0;74.0;11.0;10.0;0.0;29.0;1.0;2.0;0.0;2021_2022
484949;883734;35813;Víctor Salas;28;Perú;Defensa central;AD Cantolao;267.0;4.0;3.0;0.0;1.0;0.0;0.0;1.0;0.0;1.0;0.0;0.0;1.0;0.0;0.0;0.0;0.0;6.0;2.0;5.0;3.0;0.0;6.0;1.0;7.0;8.0;97.0;60.0;13.0;18.0;0.0;45.0;0.0;1.0;1.0;2021_2022
82570;924643;35813;John Fajardo;32;Perú;Defensa central;Dep. Binacional;1465.0;18.0;17.0;0.0;3.0;0.0;2.0;1.0;0.0;5.0;0.0;0.0;2.0;0.0;0.0;0.0;0.0;14.0;30.0;71.0;14.0;0.0;7.0;6.0;31.0;22.0;591.0;418.0;55.0;75.0;0.0;196.0;0.0;0.0;0.0;2021_2022
653689;973635;35813;Felipe Mesones;26;Perú;Lateral izquierdo;Dep. Binacional;739.0;13.0;9.0;0.0;11.0;3.0;5.0;3.0;0.0;3.0;1.0;1.0;1.0;0.0;0.0;0.0;2.0;10.0;10.0;11.0;5.0;0.0;11.0;3.0;11.0;14.0;247.0;186.0;29.0;14.0;2.0;76.0;1.0;2.0;0.0;2021_2022
621031;944073;35813;Michel Rasmussen;21;Perú;Extremo derecho;FBC Melgar;205.0;7.0;2.0;0.0;5.0;1.0;2.0;2.0;1.0;4.0;1.0;0.0;1.0;0.0;0.0;0.0;2.0;1.0;2.0;3.0;0.0;0.0;3.0;3.0;3.0;5.0;60.0;41.0;13.0;2.0;1.0;32.0;2.0;1.0;0.0;2021_2022
375178;805270;35813;Paolo Fuentes;25;Perú;Defensa central;Sport Boys;1141.0;14.0;13.0;0.0;9.0;1.0;4.0;4.0;0.0;3.0;0.0;0.0;5.0;0.0;0.0;0.0;1.0;15.0;23.0;49.0;4.0;1.0;14.0;16.0;36.0;35.0;505.0;402.0;34.0;69.0;0.0;123.0;3.0;5.0;0.0;2021_2022
214719;220929;35813;Carlos Beltrán;30;Argentina;Pivote;Ayacucho FC;1421.0;18.0;16.0;1.0;29.0;7.0;17.0;5.0;0.0;6.0;0.0;1.0;3.0;0.0;0.0;0.0;1.0;26.0;16.0;47.0;15.0;1.0;57.0;26.0;72.0;53.0;607.0;447.0;96.0;61.0;2.0;185.0;6.0;9.0;0.0;2021_2022
170616;176289;35813;Ángel Romero;30;Perú;Pivote;Dep. Binacional;1433.0;21.0;17.0;0.0;12.0;5.0;6.0;1.0;0.0;12.0;2.0;2.0;10.0;0.0;0.0;0.0;1.0;48.0;21.0;23.0;11.0;1.0;40.0;9.0;22.0;65.0;617.0;495.0;113.0;38.0;1.0;152.0;7.0;7.0;1.0;2021_2022
260324;339163;35813;Josué Estrada;26;Perú;Lateral derecho;UTC;1840.0;22.0;23.0;3.0;32.0;6.0;17.0;9.0;1.0;28.0;3.0;0.0;17.0;0.0;0.0;0.0;1.0;43.0;41.0;42.0;13.0;0.0;30.0;20.0;43.0;80.0;641.0;408.0;139.0;64.0;29.0;468.0;22.0;7.0;1.0;2021_2022
342051;846373;35813;Patrick Zubczuk;26;Perú;Portero;Universitario;373.0;5.0;4.0;0.0;0.0;0.0;0.0;0.0;0.0;2.0;0.0;0.0;0.0;0.0;0.0;0.0;0.0;0.0;0.0;8.0;0.0;0.0;0.0;3.0;2.0;2.0;152.0;89.0;11.0;33.0;0.0;63.0;0.0;1.0;0.0;2021_2022
662696;1107893;35813;José Soto;19;Perú;Lateral izquierdo;Universitario;180.0;3.0;3.0;0.0;0.0;0.0;0.0;0.0;0.0;3.0;0.0;0.0;3.0;0.0;0.0;0.0;0.0;4.0;3.0;1.0;1.0;0.0;4.0;0.0;1.0;7.0;48.0;35.0;10.0;2.0;1.0;30.0;2.0;0.0;0.0;2021_2022
292729;384658;35813;Alexis Cossio;26;Perú;Lateral izquierdo;Dep. Municipal;911.0;12.0;10.0;0.0;12.0;4.0;4.0;4.0;1.0;12.0;0.0;1.0;8.0;0.0;0.0;0.0;2.0;25.0;15.0;14.0;3.0;0.0;12.0;21.0;13.0;53.0;256.0;201.0;48.0;7.0;17.0;143.0;13.0;3.0;0.0;2021_2022
94761;883299;35813;Janio Pósito;31;Perú;Delantero centro;Cusco FC;1352.0;25.0;13.0;5.0;35.0;14.0;13.0;8.0;1.0;17.0;3.0;2.0;5.0;0.0;0.0;0.0;14.0;9.0;6.0;14.0;3.0;0.0;20.0;24.0;46.0;35.0;361.0;260.0;132.0;10.0;0.0;173.0;15.0;3.0;0.0;2021_2022
72971;26172;35813;Jair Céspedes;37;Perú;Lateral izquierdo;Cusco FC;1379.0;16.0;17.0;1.0;9.0;3.0;6.0;0.0;2.0;12.0;1.0;1.0;9.0;0.0;0.0;0.0;0.0;16.0;29.0;34.0;6.0;0.0;3.0;13.0;17.0;38.0;512.0;402.0;101.0;34.0;13.0;188.0;13.0;0.0;0.0;2021_2022
178893;590310;35813;Víctor Cedrón;27;Perú;Mediocentro ofensivo;Cusco FC;1076.0;19.0;13.0;3.0;30.0;10.0;8.0;12.0;1.0;16.0;4.0;0.0;19.0;0.0;0.0;0.0;0.0;22.0;10.0;1.0;7.0;0.0;20.0;30.0;18.0;71.0;504.0;376.0;155.0;24.0;12.0;244.0;20.0;3.0;0.0;2021_2022
106283;220935;35813;Edson Aubert;32;Perú;Pivote;Cusco FC;1347.0;24.0;17.0;4.0;24.0;12.0;5.0;7.0;1.0;13.0;2.0;1.0;12.0;0.0;2.0;1.0;0.0;29.0;23.0;14.0;12.0;0.0;25.0;14.0;10.0;55.0;840.0;666.0;153.0;104.0;10.0;245.0;8.0;2.0;0.0;2021_2022
242546;1100345;35235;Yonatan Murillo;28;Colombia;Defensa central;Patriotas;1516.0;17.0;17.0;1.0;9.0;3.0;3.0;3.0;2.0;8.0;4.0;1.0;8.0;0.0;0.0;0.0;2.0;43.0;45.0;55.0;20.0;0.0;18.0;10.0;23.0;61.0;548.0;408.0;50.0;48.0;4.0;214.0;8.0;1.0;0.0;2021_2022
242546;1100345;37473;Yonatan Murillo;28;Colombia;Defensa central;Patriotas;1261.0;15.0;14.0;0.0;14.0;2.0;8.0;4.0;0.0;2.0;0.0;0.0;1.0;0.0;0.0;0.0;1.0;31.0;32.0;65.0;8.0;1.0;17.0;5.0;30.0;37.0;498.0;398.0;32.0;59.0;0.0;117.0;2.0;1.0;1.0;2021_2022
832217;1086281;35813;Yimy Gamero;19;Perú;Pivote;FBC Melgar;114.0;2.0;1.0;0.0;0.0;0.0;0.0;0.0;0.0;2.0;0.0;0.0;2.0;0.0;0.0;0.0;0.0;4.0;4.0;0.0;1.0;0.0;0.0;3.0;2.0;9.0;61.0;51.0;13.0;0.0;0.0;17.0;0.0;0.0;0.0;2021_2022
662693;978557;35813;Diego Enríquez;19;Perú;Portero;Sport. Cristal;990.0;11.0;11.0;0.0;0.0;0.0;0.0;0.0;0.0;1.0;0.0;0.0;0.0;0.0;0.0;0.0;0.0;0.0;0.0;10.0;0.0;0.0;0.0;1.0;0.0;1.0;223.0;150.0;13.0;56.0;0.0;76.0;0.0;1.0;0.0;2021_2022
434955;883293;35813;Leonel Solís;24;Perú;Pivote;AD Cantolao;1180.0;15.0;13.0;1.0;6.0;2.0;3.0;1.0;0.0;4.0;0.0;0.0;7.0;0.0;0.0;0.0;0.0;24.0;22.0;16.0;14.0;0.0;28.0;13.0;6.0;44.0;453.0;385.0;72.0;19.0;0.0;97.0;8.0;0.0;0.0;2021_2022
483715;883812;35813;Renato Espinosa;22;Perú;Delantero centro;Alianza UDH;884.0;18.0;12.0;5.0;15.0;6.0;8.0;1.0;1.0;7.0;1.0;0.0;5.0;2.0;2.0;2.0;7.0;7.0;2.0;8.0;9.0;0.0;18.0;13.0;29.0;24.0;197.0;129.0;44.0;3.0;0.0;129.0;10.0;3.0;0.0;2021_2022
486264;883339;35813;Kevin Moreno;24;Perú;Defensa central;CA Mannucci;917.0;15.0;10.0;0.0;2.0;1.0;0.0;1.0;1.0;5.0;1.0;0.0;1.0;0.0;0.0;0.0;0.0;15.0;6.0;36.0;12.0;0.0;7.0;10.0;10.0;25.0;341.0;244.0;49.0;35.0;4.0;133.0;4.0;4.0;0.0;2021_2022
67439;974451;37231;Matías Pérez García;36;Argentina;Mediocentro ofensivo;Gimnasia;648.0;12.0;8.0;2.0;5.0;3.0;2.0;0.0;0.0;12.0;2.0;0.0;7.0;0.0;0.0;0.0;1.0;27.0;7.0;3.0;8.0;0.0;10.0;31.0;5.0;65.0;328.0;266.0;85.0;25.0;1.0;108.0;12.0;0.0;0.0;2021_2022
56004;590448;35813;Emiliano Ciucci;35;Argentina;Pivote;César Vallejo;1472.0;20.0;16.0;0.0;21.0;3.0;12.0;6.0;0.0;2.0;0.0;2.0;10.0;0.0;0.0;0.0;0.0;35.0;24.0;22.0;18.0;1.0;39.0;24.0;49.0;67.0;786.0;605.0;91.0;68.0;3.0;238.0;10.0;3.0;0.0;2021_2022
421396;829887;27591;Mariano Vázquez;28;Argentina;Mediocentro ofensivo;Fortaleza;408.0;19.0;3.0;0.0;5.0;1.0;4.0;0.0;0.0;2.0;1.0;1.0;8.0;1.0;0.0;0.0;3.0;9.0;1.0;0.0;9.0;0.0;13.0;12.0;2.0;29.0;104.0;83.0;39.0;7.0;0.0;42.0;8.0;2.0;0.0;2021_2022
124244;122618;36048;Leonel Galeano;29;Argentina;Defensa central;Curicó Unido;1383.0;21.0;16.0;1.0;13.0;3.0;5.0;5.0;1.0;2.0;0.0;0.0;1.0;0.0;0.0;0.0;0.0;26.0;31.0;56.0;6.0;0.0;18.0;4.0;35.0;31.0;537.0;373.0;36.0;54.0;1.0;175.0;1.0;3.0;0.0;2021_2022
250437;589448;35813;Jean Pierre Archimbaud;26;Perú;Pivote;Dep. Municipal;1187.0;17.0;15.0;0.0;14.0;3.0;10.0;1.0;0.0;5.0;1.0;2.0;3.0;0.0;0.0;0.0;2.0;21.0;18.0;19.0;7.0;1.0;31.0;19.0;33.0;43.0;574.0;432.0;109.0;44.0;1.0;172.0;4.0;3.0;2.0;2021_2022
207246;249403;35813;Martín Pérez Guedes;29;Argentina;Mediocentro;U. San Martín;2351.0;26.0;27.0;7.0;55.0;23.0;18.0;14.0;1.0;40.0;3.0;5.0;17.0;0.0;2.0;1.0;6.0;23.0;10.0;33.0;13.0;0.0;24.0;30.0;17.0;70.0;1206.0;968.0;307.0;103.0;40.0;422.0;30.0;3.0;0.0;2021_2022
662708;988299;35813;Nicolás Figueroa;19;Perú;Delantero centro;U. San Martín;990.0;20.0;12.0;0.0;11.0;3.0;2.0;6.0;1.0;5.0;1.0;0.0;5.0;1.0;0.0;0.0;4.0;15.0;4.0;6.0;9.0;0.0;24.0;21.0;22.0;41.0;189.0;137.0;47.0;5.0;2.0;111.0;22.0;1.0;0.0;2021_2022
96309;897009;35813;Alexis Blanco;33;Argentina;Delantero centro;UTC;1592.0;22.0;19.0;11.0;33.0;17.0;13.0;3.0;4.0;26.0;3.0;6.0;3.0;1.0;3.0;3.0;10.0;8.0;5.0;17.0;4.0;0.0;29.0;21.0;83.0;30.0;412.0;256.0;101.0;8.0;1.0;212.0;16.0;0.0;0.0;2021_2022
494597;922869;35813;Jesús Barco;24;Perú;Pivote;CA Mannucci;1060.0;19.0;11.0;0.0;5.0;1.0;2.0;2.0;0.0;5.0;1.0;0.0;3.0;0.0;0.0;0.0;0.0;37.0;16.0;24.0;31.0;0.0;40.0;20.0;11.0;59.0;468.0;367.0;84.0;45.0;1.0;130.0;7.0;8.0;1.0;2021_2022
473579;876928;35813;Luis Garro;24;Perú;Lateral derecho;U. San Martín;1138.0;17.0;12.0;1.0;8.0;3.0;2.0;3.0;0.0;3.0;0.0;1.0;11.0;0.0;0.0;0.0;0.0;18.0;32.0;25.0;10.0;0.0;15.0;17.0;18.0;46.0;352.0;263.0;61.0;20.0;7.0;161.0;7.0;0.0;0.0;2021_2022
288320;602184;35235;Cristian Florez;26;Colombia;Lateral izquierdo;Pereira;1171.0;14.0;13.0;1.0;15.0;2.0;10.0;3.0;0.0;10.0;2.0;0.0;8.0;0.0;0.0;0.0;0.0;20.0;38.0;21.0;8.0;0.0;11.0;17.0;14.0;44.0;419.0;284.0;71.0;27.0;3.0;196.0;3.0;1.0;0.0;2021_2022
288320;602184;37473;Cristian Florez;26;Colombia;Lateral izquierdo;Pereira;985.0;11.0;11.0;0.0;9.0;0.0;8.0;1.0;0.0;6.0;0.0;0.0;1.0;0.0;0.0;0.0;2.0;21.0;18.0;18.0;7.0;1.0;16.0;6.0;8.0;27.0;340.0;260.0;45.0;26.0;2.0;127.0;6.0;2.0;0.0;2021_2022
475116;883142;35813;Diego Saffadi;23;Perú;Delantero centro;Alianza Atl.;912.0;15.0;10.0;5.0;33.0;15.0;12.0;6.0;3.0;11.0;3.0;2.0;11.0;1.0;0.0;0.0;5.0;8.0;0.0;9.0;5.0;0.0;20.0;50.0;15.0;69.0;210.0;156.0;77.0;8.0;2.0;129.0;25.0;5.0;0.0;2021_2022
224670;339177;35813;Rodrigo Cuba;29;Perú;Lateral derecho;César Vallejo;1098.0;16.0;12.0;1.0;14.0;4.0;9.0;1.0;1.0;11.0;1.0;0.0;3.0;0.0;0.0;0.0;2.0;13.0;14.0;7.0;5.0;0.0;7.0;6.0;21.0;22.0;303.0;224.0;73.0;15.0;6.0;138.0;2.0;1.0;0.0;2021_2022
375364;805259;35813;Mario Palomino;27;Perú;Pivote;Dep. Binacional;916.0;18.0;10.0;3.0;34.0;11.0;14.0;9.0;2.0;26.0;2.0;1.0;8.0;0.0;0.0;0.0;0.0;18.0;9.0;3.0;6.0;0.0;29.0;34.0;7.0;60.0;433.0;311.0;130.0;37.0;9.0;227.0;22.0;4.0;1.0;2021_2022
628328;932088;35813;Piero Vivanco;21;Perú;Extremo derecho;Alianza Lima;1032.0;18.0;12.0;1.0;13.0;4.0;6.0;3.0;2.0;24.0;3.0;0.0;17.0;0.0;0.0;0.0;0.0;14.0;6.0;0.0;6.0;0.0;11.0;9.0;9.0;40.0;416.0;300.0;117.0;22.0;14.0;194.0;16.0;1.0;0.0;2021_2022
120964;578352;35813;Mauro Guevgeozián;35;Armenia;Delantero centro;CA Mannucci;1020.0;14.0;12.0;3.0;25.0;10.0;13.0;2.0;2.0;11.0;1.0;4.0;2.0;1.0;1.0;0.0;7.0;4.0;4.0;24.0;4.0;0.0;26.0;12.0;19.0;18.0;254.0;166.0;62.0;11.0;0.0;128.0;12.0;3.0;1.0;2021_2022
260094;873704;35813;Ángel Pérez;31;Perú;Lateral derecho;Dep. Binacional;910.0;13.0;12.0;0.0;7.0;2.0;3.0;2.0;2.0;8.0;1.0;0.0;10.0;0.0;0.0;0.0;0.0;21.0;21.0;23.0;7.0;0.0;17.0;9.0;14.0;40.0;335.0;220.0;62.0;25.0;5.0;200.0;9.0;4.0;1.0;2021_2022
249967;925232;35813;Juan Barreda;28;Perú;Defensa central;Alianza Atl.;1421.0;19.0;15.0;1.0;5.0;2.0;2.0;1.0;0.0;1.0;0.0;0.0;1.0;0.0;0.0;0.0;0.0;20.0;37.0;49.0;8.0;1.0;17.0;7.0;31.0;28.0;436.0;311.0;26.0;39.0;0.0;140.0;3.0;4.0;0.0;2021_2022
670060;1090706;35813;Victor Perlaza;26;Colombia;Delantero centro;Alianza Atl.;1948.0;23.0;24.0;11.0;59.0;22.0;23.0;14.0;0.0;15.0;1.0;11.0;19.0;0.0;5.0;4.0;11.0;9.0;2.0;8.0;7.0;0.0;46.0;50.0;45.0;78.0;410.0;306.0;130.0;18.0;1.0;245.0;34.0;1.0;0.0;2021_2022
54594;790020;35813;Diego Manicero;36;Argentina;Mediocentro ofensivo;Alianza UDH;899.0;14.0;10.0;5.0;26.0;11.0;12.0;3.0;2.0;11.0;1.0;2.0;6.0;0.0;4.0;4.0;1.0;3.0;1.0;10.0;8.0;0.0;9.0;14.0;4.0;23.0;274.0;210.0;94.0;17.0;14.0;145.0;7.0;2.0;0.0;2021_2022
356381;873703;35813;Anthony Rosell;26;Perú;Lateral izquierdo;Dep. Binacional;1488.0;19.0;18.0;1.0;20.0;4.0;10.0;6.0;3.0;24.0;3.0;0.0;5.0;0.0;0.0;0.0;2.0;21.0;20.0;18.0;15.0;0.0;16.0;26.0;12.0;52.0;394.0;282.0;91.0;22.0;21.0;238.0;11.0;1.0;0.0;2021_2022
451338;874987;36166;Fernando Pacheco;22;Perú;Extremo izquierdo;Fluminense;237.0;16.0;0.0;0.0;5.0;0.0;4.0;1.0;0.0;3.0;1.0;0.0;4.0;0.0;0.0;0.0;1.0;3.0;1.0;1.0;2.0;0.0;6.0;8.0;1.0;15.0;47.0;33.0;21.0;2.0;5.0;51.0;8.0;2.0;0.0;2021_2022
94880;46988;35117;Yoshimar Yotún;31;Perú;Mediocentro;Cruz Azul;967.0;23.0;11.0;0.0;9.0;3.0;4.0;2.0;1.0;20.0;1.0;0.0;6.0;0.0;0.0;0.0;0.0;31.0;12.0;3.0;23.0;1.0;23.0;8.0;8.0;44.0;583.0;493.0;138.0;62.0;13.0;164.0;8.0;3.0;0.0;2021_2022
94880;46988;37238;Yoshimar Yotún;31;Perú;Mediocentro;Cruz Azul;786.0;13.0;9.0;1.0;7.0;1.0;6.0;0.0;0.0;10.0;2.0;1.0;0.0;0.0;1.0;1.0;0.0;15.0;5.0;1.0;13.0;0.0;22.0;10.0;3.0;25.0;495.0;422.0;118.0;41.0;14.0;122.0;6.0;4.0;1.0;2021_2022
248094;828836;35813;Leandro Sosa;27;Uruguay;Lateral derecho;Ayacucho FC;1992.0;23.0;23.0;3.0;47.0;17.0;21.0;9.0;4.0;45.0;6.0;5.0;23.0;1.0;0.0;0.0;11.0;17.0;10.0;6.0;14.0;1.0;21.0;46.0;18.0;86.0;751.0;591.0;274.0;25.0;31.0;332.0;36.0;0.0;1.0;2021_2022
127459;169935;35813;Osnar Noronha;29;Perú;Delantero centro;CA Mannucci;1164.0;22.0;12.0;4.0;22.0;12.0;4.0;6.0;1.0;11.0;2.0;3.0;15.0;2.0;0.0;0.0;6.0;17.0;4.0;19.0;4.0;0.0;26.0;20.0;17.0;52.0;288.0;211.0;104.0;10.0;3.0;158.0;21.0;5.0;0.0;2021_2022
189283;220921;35813;Carlos Ascues;29;Perú;Defensa central;FBC Melgar;1227.0;16.0;15.0;2.0;20.0;8.0;6.0;6.0;1.0;11.0;2.0;2.0;4.0;0.0;0.0;0.0;4.0;20.0;11.0;15.0;8.0;0.0;15.0;17.0;14.0;41.0;419.0;334.0;70.0;37.0;2.0;147.0;13.0;0.0;0.0;2021_2022
334104;805267;35813;Patricio Arce;28;Perú;Mediocentro ofensivo;AD Cantolao;1166.0;16.0;14.0;2.0;15.0;8.0;4.0;3.0;0.0;21.0;2.0;2.0;12.0;0.0;1.0;1.0;3.0;11.0;3.0;6.0;11.0;0.0;9.0;20.0;7.0;42.0;548.0;433.0;155.0;32.0;8.0;221.0;26.0;1.0;0.0;2021_2022
741727;1018255;35813;Orlando Núñez;21;Perú;Lateral izquierdo;AD Cantolao;1902.0;23.0;22.0;1.0;8.0;4.0;3.0;1.0;0.0;9.0;0.0;0.0;12.0;1.0;0.0;0.0;3.0;23.0;23.0;32.0;8.0;0.0;38.0;83.0;16.0;117.0;586.0;431.0;85.0;35.0;2.0;289.0;13.0;7.0;0.0;2021_2022
789198;1017747;35813;Benjamín Ampuero;20;Perú;Defensa central;Sport Boys;1162.0;16.0;15.0;1.0;3.0;1.0;2.0;0.0;1.0;1.0;1.0;0.0;0.0;0.0;0.0;0.0;2.0;21.0;18.0;31.0;6.0;1.0;15.0;4.0;19.0;25.0;461.0;386.0;27.0;48.0;0.0;87.0;3.0;1.0;1.0;2021_2022
477378;883396;35813;Carlos Cabello;23;Perú;Lateral derecho;Sport. Cristal;990.0;14.0;11.0;0.0;3.0;1.0;2.0;0.0;1.0;7.0;0.0;0.0;14.0;0.0;0.0;0.0;1.0;27.0;18.0;13.0;7.0;1.0;13.0;14.0;4.0;55.0;348.0;264.0;75.0;14.0;2.0;155.0;8.0;5.0;0.0;2021_2022
94735;311734;35813;Marcos Delgado;33;Perú;Defensa central;Ayacucho FC;1373.0;20.0;15.0;0.0;9.0;4.0;3.0;2.0;0.0;5.0;0.0;0.0;5.0;0.0;0.0;0.0;3.0;39.0;34.0;64.0;19.0;0.0;30.0;22.0;36.0;66.0;580.0;381.0;76.0;107.0;4.0;236.0;11.0;4.0;1.0;2021_2022
398023;836280;35813;Alexis Rojas;25;Perú;Extremo izquierdo;Sport Huancayo;187.0;6.0;1.0;1.0;5.0;3.0;1.0;1.0;1.0;1.0;1.0;0.0;1.0;0.0;0.0;0.0;1.0;6.0;3.0;0.0;1.0;0.0;1.0;5.0;1.0;12.0;85.0;69.0;26.0;0.0;2.0;30.0;4.0;0.0;0.0;2021_2022
664863;957298;35813;Joseph Vega;26;Perú;Lateral izquierdo;AD Cantolao;234.0;4.0;2.0;0.0;1.0;1.0;0.0;0.0;0.0;1.0;0.0;0.0;0.0;0.0;0.0;0.0;0.0;2.0;4.0;4.0;0.0;0.0;3.0;0.0;2.0;2.0;65.0;53.0;13.0;4.0;2.0;31.0;1.0;1.0;0.0;2021_2022
195892;147517;35813;Josué Rodríguez;28;Perú;Lateral izquierdo;Dep. Binacional;89.0;4.0;2.0;0.0;2.0;1.0;0.0;1.0;0.0;0.0;0.0;1.0;0.0;0.0;0.0;0.0;0.0;4.0;1.0;1.0;0.0;0.0;1.0;0.0;1.0;4.0;27.0;22.0;6.0;0.0;0.0;14.0;0.0;0.0;0.0;2021_2022
195858;826377;35813;Yhirbis Córdova;30;Perú;Lateral derecho;Dep. Binacional;590.0;7.0;7.0;1.0;3.0;2.0;0.0;1.0;0.0;4.0;0.0;0.0;1.0;0.0;0.0;0.0;1.0;10.0;21.0;12.0;2.0;1.0;12.0;10.0;3.0;21.0;246.0;186.0;48.0;35.0;7.0;101.0;3.0;4.0;0.0;2021_2022
100497;46980;35813;Alejandro González;33;Uruguay;Defensa central;Sport. Cristal;1352.0;23.0;15.0;0.0;5.0;1.0;3.0;1.0;1.0;4.0;1.0;0.0;0.0;0.0;0.0;0.0;0.0;10.0;25.0;55.0;6.0;0.0;14.0;15.0;32.0;23.0;648.0;546.0;42.0;54.0;4.0;116.0;2.0;2.0;0.0;2021_2022
516242;914294;35813;Edhu Oliva;25;Perú;Mediocentro;Alianza Lima;545.0;15.0;5.0;0.0;8.0;1.0;2.0;5.0;1.0;17.0;2.0;2.0;6.0;0.0;0.0;0.0;0.0;7.0;2.0;3.0;7.0;0.0;5.0;10.0;3.0;23.0;367.0;314.0;110.0;20.0;12.0;98.0;9.0;2.0;0.0;2021_2022
665116;978545;35813;Axel Moyano;20;Perú;Pivote;Alianza Lima;330.0;13.0;3.0;1.0;2.0;1.0;1.0;0.0;0.0;1.0;0.0;0.0;1.0;0.0;0.0;0.0;0.0;14.0;2.0;0.0;1.0;0.0;12.0;3.0;5.0;18.0;142.0;117.0;29.0;7.0;0.0;43.0;7.0;1.0;0.0;2021_2022
741413;1018233;35813;Erick Canales;20;Perú;Lateral derecho;Alianza Lima;59.0;1.0;1.0;0.0;0.0;0.0;0.0;0.0;0.0;0.0;0.0;0.0;0.0;0.0;0.0;0.0;0.0;2.0;1.0;0.0;0.0;0.0;3.0;0.0;0.0;2.0;17.0;12.0;4.0;1.0;1.0;11.0;1.0;0.0;0.0;2021_2022
149622;176285;35813;Werner Schuler;30;Perú;Defensa central;Universitario;2070.0;23.0;24.0;0.0;9.0;3.0;4.0;2.0;0.0;4.0;0.0;1.0;1.0;0.0;0.0;0.0;3.0;24.0;27.0;144.0;4.0;0.0;19.0;9.0;78.0;34.0;725.0;535.0;40.0;91.0;1.0;198.0;0.0;4.0;0.0;2021_2022
480521;883750;35813;Pedro Ynamine;22;Perú;Portero;U. San Martín;246.0;3.0;2.0;0.0;0.0;0.0;0.0;0.0;0.0;0.0;0.0;0.0;0.0;0.0;0.0;0.0;0.0;0.0;0.0;2.0;0.0;0.0;0.0;1.0;3.0;0.0;55.0;26.0;6.0;15.0;0.0;30.0;0.0;0.0;0.0;2021_2022
805862;1017755;35813;Emilio Saba;20;Palestina;Lateral derecho;FBC Melgar;270.0;6.0;4.0;0.0;7.0;0.0;6.0;1.0;0.0;0.0;0.0;0.0;1.0;0.0;0.0;0.0;3.0;6.0;2.0;1.0;1.0;0.0;5.0;1.0;4.0;8.0;62.0;45.0;16.0;4.0;0.0;44.0;7.0;0.0;0.0;2021_2022
73705;249599;35813;Donald Millán;35;Colombia;Mediocentro ofensivo;César Vallejo;941.0;16.0;11.0;2.0;9.0;5.0;2.0;2.0;1.0;24.0;0.0;0.0;8.0;0.0;0.0;0.0;1.0;16.0;0.0;9.0;4.0;0.0;14.0;20.0;12.0;44.0;522.0;413.0;131.0;30.0;9.0;180.0;20.0;0.0;1.0;2021_2022
425260;1016015;35813;Jhon Marchán;22;Venezuela;Mediocentro ofensivo;Sport. Cristal;811.0;18.0;10.0;2.0;16.0;4.0;7.0;5.0;0.0;5.0;0.0;0.0;12.0;0.0;0.0;0.0;1.0;15.0;8.0;1.0;6.0;0.0;17.0;16.0;3.0;43.0;267.0;224.0;72.0;17.0;5.0;130.0;31.0;2.0;0.0;2021_2022
420864;879629;35813;Hideyoshi Arakaki;23;Perú;Extremo derecho;Dep. Municipal;996.0;18.0;11.0;2.0;14.0;5.0;6.0;3.0;2.0;10.0;3.0;2.0;16.0;0.0;0.0;0.0;3.0;9.0;6.0;5.0;8.0;0.0;18.0;14.0;9.0;39.0;218.0;139.0;61.0;6.0;5.0;184.0;19.0;1.0;0.0;2021_2022
491569;936165;35813;Leonardo Mifflin;21;Perú;Pivote;FBC Melgar;250.0;4.0;3.0;0.0;0.0;0.0;0.0;0.0;0.0;0.0;0.0;0.0;0.0;0.0;0.0;0.0;0.0;6.0;5.0;5.0;3.0;0.0;3.0;1.0;3.0;7.0;118.0;85.0;14.0;11.0;0.0;47.0;0.0;0.0;0.0;2021_2022
189236;176159;35964;Andy Polo;26;Perú;Extremo derecho;Portland;185.0;4.0;3.0;0.0;0.0;0.0;0.0;0.0;0.0;4.0;1.0;0.0;1.0;0.0;0.0;0.0;0.0;4.0;0.0;1.0;2.0;0.0;1.0;1.0;0.0;6.0;79.0;73.0;24.0;2.0;1.0;15.0;1.0;0.0;0.0;2021_2022
442677;896879;35486;Luciano Recalde;25;Argentina;Defensa central;Platense;1080.0;12.0;12.0;1.0;6.0;4.0;2.0;0.0;0.0;1.0;0.0;0.0;2.0;0.0;0.0;0.0;5.0;15.0;22.0;51.0;7.0;0.0;14.0;2.0;44.0;19.0;405.0;298.0;32.0;47.0;0.0;113.0;0.0;4.0;1.0;2021_2022
442677;896879;37231;Luciano Recalde;25;Argentina;Defensa central;Platense;819.0;11.0;9.0;0.0;2.0;0.0;2.0;0.0;0.0;1.0;0.0;0.0;1.0;0.0;0.0;0.0;0.0;17.0;7.0;44.0;1.0;0.0;7.0;3.0;18.0;21.0;287.0;196.0;15.0;34.0;1.0;96.0;2.0;0.0;0.0;2021_2022
149527;249875;35486;Facundo Curuchet;31;Argentina;Extremo derecho;Platense;544.0;9.0;5.0;2.0;15.0;6.0;3.0;6.0;1.0;11.0;1.0;2.0;16.0;0.0;0.0;0.0;7.0;10.0;1.0;0.0;2.0;0.0;10.0;10.0;9.0;36.0;109.0;71.0;44.0;0.0;2.0;91.0;9.0;2.0;0.0;2021_2022
149527;249875;37231;Facundo Curuchet;31;Argentina;Extremo derecho;Platense;1088.0;21.0;12.0;3.0;17.0;4.0;8.0;5.0;4.0;13.0;2.0;0.0;20.0;0.0;0.0;0.0;4.0;15.0;9.0;3.0;15.0;0.0;14.0;14.0;14.0;49.0;213.0;135.0;59.0;2.0;3.0;187.0;25.0;3.0;0.0;2021_2022
227774;869717;35576;Facundo Peraza;28;Uruguay;Delantero centro;Rentistas;315.0;4.0;4.0;0.0;12.0;3.0;4.0;5.0;0.0;2.0;0.0;0.0;1.0;0.0;0.0;0.0;0.0;3.0;3.0;3.0;3.0;0.0;5.0;6.0;13.0;9.0;74.0;54.0;20.0;0.0;0.0;35.0;2.0;0.0;0.0;2021_2022
671538;975958;35813;Alfonso Barco;19;Perú;Pivote;U. San Martín;1879.0;24.0;23.0;0.0;14.0;3.0;4.0;7.0;1.0;11.0;2.0;0.0;5.0;0.0;0.0;0.0;0.0;37.0;28.0;38.0;23.0;0.0;31.0;18.0;19.0;60.0;973.0;798.0;140.0;91.0;1.0;222.0;11.0;4.0;1.0;2021_2022
426325;819114;40320;Pablo Sabbag;25;Siria;Delantero centro;CD La Equidad;1737.0;24.0;20.0;7.0;70.0;25.0;26.0;19.0;3.0;28.0;5.0;4.0;30.0;1.0;3.0;3.0;13.0;13.0;6.0;6.0;10.0;1.0;34.0;39.0;34.0;82.0;337.0;226.0;117.0;6.0;0.0;273.0;27.0;4.0;1.0;2022_2023
426325;819114;42387;Pablo Sabbag;25;Siria;Delantero centro;CD La Equidad;1482.0;20.0;17.0;8.0;54.0;23.0;22.0;9.0;3.0;19.0;5.0;3.0;14.0;0.0;3.0;3.0;8.0;14.0;2.0;6.0;6.0;0.0;25.0;22.0;28.0;50.0;324.0;214.0;88.0;8.0;2.0;218.0;32.0;4.0;0.0;2022_2023
440312;883747;40118;Bryan Reyna;23;Perú;Extremo izquierdo;AD Cantolao;2136.0;27.0;24.0;6.0;52.0;24.0;21.0;7.0;3.0;26.0;5.0;9.0;94.0;1.0;1.0;1.0;4.0;31.0;11.0;7.0;9.0;0.0;38.0;66.0;15.0;191.0;606.0;460.0;223.0;15.0;4.0;409.0;71.0;10.0;1.0;2022_2023
203385;590312;40515;Gabriel Costa;32;Perú;Extremo derecho;Colo-Colo;1709.0;24.0;23.0;10.0;50.0;22.0;15.0;13.0;4.0;51.0;7.0;8.0;23.0;1.0;6.0;5.0;2.0;36.0;9.0;3.0;24.0;0.0;26.0;21.0;10.0;80.0;597.0;464.0;223.0;18.0;25.0;324.0;41.0;8.0;2.0;2022_2023
90489;121657;40515;Santiago García;33;Argentina;Defensa central;La Calera;1227.0;14.0;14.0;0.0;4.0;1.0;1.0;2.0;2.0;5.0;2.0;0.0;2.0;0.0;0.0;0.0;0.0;33.0;40.0;43.0;13.0;0.0;12.0;13.0;20.0;48.0;817.0;683.0;77.0;72.0;2.0;157.0;4.0;3.0;1.0;2022_2023
420866;883746;40118;Ítalo Espinoza;26;Perú;Portero;Ayacucho FC;540.0;6.0;6.0;0.0;0.0;0.0;0.0;0.0;0.0;1.0;0.0;0.0;0.0;0.0;0.0;0.0;0.0;0.0;0.0;2.0;1.0;0.0;0.0;2.0;0.0;2.0;146.0;92.0;14.0;44.0;0.0;55.0;0.0;2.0;0.0;2022_2023
250004;312270;40118;Édinson Chávez;28;Perú;Lateral derecho;Ayacucho FC;1325.0;18.0;15.0;0.0;8.0;3.0;4.0;1.0;1.0;18.0;2.0;0.0;6.0;0.0;0.0;0.0;1.0;32.0;24.0;16.0;36.0;0.0;31.0;14.0;3.0;52.0;514.0;369.0;128.0;36.0;16.0;258.0;10.0;5.0;2.0;2022_2023
582655;978543;40118;Jesús Castillo;26;Perú;Pivote;AD Cantolao;1747.0;29.0;21.0;2.0;11.0;7.0;2.0;2.0;0.0;20.0;0.0;1.0;8.0;0.0;0.0;0.0;1.0;48.0;26.0;17.0;18.0;0.0;33.0;17.0;17.0;73.0;1159.0;965.0;318.0;110.0;4.0;261.0;13.0;6.0;0.0;2022_2023
53533;31611;41884;Carlos Zambrano;32;Perú;Defensa central;Boca Juniors;1428.0;18.0;16.0;0.0;5.0;1.0;2.0;2.0;0.0;1.0;0.0;0.0;3.0;0.0;0.0;0.0;0.0;32.0;18.0;61.0;5.0;0.0;29.0;18.0;44.0;52.0;815.0;672.0;33.0;57.0;0.0;154.0;2.0;8.0;1.0;2022_2023
138110;129520;40118;Gino Peruzzi;30;Argentina;Lateral derecho;San Lorenzo;1522.0;17.0;17.0;1.0;6.0;3.0;2.0;1.0;4.0;16.0;4.0;0.0;1.0;0.0;0.0;0.0;0.0;34.0;17.0;43.0;9.0;0.0;25.0;31.0;9.0;66.0;505.0;416.0;88.0;32.0;10.0;169.0;7.0;4.0;0.0;2022_2023
120093;248065;40320;Andrés Andrade;33;Colombia;Extremo izquierdo;Atl. Nacional;1363.0;24.0;17.0;3.0;26.0;7.0;11.0;8.0;3.0;28.0;1.0;1.0;22.0;0.0;0.0;0.0;1.0;19.0;9.0;7.0;12.0;0.0;22.0;23.0;8.0;64.0;683.0;568.0;177.0;34.0;5.0;243.0;29.0;6.0;0.0;2022_2023
120093;248065;42387;Andrés Andrade;33;Colombia;Extremo izquierdo;Atl. Nacional;902.0;18.0;11.0;1.0;15.0;6.0;7.0;2.0;2.0;17.0;2.0;0.0;16.0;0.0;0.0;0.0;2.0;14.0;9.0;3.0;5.0;0.0;12.0;16.0;5.0;46.0;469.0;392.0;135.0;29.0;7.0;151.0;17.0;2.0;0.0;2022_2023
95280;47447;44908;Christian Cueva;30;Perú;Mediocentro ofensivo;Al-Fateh;672.0;9.0;8.0;0.0;9.0;3.0;4.0;2.0;3.0;20.0;3.0;2.0;12.0;0.0;1.0;0.0;4.0;6.0;3.0;1.0;4.0;0.0;6.0;8.0;1.0;26.0;353.0;281.0;118.0;10.0;12.0;146.0;13.0;0.0;0.0;2022_2023
866488;1107888;40118;Jostin Alarcón;19;Perú;Extremo izquierdo;Sport Boys;2102.0;28.0;23.0;5.0;53.0;14.0;29.0;10.0;6.0;25.0;5.0;1.0;32.0;1.0;2.0;1.0;9.0;30.0;11.0;7.0;14.0;0.0;25.0;56.0;5.0;118.0;678.0;569.0;214.0;30.0;11.0;294.0;50.0;6.0;1.0;2022_2023
435046;840208;40560;Brenner;28;Brasil;Delantero centro;Ituano;582.0;9.0;7.0;3.0;13.0;5.0;4.0;4.0;2.0;11.0;2.0;0.0;1.0;0.0;0.0;0.0;1.0;7.0;0.0;3.0;1.0;0.0;12.0;11.0;7.0;19.0;118.0;93.0;32.0;12.0;0.0;47.0;8.0;0.0;0.0;2022_2023
810550;1065267;40118;Adrián Ascues;19;Perú;Mediocentro;Dep. Municipal;2120.0;31.0;28.0;10.0;52.0;15.0;22.0;15.0;2.0;36.0;3.0;1.0;41.0;1.0;4.0;4.0;4.0;32.0;9.0;9.0;17.0;0.0;36.0;50.0;7.0;123.0;830.0;641.0;239.0;47.0;17.0;406.0;62.0;5.0;0.0;2022_2023
624291;958382;40560;Ignácio;25;Brasil;Defensa central;EC Bahia;3061.0;35.0;35.0;3.0;15.0;5.0;5.0;5.0;1.0;10.0;0.0;1.0;6.0;0.0;0.0;0.0;2.0;51.0;45.0;115.0;8.0;0.0;39.0;32.0;46.0;88.0;1504.0;1247.0;104.0;77.0;0.0;301.0;16.0;6.0;1.0;2022_2023
325726;846366;40118;Adrián Ugarriza;25;Perú;Delantero centro;Cienciano;2187.0;28.0;26.0;10.0;87.0;31.0;38.0;18.0;3.0;27.0;2.0;10.0;41.0;0.0;2.0;1.0;12.0;16.0;11.0;14.0;16.0;0.0;29.0;59.0;36.0;115.0;470.0;336.0;162.0;10.0;1.0;302.0;44.0;5.0;1.0;2022_2023
207246;249403;40118;Martín Pérez Guedes;30;Argentina;Mediocentro;FBC Melgar;2321.0;37.0;29.0;9.0;57.0;25.0;23.0;9.0;3.0;26.0;3.0;4.0;15.0;0.0;0.0;0.0;5.0;28.0;11.0;6.0;6.0;0.0;26.0;24.0;24.0;66.0;1074.0;878.0;272.0;75.0;18.0;314.0;31.0;4.0;0.0;2022_2023
672263;960225;40118;Hugo Ancajima;24;Perú;Lateral derecho;AD Tarma;1336.0;17.0;15.0;0.0;7.0;2.0;2.0;3.0;3.0;13.0;2.0;0.0;13.0;0.0;0.0;0.0;1.0;32.0;30.0;46.0;11.0;0.0;13.0;13.0;6.0;58.0;354.0;266.0;59.0;21.0;11.0;181.0;5.0;3.0;0.0;2022_2023
433698;887125;40118;José Bolívar;22;Perú;Lateral izquierdo;Sport Boys;2604.0;30.0;30.0;0.0;8.0;1.0;3.0;4.0;1.0;20.0;3.0;0.0;28.0;0.0;0.0;0.0;0.0;69.0;60.0;61.0;23.0;2.0;32.0;26.0;17.0;123.0;998.0;743.0;174.0;85.0;24.0;426.0;18.0;6.0;0.0;2022_2023
226327;220465;40320;Rodrigo Ureña;29;Chile;Pivote;Deportes Tolima;1285.0;21.0;13.0;1.0;7.0;2.0;5.0;0.0;2.0;9.0;2.0;0.0;7.0;0.0;0.0;0.0;0.0;29.0;22.0;18.0;16.0;0.0;6.0;12.0;7.0;48.0;844.0;708.0;131.0;76.0;4.0;180.0;8.0;5.0;0.0;2022_2023
226327;220465;42387;Rodrigo Ureña;29;Chile;Pivote;Deportes Tolima;1094.0;15.0;12.0;2.0;20.0;6.0;6.0;8.0;1.0;18.0;4.0;0.0;2.0;0.0;0.0;0.0;0.0;24.0;22.0;16.0;12.0;0.0;14.0;12.0;7.0;38.0;738.0;622.0;166.0;86.0;7.0;159.0;9.0;5.0;0.0;2022_2023
528367;893067;40118;Marco Saravia;23;Perú;Defensa central;Dep. Municipal;2429.0;29.0;28.0;2.0;12.0;4.0;8.0;0.0;2.0;5.0;2.0;1.0;2.0;0.0;0.0;0.0;0.0;36.0;33.0;107.0;8.0;0.0;20.0;13.0;50.0;51.0;1452.0;1194.0;127.0;169.0;0.0;274.0;1.0;6.0;2.0;2022_2023
441344;884997;41884;Matías Di Benedetto;29;Argentina;Defensa central;Central Córdoba;989.0;14.0;10.0;0.0;10.0;4.0;5.0;1.0;0.0;3.0;0.0;1.0;1.0;0.0;0.0;0.0;2.0;13.0;25.0;49.0;3.0;3.0;12.0;1.0;45.0;15.0;451.0;326.0;27.0;39.0;1.0;129.0;2.0;5.0;0.0;2022_2023
77125;312264;40118;Horacio Calcaterra;33;Perú;Mediocentro;Sport. Cristal;2705.0;32.0;31.0;1.0;34.0;8.0;14.0;12.0;7.0;38.0;12.0;0.0;12.0;1.0;0.0;0.0;2.0;66.0;36.0;15.0;40.0;0.0;49.0;63.0;17.0;141.0;1534.0;1283.0;417.0;86.0;8.0;362.0;20.0;11.0;0.0;2022_2023
458461;1020999;40118;José Rivera;25;Perú;Delantero centro;CA Mannucci;1694.0;31.0;16.0;7.0;57.0;20.0;25.0;12.0;2.0;24.0;3.0;3.0;18.0;1.0;1.0;1.0;9.0;20.0;7.0;9.0;8.0;0.0;17.0;35.0;17.0;73.0;405.0;334.0;136.0;17.0;5.0;185.0;33.0;4.0;1.0;2022_2023
420864;879629;40118;Hideyoshi Arakaki;24;Perú;Extremo derecho;Dep. Municipal;1749.0;29.0;18.0;12.0;65.0;25.0;33.0;7.0;1.0;13.0;0.0;7.0;20.0;0.0;0.0;0.0;15.0;16.0;11.0;8.0;8.0;0.0;17.0;32.0;24.0;68.0;287.0;188.0;76.0;10.0;6.0;240.0;28.0;1.0;0.0;2022_2023
249977;883294;40118;Carlos Uribe;30;Perú;Pivote;AD Cantolao;2294.0;31.0;26.0;2.0;18.0;7.0;5.0;6.0;0.0;14.0;0.0;1.0;5.0;0.0;0.0;0.0;2.0;49.0;23.0;18.0;29.0;0.0;43.0;24.0;29.0;78.0;1134.0;911.0;225.0;47.0;1.0;274.0;16.0;9.0;0.0;2022_2023
621036;973653;40118;Jonathan Bilbao;22;Perú;Defensa central;Alianza Atl.;1290.0;17.0;14.0;0.0;10.0;2.0;6.0;2.0;0.0;6.0;0.0;2.0;1.0;0.0;0.0;0.0;0.0;28.0;22.0;72.0;3.0;0.0;23.0;7.0;37.0;36.0;393.0;289.0;25.0;40.0;1.0;123.0;5.0;5.0;1.0;2022_2023
224677;588144;40118;Jhonny Vidales;30;Perú;Delantero centro;FBC Melgar;1216.0;24.0;13.0;3.0;34.0;12.0;14.0;8.0;2.0;30.0;5.0;2.0;22.0;1.0;2.0;1.0;14.0;8.0;6.0;14.0;9.0;0.0;17.0;15.0;4.0;45.0;419.0;320.0;158.0;16.0;6.0;204.0;23.0;4.0;0.0;2022_2023
296211;882909;40118;Federico Alonso;31;Uruguay;Defensa central;Universitario;2172.0;26.0;25.0;3.0;30.0;13.0;14.0;3.0;0.0;1.0;0.0;1.0;7.0;0.0;0.0;0.0;3.0;52.0;45.0;60.0;16.0;0.0;23.0;11.0;41.0;70.0;1057.0;814.0;82.0;105.0;1.0;258.0;2.0;8.0;0.0;2022_2023
82584;883313;40118;Nelinho Quina;35;Perú;Defensa central;Universitario;2505.0;29.0;29.0;5.0;21.0;10.0;10.0;1.0;1.0;6.0;0.0;2.0;7.0;0.0;5.0;4.0;3.0;26.0;25.0;99.0;7.0;0.0;30.0;16.0;63.0;49.0;1082.0;838.0;96.0;102.0;0.0;278.0;7.0;7.0;1.0;2022_2023
335217;883397;40118;Gerson Barreto;26;Perú;Mediocentro;Universitario;1316.0;26.0;15.0;0.0;7.0;1.0;5.0;1.0;1.0;6.0;1.0;0.0;10.0;0.0;0.0;0.0;0.0;34.0;25.0;18.0;20.0;0.0;34.0;18.0;11.0;62.0;627.0;525.0;127.0;55.0;6.0;170.0;21.0;2.0;1.0;2022_2023
817656;1068656;40118;Alonso Yovera;21;Perú;Lateral izquierdo;Dep. Municipal;702.0;15.0;6.0;0.0;7.0;2.0;5.0;0.0;1.0;5.0;2.0;0.0;7.0;0.0;0.0;0.0;1.0;23.0;20.0;19.0;8.0;1.0;14.0;11.0;6.0;41.0;245.0;184.0;49.0;10.0;2.0;123.0;13.0;1.0;1.0;2022_2023
260324;339163;40118;Josué Estrada;27;Perú;Lateral derecho;Cienciano;2392.0;31.0;26.0;1.0;32.0;2.0;20.0;10.0;7.0;66.0;6.0;1.0;14.0;0.0;0.0;0.0;4.0;40.0;30.0;40.0;18.0;2.0;35.0;12.0;28.0;66.0;919.0;703.0;204.0;78.0;49.0;452.0;14.0;9.0;1.0;2022_2023
458603;924736;40503;Mauro Da Luz;27;Uruguay;Extremo derecho;AD 9 de Octubre;1886.0;30.0;22.0;4.0;0.0;0.0;0.0;0.0;0.0;0.0;0.0;0.0;0.0;0.0;0.0;0.0;0.0;0.0;0.0;0.0;0.0;0.0;0.0;0.0;0.0;0.0;0.0;0.0;0.0;0.0;0.0;0.0;0.0;5.0;2.0;2022_2023
738777;1015696;40118;Tiago Cantoro;21;Perú;Delantero centro;Universitario;54.0;4.0;0.0;1.0;1.0;1.0;0.0;0.0;0.0;0.0;0.0;0.0;0.0;0.0;0.0;0.0;1.0;1.0;0.0;3.0;0.0;0.0;4.0;0.0;0.0;1.0;3.0;1.0;0.0;0.0;0.0;7.0;1.0;0.0;0.0;2022_2023
73705;249599;40118;Donald Millán;36;Colombia;Mediocentro ofensivo;César Vallejo;2131.0;26.0;25.0;6.0;39.0;16.0;11.0;12.0;6.0;54.0;4.0;1.0;30.0;1.0;7.0;6.0;4.0;38.0;7.0;21.0;20.0;0.0;28.0;42.0;19.0;109.0;1050.0;816.0;306.0;76.0;35.0;399.0;26.0;7.0;0.0;2022_2023
398023;836280;40118;Alexis Rojas;26;Perú;Extremo izquierdo;Santos FC;2537.0;31.0;29.0;13.0;34.0;17.0;9.0;8.0;1.0;25.0;4.0;4.0;36.0;0.0;2.0;2.0;16.0;28.0;21.0;11.0;14.0;0.0;24.0;82.0;21.0;146.0;684.0;502.0;186.0;20.0;13.0;422.0;60.0;2.0;1.0;2022_2023
477378;883396;40118;Carlos Cabello;24;Perú;Lateral derecho;Sport. Cristal;1850.0;30.0;24.0;1.0;7.0;1.0;4.0;2.0;4.0;34.0;6.0;0.0;29.0;0.0;0.0;0.0;6.0;45.0;24.0;20.0;12.0;0.0;13.0;20.0;11.0;94.0;790.0;603.0;168.0;40.0;13.0;349.0;12.0;0.0;0.0;2022_2023
789198;1017747;40118;Benjamín Ampuero;21;Perú;Defensa central;Sport Boys;561.0;12.0;7.0;1.0;3.0;1.0;2.0;0.0;0.0;1.0;0.0;0.0;0.0;0.0;0.0;0.0;0.0;8.0;8.0;22.0;6.0;0.0;14.0;5.0;6.0;13.0;271.0;207.0;15.0;23.0;0.0;69.0;2.0;3.0;0.0;2022_2023
480523;876927;40118;Aldair Fuentes;24;Perú;Defensa central;CF Fuenlabrada;593.0;16.0;5.0;0.0;2.0;0.0;2.0;0.0;0.0;0.0;0.0;0.0;0.0;0.0;0.0;0.0;0.0;12.0;12.0;34.0;5.0;1.0;17.0;7.0;15.0;19.0;176.0;137.0;20.0;14.0;0.0;52.0;0.0;8.0;0.0;2022_2023
814636;989258;40118;Marcelo Gaona;23;Perú;Defensa central;Atlético Grau;968.0;15.0;9.0;1.0;11.0;2.0;9.0;0.0;0.0;9.0;0.0;1.0;2.0;0.0;0.0;0.0;0.0;11.0;18.0;29.0;7.0;0.0;14.0;5.0;17.0;18.0;400.0;309.0;58.0;35.0;4.0;127.0;4.0;4.0;1.0;2022_2023
653484;975241;40118;Erick Perleche;21;Perú;Lateral derecho;Cienciano;943.0;16.0;12.0;0.0;2.0;0.0;2.0;0.0;0.0;9.0;0.0;0.0;3.0;0.0;0.0;0.0;0.0;21.0;11.0;15.0;7.0;1.0;20.0;11.0;7.0;35.0;276.0;209.0;50.0;10.0;3.0;119.0;6.0;1.0;0.0;2022_2023
292729;384658;40118;Alexis Cossio;27;Perú;Lateral izquierdo;Cienciano;826.0;20.0;9.0;0.0;8.0;1.0;6.0;1.0;0.0;10.0;2.0;3.0;3.0;0.0;0.0;0.0;0.0;18.0;19.0;9.0;5.0;0.0;15.0;11.0;9.0;32.0;262.0;202.0;42.0;18.0;9.0;121.0;6.0;2.0;0.0;2022_2023
250482;805353;40118;Joao Villamarín;30;Perú;Extremo izquierdo;Universitario;566.0;15.0;6.0;6.0;15.0;7.0;6.0;2.0;0.0;4.0;1.0;1.0;1.0;0.0;0.0;0.0;10.0;4.0;3.0;2.0;3.0;0.0;20.0;8.0;3.0;13.0;107.0;79.0;36.0;1.0;1.0;58.0;10.0;2.0;1.0;2022_2023
516242;914294;40118;Edhu Oliva;26;Perú;Mediocentro;Alianza Lima;1471.0;20.0;17.0;0.0;21.0;6.0;11.0;4.0;4.0;30.0;5.0;1.0;14.0;0.0;0.0;0.0;0.0;17.0;2.0;4.0;11.0;0.0;19.0;32.0;5.0;63.0;668.0;526.0;190.0;61.0;31.0;305.0;27.0;2.0;0.0;2022_2023
671879;1049088;40118;Erick Gonzales;26;Perú;Pivote;AD Cantolao;1105.0;20.0;13.0;0.0;19.0;3.0;13.0;3.0;0.0;5.0;1.0;0.0;5.0;0.0;0.0;0.0;1.0;25.0;22.0;30.0;14.0;0.0;21.0;19.0;21.0;49.0;482.0;372.0;77.0;27.0;1.0;141.0;9.0;8.0;1.0;2022_2023
358338;925309;40118;Carlos Correa;27;Perú;Mediocentro;Alianza Atl.;1785.0;28.0;19.0;1.0;10.0;2.0;5.0;3.0;5.0;15.0;1.0;0.0;8.0;0.0;0.0;0.0;2.0;61.0;24.0;22.0;46.0;0.0;64.0;52.0;8.0;121.0;470.0;330.0;96.0;36.0;6.0;212.0;22.0;10.0;0.0;2022_2023
146822;339169;40118;Tarek Carranza;30;Perú;Pivote;Sport Boys;1651.0;22.0;18.0;2.0;20.0;6.0;9.0;5.0;0.0;11.0;1.0;1.0;1.0;0.0;2.0;2.0;0.0;27.0;22.0;31.0;16.0;0.0;30.0;16.0;19.0;44.0;647.0;509.0;115.0;61.0;3.0;174.0;9.0;3.0;0.0;2022_2023
246548;333585;40118;Maximiliano Amondarain;29;Uruguay;Defensa central;Alianza Atl.;2245.0;26.0;26.0;0.0;15.0;5.0;8.0;2.0;2.0;9.0;1.0;0.0;2.0;0.0;0.0;0.0;2.0;24.0;54.0;138.0;11.0;0.0;31.0;13.0;62.0;39.0;764.0;524.0;72.0;108.0;0.0;258.0;6.0;6.0;0.0;2022_2023
325591;875662;40118;Kevin Ruiz;27;Perú;Extremo derecho;Alianza Atl.;1217.0;24.0;13.0;2.0;27.0;7.0;17.0;3.0;0.0;15.0;0.0;1.0;13.0;1.0;0.0;0.0;7.0;17.0;5.0;11.0;5.0;2.0;22.0;25.0;30.0;54.0;286.0;199.0;91.0;10.0;9.0;180.0;17.0;2.0;0.0;2022_2023
171151;805289;40320;Léiner Escalante;30;Colombia;Extremo izquierdo;Deportivo Pasto;847.0;12.0;12.0;2.0;14.0;6.0;5.0;3.0;1.0;12.0;2.0;0.0;14.0;1.0;0.0;0.0;3.0;6.0;3.0;0.0;2.0;0.0;11.0;30.0;3.0;50.0;188.0;149.0;51.0;3.0;8.0;110.0;16.0;2.0;0.0;2022_2023
171151;805289;42387;Léiner Escalante;30;Colombia;Extremo izquierdo;Deportivo Pasto;891.0;21.0;8.0;3.0;22.0;12.0;10.0;0.0;1.0;11.0;0.0;4.0;7.0;0.0;0.0;0.0;5.0;11.0;2.0;3.0;5.0;0.0;12.0;38.0;5.0;56.0;182.0;149.0;45.0;7.0;1.0;82.0;16.0;4.0;0.0;2022_2023
194999;248059;40320;Raziel García;28;Perú;Mediocentro ofensivo;Deportes Tolima;485.0;11.0;6.0;0.0;5.0;2.0;3.0;0.0;0.0;10.0;0.0;0.0;6.0;0.0;0.0;0.0;0.0;7.0;3.0;1.0;8.0;0.0;3.0;3.0;1.0;16.0;303.0;234.0;63.0;15.0;12.0;118.0;13.0;0.0;0.0;2022_2023
194999;248059;42387;Raziel García;28;Perú;Mediocentro ofensivo;Deportes Tolima;272.0;10.0;1.0;1.0;4.0;2.0;1.0;1.0;1.0;13.0;0.0;0.0;5.0;0.0;0.0;0.0;0.0;5.0;1.0;1.0;2.0;0.0;2.0;3.0;0.0;13.0;163.0;134.0;60.0;6.0;7.0;54.0;5.0;0.0;0.0;2022_2023
582098;924787;40118;Jefferson Portales;24;Perú;Defensa central;Alianza Lima;504.0;9.0;5.0;0.0;1.0;0.0;0.0;1.0;0.0;0.0;0.0;0.0;0.0;0.0;0.0;0.0;1.0;7.0;14.0;28.0;4.0;1.0;14.0;2.0;4.0;9.0;180.0;144.0;13.0;23.0;0.0;38.0;1.0;3.0;0.0;2022_2023
621031;944073;40118;Michel Rasmussen;22;Perú;Extremo derecho;FBC Melgar;266.0;11.0;1.0;1.0;9.0;2.0;6.0;1.0;0.0;4.0;0.0;2.0;3.0;0.0;0.0;0.0;1.0;2.0;1.0;1.0;0.0;0.0;2.0;5.0;4.0;9.0;107.0;84.0;23.0;6.0;1.0;40.0;5.0;1.0;0.0;2022_2023
653688;973636;40118;Paolo Méndez;23;Perú;Lateral izquierdo;Carlos Stein;303.0;4.0;3.0;1.0;2.0;1.0;0.0;1.0;0.0;3.0;0.0;0.0;2.0;0.0;0.0;0.0;0.0;10.0;6.0;8.0;2.0;0.0;4.0;3.0;3.0;15.0;104.0;81.0;14.0;8.0;1.0;42.0;4.0;2.0;0.0;2022_2023
639458;922870;40118;José Parodi;24;Perú;Pivote;Ayacucho FC;444.0;10.0;4.0;1.0;8.0;3.0;5.0;0.0;0.0;6.0;2.0;0.0;1.0;0.0;0.0;0.0;0.0;5.0;7.0;4.0;3.0;0.0;11.0;5.0;1.0;11.0;208.0;171.0;37.0;32.0;1.0;50.0;3.0;1.0;0.0;2022_2023
581174;888479;40118;Carlos Caraza;36;Perú;Lateral derecho;Dep. Binacional;1970.0;25.0;23.0;0.0;11.0;0.0;8.0;3.0;2.0;25.0;3.0;0.0;10.0;0.0;0.0;0.0;2.0;44.0;56.0;38.0;25.0;0.0;28.0;16.0;21.0;70.0;839.0;660.0;182.0;70.0;15.0;311.0;21.0;5.0;0.0;2022_2023
330690;805068;40118;Enmanuel Páucar;25;Perú;Pivote;Ayacucho FC;1078.0;18.0;10.0;0.0;3.0;0.0;3.0;0.0;0.0;11.0;0.0;0.0;0.0;0.0;0.0;0.0;0.0;9.0;7.0;7.0;7.0;1.0;5.0;6.0;4.0;15.0;507.0;439.0;81.0;51.0;10.0;100.0;10.0;2.0;0.0;2022_2023
186903;248229;40118;Jean Piere Fuentes;30;Perú;Pivote;CA Mannucci;763.0;12.0;9.0;0.0;9.0;3.0;5.0;1.0;1.0;4.0;2.0;3.0;0.0;0.0;0.0;0.0;3.0;16.0;4.0;26.0;6.0;0.0;12.0;11.0;21.0;27.0;295.0;210.0;42.0;44.0;0.0;104.0;2.0;2.0;0.0;2022_2023
279380;883343;40118;Aldair Salazar;27;Perú;Defensa central;Ayacucho FC;2613.0;30.0;30.0;1.0;20.0;4.0;12.0;4.0;0.0;10.0;1.0;0.0;2.0;0.0;0.0;0.0;6.0;47.0;63.0;92.0;9.0;3.0;41.0;13.0;54.0;62.0;838.0;607.0;97.0;77.0;7.0;273.0;2.0;5.0;1.0;2022_2023
647304;830085;40174;Alex Rambal;29;Colombia;Defensa central;Always Ready;450.0;5.0;5.0;0.0;1.0;0.0;1.0;0.0;0.0;0.0;0.0;1.0;1.0;0.0;0.0;0.0;0.0;24.0;12.0;24.0;3.0;0.0;2.0;2.0;8.0;27.0;184.0;145.0;6.0;13.0;0.0;45.0;1.0;1.0;0.0;2022_2023
176400;220931;40118;Jorge Bazán;31;Perú;Extremo derecho;Dep. Municipal;1823.0;26.0;23.0;1.0;24.0;8.0;9.0;7.0;1.0;17.0;1.0;0.0;17.0;0.0;0.0;0.0;2.0;10.0;9.0;4.0;3.0;0.0;12.0;11.0;8.0;38.0;570.0;475.0;204.0;8.0;12.0;235.0;16.0;2.0;1.0;2022_2023
72671;33979;40118;Diego Penny;38;Perú;Portero;Alianza Atl.;2622.0;30.0;30.0;0.0;0.0;0.0;0.0;0.0;0.0;1.0;0.0;0.0;0.0;0.0;0.0;0.0;0.0;0.0;0.0;36.0;1.0;0.0;0.0;7.0;8.0;5.0;657.0;349.0;61.0;207.0;0.0;319.0;0.0;5.0;1.0;2022_2023
96295;46992;40118;Juan Diego Lojas;33;Perú;Defensa central;Alianza Atl.;964.0;17.0;10.0;0.0;5.0;1.0;2.0;2.0;1.0;0.0;0.0;0.0;1.0;0.0;0.0;0.0;2.0;7.0;22.0;63.0;1.0;0.0;18.0;2.0;23.0;10.0;230.0;180.0;13.0;25.0;0.0;58.0;4.0;5.0;1.0;2022_2023
41301;26884;40118;Wilmer Aguirre;39;Perú;Delantero centro;Alianza Lima;937.0;23.0;10.0;3.0;20.0;7.0;10.0;3.0;0.0;6.0;0.0;6.0;2.0;0.0;0.0;0.0;9.0;8.0;3.0;4.0;2.0;0.0;6.0;7.0;5.0;17.0;177.0;146.0;71.0;2.0;2.0;82.0;8.0;1.0;0.0;2022_2023
439631;876929;40118;Kevin Quevedo;25;Perú;Extremo izquierdo;FBC Melgar;1107.0;25.0;12.0;4.0;53.0;26.0;15.0;12.0;5.0;18.0;5.0;10.0;21.0;2.0;2.0;1.0;5.0;11.0;4.0;1.0;5.0;0.0;13.0;22.0;10.0;54.0;280.0;205.0;129.0;4.0;12.0;203.0;23.0;4.0;1.0;2022_2023
434192;883768;40118;David Dioses;26;Perú;Pivote;CA Mannucci;776.0;17.0;8.0;0.0;9.0;0.0;5.0;4.0;0.0;8.0;0.0;0.0;0.0;0.0;0.0;0.0;1.0;8.0;8.0;2.0;7.0;0.0;6.0;11.0;3.0;19.0;388.0;310.0;84.0;25.0;2.0;103.0;3.0;2.0;0.0;2022_2023
392093;789880;40503;Santiago Giordana;27;Argentina;Delantero centro;Mushuc Runa SC;3155.0;43.0;36.0;20.0;0.0;0.0;0.0;0.0;0.0;0.0;0.0;0.0;0.0;0.0;0.0;0.0;0.0;0.0;0.0;0.0;0.0;0.0;0.0;0.0;0.0;0.0;0.0;0.0;0.0;0.0;0.0;0.0;0.0;10.0;0.0;2022_2023
271438;330867;41884;Tomás Martínez;27;Argentina;Mediocentro ofensivo;Aldosivi;1146.0;23.0;14.0;1.0;23.0;1.0;13.0;9.0;0.0;25.0;1.0;1.0;17.0;0.0;0.0;0.0;1.0;37.0;4.0;16.0;18.0;0.0;28.0;22.0;4.0;76.0;452.0;331.0;143.0;23.0;11.0;221.0;21.0;2.0;0.0;2022_2023
144236;249347;41884;Pablo Magnin;32;Argentina;Delantero centro;Tigre;257.0;15.0;1.0;0.0;9.0;2.0;5.0;2.0;0.0;2.0;0.0;2.0;3.0;0.0;0.0;0.0;1.0;0.0;2.0;3.0;0.0;0.0;4.0;8.0;5.0;11.0;63.0;46.0;16.0;2.0;0.0;38.0;5.0;0.0;0.0;2022_2023
741728;1017760;40118;Jhamir D'Arrigo;22;Perú;Extremo izquierdo;AD Cantolao;2186.0;28.0;25.0;5.0;27.0;9.0;13.0;5.0;3.0;25.0;5.0;2.0;53.0;2.0;1.0;1.0;4.0;31.0;26.0;5.0;17.0;0.0;26.0;56.0;9.0;140.0;606.0;433.0;180.0;20.0;12.0;458.0;80.0;3.0;0.0;2022_2023
662706;1049077;40118;Sebastián Cavero;20;Perú;Lateral izquierdo;Atlético Grau;431.0;6.0;5.0;0.0;1.0;0.0;1.0;0.0;0.0;8.0;0.0;0.0;4.0;0.0;0.0;0.0;0.0;26.0;10.0;12.0;3.0;0.0;4.0;5.0;3.0;35.0;119.0;89.0;18.0;7.0;4.0;51.0;3.0;2.0;0.0;2022_2023
489993;875661;40118;Jorge Toledo;26;Perú;Lateral derecho;Ayacucho FC;1225.0;17.0;14.0;1.0;11.0;4.0;6.0;1.0;0.0;9.0;1.0;0.0;6.0;0.0;0.0;0.0;0.0;33.0;23.0;25.0;12.0;0.0;23.0;5.0;16.0;44.0;491.0;358.0;83.0;39.0;10.0;220.0;13.0;5.0;0.0;2022_2023
250672;339533;40118;Carlos Solís;31;Perú;Portero;U. San Martín;2250.0;25.0;25.0;0.0;0.0;0.0;0.0;0.0;0.0;0.0;0.0;0.0;1.0;0.0;0.0;0.0;0.0;0.0;0.0;15.0;0.0;1.0;1.0;4.0;4.0;5.0;563.0;279.0;38.0;179.0;0.0;291.0;0.0;4.0;0.0;2022_2023
142463;154987;40096;Orlando Gaona Lugo;31;Paraguay;Extremo derecho;Nacional;1060.0;16.0;12.0;0.0;0.0;0.0;0.0;0.0;0.0;0.0;0.0;0.0;0.0;0.0;0.0;0.0;0.0;0.0;0.0;0.0;0.0;0.0;0.0;0.0;0.0;0.0;0.0;0.0;0.0;0.0;0.0;0.0;0.0;0.0;0.0;2022_2023
142463;154987;42815;Orlando Gaona Lugo;31;Paraguay;Extremo derecho;Nacional;1320.0;20.0;15.0;1.0;0.0;0.0;0.0;0.0;0.0;0.0;0.0;0.0;0.0;0.0;0.0;0.0;0.0;0.0;0.0;0.0;0.0;0.0;0.0;0.0;0.0;0.0;0.0;0.0;0.0;0.0;0.0;0.0;0.0;1.0;1.0;2022_2023
738469;1020855;40118;Leonardo Rugel;21;Perú;Defensa central;Universitario;447.0;5.0;4.0;1.0;6.0;2.0;3.0;1.0;0.0;0.0;0.0;0.0;0.0;0.0;0.0;0.0;3.0;8.0;7.0;15.0;6.0;0.0;9.0;3.0;4.0;11.0;238.0;208.0;15.0;26.0;0.0;37.0;0.0;1.0;0.0;2022_2023
664362;931772;40118;Francesco Cavagna;21;Perú;Defensa central;Atlético Grau;323.0;9.0;4.0;0.0;0.0;0.0;0.0;0.0;0.0;1.0;0.0;0.0;2.0;0.0;0.0;0.0;0.0;4.0;6.0;8.0;1.0;1.0;4.0;4.0;5.0;10.0;151.0;118.0;9.0;10.0;1.0;45.0;1.0;2.0;0.0;2022_2023
72971;26172;40118;Jair Céspedes;38;Perú;Lateral izquierdo;Dep. Binacional;2677.0;30.0;30.0;1.0;7.0;2.0;1.0;4.0;2.0;30.0;2.0;0.0;36.0;0.0;0.0;0.0;0.0;38.0;39.0;24.0;11.0;1.0;19.0;32.0;24.0;106.0;963.0;805.0;212.0;39.0;20.0;341.0;25.0;3.0;0.0;2022_2023
325709;883309;40118;Steven Rivadeneyra;27;Perú;Portero;CA Mannucci;540.0;6.0;6.0;0.0;0.0;0.0;0.0;0.0;0.0;0.0;0.0;0.0;0.0;0.0;0.0;0.0;0.0;0.0;0.0;7.0;1.0;0.0;0.0;0.0;0.0;0.0;91.0;48.0;11.0;27.0;0.0;43.0;0.0;0.0;0.0;2022_2023
473579;876928;40118;Luis Garro;25;Perú;Lateral derecho;Sport Boys;2128.0;26.0;24.0;0.0;14.0;3.0;5.0;6.0;1.0;16.0;2.0;0.0;26.0;0.0;0.0;0.0;3.0;63.0;46.0;47.0;20.0;2.0;34.0;34.0;16.0;122.0;588.0;452.0;109.0;29.0;25.0;309.0;16.0;7.0;0.0;2022_2023
149771;339841;40118;Ángel Ojeda;29;Perú;Pivote;Dep. Binacional;1641.0;28.0;19.0;3.0;20.0;8.0;9.0;3.0;2.0;22.0;2.0;0.0;6.0;0.0;0.0;0.0;0.0;40.0;18.0;28.0;8.0;0.0;57.0;10.0;5.0;56.0;629.0;488.0;150.0;32.0;10.0;214.0;11.0;2.0;0.0;2022_2023
389552;988868;42815;José Leguizamón;30;Paraguay;Defensa central;Sol de América;1350.0;15.0;15.0;0.0;0.0;0.0;0.0;0.0;0.0;0.0;0.0;0.0;0.0;0.0;0.0;0.0;0.0;0.0;0.0;0.0;0.0;0.0;0.0;0.0;0.0;0.0;0.0;0.0;0.0;0.0;0.0;0.0;0.0;4.0;0.0;2022_2023
301721;978353;40503;Gonzalo González;28;Uruguay;Pivote;Delfín SC;3347.0;43.0;41.0;0.0;0.0;0.0;0.0;0.0;0.0;0.0;0.0;0.0;0.0;0.0;0.0;0.0;0.0;0.0;0.0;0.0;0.0;0.0;0.0;0.0;0.0;0.0;0.0;0.0;0.0;0.0;0.0;0.0;0.0;8.0;0.0;2022_2023
195858;826377;40118;Yhirbis Córdova;31;Perú;Lateral derecho;Juan Aurich;2248.0;26.0;26.0;0.0;14.0;2.0;8.0;4.0;1.0;16.0;1.0;0.0;10.0;0.0;0.0;0.0;1.0;37.0;35.0;72.0;14.0;0.0;25.0;29.0;24.0;75.0;875.0;633.0;212.0;102.0;11.0;411.0;30.0;6.0;0.0;2022_2023
103817;311524;40118;Iván Santillán;31;Perú;Lateral izquierdo;Universitario;1152.0;19.0;12.0;0.0;14.0;3.0;5.0;6.0;1.0;17.0;3.0;0.0;9.0;0.0;0.0;0.0;0.0;31.0;16.0;13.0;7.0;2.0;13.0;9.0;7.0;49.0;419.0;327.0;86.0;30.0;22.0;187.0;9.0;1.0;0.0;2022_2023
126019;83951;40118;Alberto Quintero;34;Panamá;Extremo derecho;Universitario;2184.0;32.0;25.0;4.0;33.0;12.0;13.0;8.0;3.0;37.0;5.0;2.0;30.0;3.0;0.0;0.0;6.0;29.0;9.0;7.0;5.0;0.0;20.0;63.0;12.0;121.0;945.0;762.0;295.0;40.0;13.0;379.0;44.0;4.0;0.0;2022_2023
168974;842529;40118;Claudio Torrejón;29;Perú;Pivote;Sport Boys;1681.0;22.0;18.0;0.0;7.0;1.0;5.0;1.0;0.0;2.0;0.0;0.0;3.0;0.0;0.0;0.0;2.0;48.0;49.0;51.0;22.0;2.0;31.0;18.0;28.0;69.0;729.0;587.0;90.0;31.0;2.0;174.0;11.0;9.0;1.0;2022_2023
198027;189207;40118;Jean Deza;29;Perú;Extremo izquierdo;AD Tarma;942.0;12.0;12.0;5.0;24.0;11.0;10.0;3.0;0.0;23.0;0.0;1.0;17.0;0.0;3.0;2.0;2.0;9.0;2.0;2.0;3.0;0.0;4.0;28.0;1.0;54.0;245.0;189.0;87.0;19.0;16.0;170.0;15.0;5.0;0.0;2022_2023
515514;898631;42017;Juan Romagnoli;26;Argentina;Extremo derecho;Querétaro FC;316.0;9.0;3.0;1.0;11.0;2.0;5.0;4.0;1.0;7.0;1.0;0.0;2.0;0.0;0.0;0.0;2.0;3.0;1.0;0.0;1.0;0.0;5.0;4.0;4.0;9.0;76.0;54.0;24.0;3.0;10.0;46.0;2.0;0.0;0.0;2022_2023
242436;906002;40503;Carlos Garcés;32;Ecuador;Delantero centro;Barcelona SC;1773.0;38.0;18.0;4.0;0.0;0.0;0.0;0.0;0.0;0.0;0.0;0.0;0.0;0.0;0.0;0.0;0.0;0.0;0.0;0.0;0.0;0.0;0.0;0.0;0.0;0.0;0.0;0.0;0.0;0.0;0.0;0.0;0.0;5.0;0.0;2022_2023
415544;830746;41884;Neri Bandiera;32;Argentina;Delantero centro;Barracas;1773.0;27.0;21.0;4.0;28.0;17.0;5.0;6.0;4.0;19.0;6.0;1.0;11.0;0.0;0.0;0.0;7.0;22.0;8.0;20.0;11.0;0.0;22.0;59.0;32.0;91.0;359.0;208.0;133.0;6.0;8.0;338.0;36.0;0.0;0.0;2022_2023
195002;175977;40118;Álvaro Ampuero;29;Perú;Lateral izquierdo;U. San Martín;2063.0;26.0;24.0;1.0;15.0;5.0;8.0;2.0;1.0;4.0;1.0;0.0;19.0;0.0;0.0;0.0;0.0;48.0;54.0;91.0;9.0;4.0;46.0;23.0;46.0;90.0;708.0;518.0;69.0;63.0;1.0;245.0;10.0;5.0;0.0;2022_2023
621026;929014;40118;Oslimg Mora;23;Perú;Lateral derecho;Alianza Lima;594.0;15.0;6.0;0.0;10.0;2.0;4.0;4.0;0.0;6.0;0.0;0.0;10.0;0.0;0.0;0.0;0.0;15.0;4.0;7.0;4.0;0.0;13.0;9.0;0.0;34.0;221.0;172.0;59.0;15.0;4.0;98.0;6.0;3.0;0.0;2022_2023
547021;949793;40118;Alessandro Milesi;22;Perú;Lateral izquierdo;U. San Martín;122.0;4.0;2.0;0.0;1.0;0.0;1.0;0.0;0.0;1.0;0.0;0.0;0.0;0.0;0.0;0.0;0.0;1.0;3.0;4.0;0.0;0.0;1.0;3.0;3.0;4.0;34.0;24.0;2.0;2.0;1.0;17.0;0.0;1.0;0.0;2022_2023
628328;932088;40118;Piero Vivanco;22;Perú;Extremo derecho;Alianza Lima;1790.0;27.0;21.0;2.0;26.0;6.0;11.0;9.0;0.0;17.0;1.0;1.0;34.0;0.0;0.0;0.0;3.0;41.0;12.0;6.0;20.0;0.0;29.0;28.0;7.0;103.0;612.0;496.0;190.0;27.0;10.0;267.0;31.0;5.0;0.0;2022_2023
501586;877910;40118;Fabio Rojas;22;Perú;Lateral derecho;Alianza Lima;1085.0;16.0;12.0;0.0;5.0;0.0;3.0;2.0;2.0;3.0;1.0;0.0;0.0;0.0;0.0;0.0;0.0;29.0;26.0;28.0;14.0;0.0;20.0;8.0;22.0;37.0;419.0;300.0;67.0;25.0;2.0;191.0;5.0;4.0;1.0;2022_2023
665116;978545;40118;Axel Moyano;21;Perú;Pivote;Alianza Lima;2467.0;28.0;28.0;1.0;4.0;3.0;0.0;1.0;1.0;16.0;2.0;0.0;6.0;0.0;0.0;0.0;0.0;74.0;52.0;10.0;31.0;0.0;62.0;33.0;18.0;113.0;1069.0;901.0;185.0;93.0;2.0;230.0;24.0;13.0;1.0;2022_2023
565193;925119;40118;Joel López Pissano;25;Argentina;Mediocentro ofensivo;Rosario Central;1634.0;23.0;17.0;6.0;33.0;12.0;14.0;7.0;11.0;34.0;2.0;1.0;40.0;0.0;0.0;0.0;1.0;39.0;10.0;6.0;21.0;0.0;19.0;20.0;8.0;99.0;812.0;625.0;205.0;54.0;31.0;350.0;24.0;5.0;1.0;2022_2023
515413;874981;40118;Jesús Mendieta;24;Perú;Lateral izquierdo;Ayacucho FC;1605.0;21.0;19.0;1.0;17.0;5.0;7.0;5.0;1.0;13.0;2.0;0.0;10.0;0.0;0.0;0.0;0.0;25.0;29.0;23.0;12.0;1.0;19.0;11.0;15.0;46.0;550.0;352.0;95.0;39.0;12.0;327.0;14.0;7.0;1.0;2022_2023
279387;339475;40118;José Manzaneda;27;Perú;Extremo izquierdo;AD Cantolao;2033.0;31.0;26.0;5.0;38.0;13.0;14.0;11.0;4.0;34.0;4.0;3.0;33.0;0.0;1.0;1.0;9.0;37.0;11.0;18.0;21.0;0.0;34.0;37.0;19.0;107.0;686.0;555.0;260.0;24.0;28.0;324.0;43.0;1.0;0.0;2022_2023
654297;973563;40118;Miguel Cornejo;22;Perú;Mediocentro;Alianza Lima;511.0;17.0;5.0;1.0;7.0;1.0;2.0;4.0;0.0;5.0;0.0;0.0;7.0;0.0;0.0;0.0;0.0;17.0;7.0;3.0;8.0;0.0;16.0;20.0;5.0;44.0;294.0;254.0;68.0;13.0;4.0;77.0;8.0;2.0;0.0;2022_2023
966369;1170472;40118;Stefano Fernández;20;Perú;Pivote;Irodotos;882.0;19.0;12.0;0.0;3.0;0.0;3.0;0.0;0.0;3.0;1.0;0.0;0.0;0.0;0.0;0.0;0.0;23.0;16.0;11.0;14.0;0.0;24.0;2.0;5.0;25.0;348.0;282.0;50.0;20.0;1.0;88.0;5.0;4.0;0.0;2022_2023
740619;1050816;40118;Aryan Romaní;20;Perú;Extremo derecho;Sport. Cristal;749.0;21.0;4.0;1.0;23.0;7.0;8.0;8.0;3.0;14.0;1.0;0.0;16.0;0.0;0.0;0.0;0.0;7.0;3.0;3.0;3.0;0.0;12.0;18.0;3.0;41.0;174.0;138.0;55.0;5.0;7.0;111.0;15.0;0.0;0.0;2022_2023
303866;924850;40118;Diego Melián;30;Uruguay;Portero;Dep. Municipal;2970.0;33.0;33.0;0.0;0.0;0.0;0.0;0.0;0.0;1.0;0.0;0.0;0.0;0.0;0.0;0.0;0.0;3.0;0.0;44.0;3.0;2.0;3.0;7.0;5.0;9.0;997.0;711.0;30.0;210.0;0.0;290.0;0.0;2.0;1.0;2022_2023
870966;1109858;40118;Guillermo Larios;20;Perú;Extremo derecho;Universitario;301.0;12.0;3.0;1.0;7.0;3.0;0.0;4.0;0.0;3.0;0.0;1.0;0.0;0.0;0.0;0.0;2.0;8.0;1.0;4.0;0.0;0.0;11.0;2.0;5.0;10.0;59.0;39.0;19.0;0.0;0.0;42.0;6.0;4.0;1.0;2022_2023
740147;1017763;40118;Juan Pablo Carranza;21;Perú;Mediocentro;Dep. Binacional;193.0;10.0;1.0;0.0;3.0;1.0;2.0;0.0;0.0;5.0;1.0;0.0;1.0;0.0;0.0;0.0;0.0;2.0;3.0;1.0;1.0;0.0;4.0;4.0;2.0;7.0;79.0;56.0;9.0;5.0;2.0;39.0;1.0;0.0;0.0;2022_2023
227771;312276;40118;Marcos Ortiz;29;Perú;Defensa central;Dep. Binacional;1313.0;22.0;13.0;0.0;6.0;0.0;6.0;0.0;1.0;4.0;1.0;2.0;3.0;0.0;0.0;0.0;0.0;37.0;17.0;34.0;7.0;1.0;23.0;10.0;15.0;50.0;477.0;407.0;39.0;35.0;0.0;88.0;2.0;6.0;1.0;2022_2023
670060;1090706;40118;Victor Perlaza;27;Colombia;Delantero centro;Sport Huancayo;1284.0;34.0;10.0;9.0;55.0;22.0;19.0;14.0;0.0;15.0;0.0;6.0;8.0;3.0;3.0;2.0;8.0;2.0;2.0;6.0;3.0;0.0;27.0;43.0;13.0;53.0;252.0;197.0;96.0;4.0;2.0;150.0;29.0;1.0;0.0;2022_2023
94735;311734;40118;Marcos Delgado;34;Perú;Defensa central;U. San Martín;1738.0;24.0;19.0;4.0;17.0;7.0;5.0;5.0;0.0;6.0;0.0;0.0;7.0;0.0;0.0;0.0;3.0;45.0;33.0;68.0;26.0;1.0;21.0;21.0;32.0;72.0;609.0;417.0;79.0;60.0;1.0;234.0;13.0;6.0;0.0;2022_2023
105834;1018128;40118;Daniel Morales;30;Perú;Extremo izquierdo;Sport Huancayo;969.0;22.0;9.0;2.0;19.0;8.0;10.0;1.0;1.0;16.0;2.0;0.0;9.0;0.0;0.0;0.0;8.0;15.0;5.0;8.0;5.0;0.0;16.0;8.0;5.0;32.0;339.0;270.0;96.0;21.0;5.0;135.0;7.0;3.0;0.0;2022_2023
135139;839571;40118;Armando Alfageme;31;Perú;Pivote;Universitario;1123.0;17.0;12.0;0.0;7.0;1.0;2.0;4.0;1.0;5.0;0.0;0.0;4.0;0.0;0.0;0.0;0.0;30.0;14.0;20.0;13.0;0.0;18.0;14.0;4.0;48.0;386.0;300.0;55.0;28.0;3.0;101.0;3.0;4.0;0.0;2022_2023
486264;883339;40118;Kevin Moreno;25;Perú;Defensa central;Dep. Municipal;1498.0;21.0;17.0;0.0;0.0;0.0;0.0;0.0;1.0;8.0;0.0;0.0;5.0;0.0;0.0;0.0;0.0;53.0;34.0;52.0;22.0;1.0;16.0;11.0;17.0;69.0;677.0;507.0;93.0;60.0;4.0;230.0;9.0;5.0;0.0;2022_2023
94761;883299;40118;Janio Pósito;32;Perú;Delantero centro;Dep. Binacional;1976.0;26.0;22.0;15.0;64.0;28.0;27.0;9.0;2.0;31.0;1.0;6.0;2.0;0.0;2.0;2.0;19.0;9.0;3.0;4.0;8.0;1.0;32.0;33.0;31.0;44.0;418.0;312.0;127.0;7.0;0.0;187.0;16.0;1.0;2.0;2022_2023
805862;1017755;40118;Emilio Saba;21;Palestina;Lateral derecho;FBC Melgar;723.0;15.0;7.0;0.0;4.0;1.0;2.0;1.0;1.0;10.0;2.0;0.0;9.0;0.0;0.0;0.0;0.0;19.0;12.0;14.0;4.0;0.0;15.0;4.0;9.0;32.0;255.0;186.0;59.0;12.0;8.0;147.0;9.0;2.0;0.0;2022_2023
201043;358202;40118;Gianmarco Gambetta;31;Perú;Defensa central;AD Cantolao;1184.0;17.0;12.0;0.0;4.0;1.0;2.0;1.0;0.0;1.0;0.0;1.0;2.0;0.0;0.0;0.0;0.0;12.0;14.0;58.0;7.0;1.0;19.0;5.0;28.0;19.0;449.0;317.0;45.0;59.0;0.0;152.0;4.0;2.0;0.0;2022_2023
480527;973681;40118;Rely Fernández;24;Perú;Extremo derecho;CA Mannucci;1214.0;28.0;11.0;4.0;37.0;14.0;15.0;8.0;3.0;26.0;3.0;4.0;19.0;0.0;1.0;1.0;4.0;28.0;7.0;6.0;14.0;0.0;35.0;31.0;17.0;78.0;295.0;239.0;94.0;17.0;15.0;191.0;32.0;6.0;0.0;2022_2023
122114;162435;40118;Pedro Requena;31;Perú;Lateral derecho;Carlos Stein;100.0;2.0;2.0;0.0;0.0;0.0;0.0;0.0;0.0;0.0;0.0;0.0;0.0;0.0;0.0;0.0;0.0;1.0;1.0;3.0;0.0;0.0;0.0;0.0;0.0;1.0;20.0;8.0;1.0;2.0;0.0;19.0;0.0;0.0;0.0;2022_2023
82570;924643;40118;John Fajardo;33;Perú;Defensa central;Carlos Stein;876.0;11.0;11.0;0.0;5.0;0.0;2.0;3.0;0.0;2.0;0.0;0.0;1.0;0.0;0.0;0.0;1.0;14.0;8.0;57.0;3.0;2.0;7.0;5.0;12.0;20.0;329.0;258.0;26.0;34.0;0.0;84.0;4.0;4.0;0.0;2022_2023
342051;846373;40118;Patrick Zubczuk;27;Perú;Portero;Cienciano;450.0;5.0;5.0;0.0;0.0;0.0;0.0;0.0;0.0;0.0;0.0;0.0;0.0;0.0;0.0;0.0;0.0;0.0;0.0;5.0;0.0;0.0;0.0;1.0;2.0;1.0;103.0;74.0;4.0;32.0;0.0;31.0;0.0;0.0;0.0;2022_2023
102784;107293;40118;Joel Sánchez;33;Perú;Mediocentro ofensivo;FBC Melgar;631.0;21.0;6.0;0.0;21.0;7.0;12.0;2.0;1.0;19.0;1.0;1.0;13.0;0.0;0.0;0.0;0.0;13.0;3.0;1.0;7.0;0.0;10.0;15.0;7.0;40.0;395.0;322.0;129.0;22.0;5.0;151.0;15.0;0.0;0.0;2022_2023
180911;789965;40118;João Ortiz;31;Perú;Lateral izquierdo;CA Mannucci;2168.0;27.0;25.0;0.0;17.0;3.0;10.0;4.0;0.0;38.0;5.0;0.0;16.0;1.0;0.0;0.0;2.0;45.0;48.0;38.0;24.0;1.0;26.0;45.0;16.0;105.0;829.0;557.0;154.0;95.0;60.0;510.0;19.0;9.0;1.0;2022_2023
119365;882851;40118;Joazhiño Arroé;30;Perú;Mediocentro ofensivo;CA Mannucci;1043.0;27.0;8.0;2.0;21.0;6.0;11.0;4.0;1.0;26.0;1.0;0.0;16.0;0.0;0.0;0.0;3.0;8.0;7.0;1.0;12.0;0.0;8.0;18.0;1.0;42.0;501.0;403.0;133.0;47.0;14.0;218.0;26.0;2.0;1.0;2022_2023
250929;883298;40118;Paulo Goyoneche;29;Perú;Pivote;UTC;373.0;8.0;5.0;0.0;4.0;1.0;1.0;2.0;0.0;1.0;0.0;0.0;0.0;0.0;0.0;0.0;0.0;9.0;3.0;4.0;6.0;0.0;9.0;4.0;9.0;13.0;137.0;94.0;23.0;14.0;0.0;51.0;0.0;1.0;0.0;2022_2023
581201;924791;40118;Yorkman Tello;32;Perú;Pivote;AD Tarma;1200.0;14.0;15.0;3.0;6.0;1.0;5.0;0.0;0.0;8.0;0.0;0.0;5.0;0.0;2.0;2.0;1.0;42.0;19.0;25.0;34.0;0.0;22.0;18.0;4.0;65.0;473.0;382.0;57.0;48.0;0.0;116.0;11.0;7.0;2.0;2022_2023
90230;107307;40118;Salomón Libman;38;Perú;Portero;UTC;2700.0;30.0;30.0;0.0;0.0;0.0;0.0;0.0;0.0;0.0;0.0;0.0;0.0;0.0;0.0;0.0;0.0;2.0;1.0;29.0;1.0;0.0;0.0;3.0;5.0;5.0;613.0;382.0;26.0;158.0;0.0;238.0;1.0;3.0;1.0;2022_2023
94820;125100;40118;Jesús Arismendi;35;Perú;Lateral derecho;Alianza Atl.;1193.0;22.0;13.0;2.0;6.0;3.0;1.0;2.0;1.0;10.0;1.0;0.0;6.0;0.0;0.0;0.0;4.0;20.0;12.0;35.0;10.0;1.0;25.0;4.0;11.0;30.0;317.0;210.0;70.0;20.0;2.0;164.0;6.0;8.0;1.0;2022_2023
210481;339737;40320;Nicolás Palacios;30;Colombia;Defensa central;CD La Equidad;433.0;10.0;4.0;0.0;1.0;0.0;1.0;0.0;0.0;1.0;0.0;0.0;0.0;0.0;0.0;0.0;0.0;12.0;7.0;15.0;4.0;1.0;6.0;3.0;8.0;15.0;175.0;134.0;19.0;20.0;0.0;42.0;0.0;2.0;0.0;2022_2023
210481;339737;42387;Nicolás Palacios;30;Colombia;Defensa central;CD La Equidad;170.0;4.0;3.0;0.0;0.0;0.0;0.0;0.0;0.0;0.0;0.0;0.0;2.0;0.0;0.0;0.0;0.0;3.0;6.0;5.0;0.0;0.0;4.0;2.0;3.0;7.0;54.0;41.0;6.0;9.0;0.0;16.0;1.0;1.0;0.0;2022_2023
326200;840530;37358;Óscar Barreto;29;Colombia;Extremo derecho;Sin equipo;357.0;10.0;3.0;0.0;8.0;2.0;4.0;2.0;2.0;8.0;2.0;1.0;4.0;0.0;0.0;0.0;1.0;13.0;4.0;2.0;6.0;0.0;5.0;12.0;1.0;29.0;111.0;75.0;26.0;6.0;3.0;56.0;2.0;1.0;0.0;2022_2023
641820;933730;40118;Brandon Palacios;24;Perú;Extremo derecho;Carlos Stein;1030.0;16.0;12.0;6.0;19.0;10.0;7.0;2.0;1.0;8.0;2.0;3.0;14.0;1.0;0.0;0.0;8.0;18.0;13.0;5.0;8.0;0.0;14.0;20.0;15.0;52.0;258.0;184.0;50.0;14.0;5.0;166.0;14.0;7.0;0.0;2022_2023
356381;873703;40118;Anthony Rosell;27;Perú;Lateral izquierdo;Cienciano;1585.0;30.0;22.0;2.0;21.0;6.0;10.0;5.0;0.0;15.0;1.0;0.0;6.0;1.0;0.0;0.0;3.0;28.0;15.0;17.0;14.0;0.0;20.0;26.0;17.0;60.0;464.0;348.0;121.0;38.0;13.0;237.0;16.0;4.0;1.0;2022_2023
170616;176289;40118;Ángel Romero;31;Perú;Pivote;FBC Melgar;1799.0;25.0;19.0;0.0;8.0;2.0;5.0;1.0;2.0;16.0;2.0;0.0;10.0;0.0;0.0;0.0;1.0;42.0;20.0;39.0;17.0;0.0;43.0;10.0;24.0;62.0;813.0;694.0;123.0;44.0;2.0;147.0;5.0;10.0;1.0;2022_2023
741727;1018255;40118;Orlando Núñez;22;Perú;Lateral izquierdo;César Vallejo;1175.0;23.0;14.0;0.0;6.0;0.0;1.0;5.0;1.0;9.0;0.0;0.0;16.0;1.0;0.0;0.0;6.0;21.0;16.0;10.0;9.0;0.0;25.0;47.0;7.0;84.0;430.0;338.0;83.0;24.0;4.0;216.0;15.0;3.0;0.0;2022_2023
491560;975540;40118;Freddy Oncoy;21;Perú;Mediocentro;FBC Melgar;186.0;8.0;2.0;0.0;1.0;0.0;1.0;0.0;0.0;0.0;0.0;0.0;2.0;0.0;0.0;0.0;0.0;6.0;2.0;1.0;1.0;0.0;3.0;1.0;1.0;9.0;99.0;87.0;20.0;4.0;1.0;19.0;3.0;0.0;0.0;2022_2023
832216;1017759;40118;Jefferson Cáceres;19;Perú;Extremo izquierdo;FBC Melgar;53.0;4.0;0.0;0.0;1.0;1.0;0.0;0.0;0.0;0.0;0.0;0.0;1.0;1.0;0.0;0.0;1.0;0.0;0.0;1.0;2.0;0.0;1.0;2.0;0.0;3.0;27.0;23.0;11.0;0.0;0.0;10.0;0.0;0.0;0.0;2022_2023
656061;977086;40118;Cristian Carbajal;22;Perú;Lateral izquierdo;Sport. Cristal;367.0;6.0;4.0;0.0;2.0;2.0;0.0;0.0;1.0;2.0;0.0;0.0;0.0;0.0;0.0;0.0;0.0;7.0;6.0;5.0;3.0;0.0;10.0;3.0;4.0;10.0;148.0;120.0;12.0;6.0;0.0;40.0;2.0;2.0;0.0;2022_2023
483713;882860;40118;Luis Carranza;23;Perú;Extremo derecho;CA Mannucci;218.0;7.0;1.0;0.0;5.0;0.0;2.0;3.0;1.0;2.0;0.0;0.0;7.0;0.0;0.0;0.0;0.0;2.0;7.0;0.0;5.0;0.0;5.0;7.0;1.0;16.0;77.0;59.0;16.0;6.0;1.0;36.0;3.0;1.0;0.0;2022_2023
149622;176285;40118;Werner Schuler;31;Perú;Defensa central;UTC;2776.0;31.0;31.0;0.0;13.0;2.0;10.0;1.0;1.0;6.0;1.0;0.0;1.0;0.0;0.0;0.0;6.0;25.0;51.0;140.0;6.0;2.0;28.0;12.0;69.0;38.0;956.0;743.0;37.0;109.0;0.0;223.0;3.0;3.0;0.0;2022_2023
639467;924881;40118;Christian Vásquez;22;Perú;Lateral derecho;UTC;1173.0;16.0;14.0;0.0;4.0;0.0;3.0;1.0;0.0;6.0;0.0;0.0;5.0;0.0;0.0;0.0;0.0;38.0;23.0;18.0;14.0;1.0;22.0;17.0;17.0;60.0;352.0;248.0;52.0;21.0;5.0;201.0;13.0;6.0;0.0;2022_2023
100197;162603;40118;Juan Morales;33;Perú;Pivote;Ayacucho FC;2383.0;29.0;28.0;0.0;5.0;1.0;2.0;2.0;2.0;18.0;3.0;1.0;22.0;0.0;0.0;0.0;1.0;72.0;32.0;30.0;24.0;0.0;52.0;46.0;23.0;140.0;1246.0;1052.0;223.0;57.0;1.0;264.0;31.0;10.0;1.0;2022_2023
621028;980889;40118;Dylan Caro;23;Perú;Lateral izquierdo;AD Tarma;450.0;10.0;4.0;0.0;2.0;1.0;0.0;1.0;0.0;7.0;0.0;0.0;0.0;0.0;0.0;0.0;1.0;15.0;6.0;7.0;1.0;0.0;10.0;5.0;2.0;20.0;101.0;73.0;21.0;11.0;5.0;69.0;5.0;1.0;0.0;2022_2023
94406;73666;40118;Marcio Valverde;34;Perú;Mediocentro;Alianza Atl.;1438.0;24.0;18.0;3.0;36.0;11.0;15.0;10.0;1.0;32.0;6.0;1.0;9.0;0.0;1.0;1.0;1.0;8.0;11.0;21.0;8.0;0.0;11.0;12.0;11.0;29.0;478.0;342.0;120.0;77.0;23.0;247.0;18.0;5.0;1.0;2022_2023
111130;115187;40118;Joyce Conde;30;Perú;Delantero centro;Alianza Atl.;931.0;19.0;9.0;5.0;22.0;12.0;9.0;1.0;0.0;14.0;2.0;5.0;2.0;0.0;0.0;0.0;7.0;8.0;4.0;12.0;4.0;0.0;25.0;13.0;51.0;23.0;203.0;129.0;51.0;0.0;0.0;106.0;4.0;2.0;0.0;2022_2023
283395;340449;44513;Federico Milo;30;Argentina;Lateral izquierdo;Ionikos Nikeas;252.0;7.0;2.0;0.0;2.0;0.0;2.0;0.0;0.0;4.0;0.0;0.0;2.0;0.0;0.0;0.0;0.0;2.0;4.0;3.0;3.0;0.0;8.0;2.0;2.0;6.0;110.0;87.0;12.0;9.0;3.0;43.0;7.0;2.0;0.0;2022_2023
653687;932927;40118;Jorge Ríos;22;Perú;Mediocentro;César Vallejo;320.0;10.0;3.0;0.0;5.0;3.0;2.0;0.0;0.0;1.0;0.0;0.0;4.0;0.0;0.0;0.0;0.0;3.0;4.0;2.0;3.0;0.0;8.0;6.0;0.0;13.0;151.0;126.0;28.0;12.0;2.0;53.0;3.0;2.0;1.0;2022_2023
84506;47439;40118;Christian Ramos;33;Perú;Defensa central;Alianza Lima;1641.0;22.0;19.0;0.0;8.0;0.0;5.0;3.0;0.0;2.0;0.0;0.0;1.0;0.0;0.0;0.0;0.0;14.0;20.0;48.0;4.0;1.0;33.0;7.0;25.0;22.0;702.0;596.0;72.0;75.0;1.0;117.0;5.0;6.0;0.0;2022_2023
680510;1169590;40503;Edinson Mero;23;Ecuador;Extremo derecho;Delfín SC;1416.0;39.0;13.0;3.0;0.0;0.0;0.0;0.0;0.0;0.0;0.0;0.0;0.0;0.0;0.0;0.0;0.0;0.0;0.0;0.0;0.0;0.0;0.0;0.0;0.0;0.0;0.0;0.0;0.0;0.0;0.0;0.0;0.0;5.0;2.0;2022_2023
72680;13532;40118;Luis Ramírez;37;Perú;Mediocentro ofensivo;Sport Boys;2465.0;29.0;27.0;2.0;24.0;9.0;11.0;4.0;1.0;32.0;2.0;0.0;22.0;0.0;0.0;0.0;8.0;50.0;20.0;20.0;24.0;1.0;66.0;93.0;39.0;165.0;1025.0;818.0;304.0;50.0;6.0;381.0;52.0;9.0;1.0;2022_2023
267549;589438;40118;Saúl Salas;27;Perú;Defensa central;CA Mannucci;720.0;8.0;8.0;0.0;3.0;1.0;1.0;1.0;0.0;4.0;0.0;0.0;1.0;0.0;0.0;0.0;1.0;13.0;14.0;33.0;7.0;1.0;15.0;2.0;14.0;16.0;227.0;158.0;31.0;17.0;5.0;106.0;7.0;2.0;0.0;2022_2023
214624;345787;40118;Josimar Vargas;32;Perú;Pivote;Carlos Stein;878.0;12.0;12.0;0.0;4.0;0.0;3.0;1.0;1.0;4.0;0.0;0.0;1.0;0.0;0.0;0.0;0.0;15.0;8.0;11.0;9.0;0.0;9.0;3.0;5.0;18.0;260.0;209.0;34.0;23.0;0.0;75.0;8.0;8.0;0.0;2022_2023
178104;340349;40118;Gabriel Leyes;32;Uruguay;Delantero centro;Cerro Largo;1065.0;15.0;14.0;7.0;33.0;11.0;15.0;7.0;7.0;15.0;5.0;0.0;18.0;0.0;2.0;2.0;9.0;10.0;1.0;14.0;3.0;0.0;30.0;34.0;58.0;59.0;228.0;133.0;42.0;11.0;0.0;185.0;32.0;4.0;2.0;2022_2023
352344;876926;40118;Francisco Duclós;26;Perú;Defensa central;Ayacucho FC;835.0;16.0;9.0;0.0;8.0;0.0;7.0;1.0;0.0;13.0;1.0;0.0;2.0;0.0;0.0;0.0;1.0;16.0;12.0;20.0;10.0;0.0;18.0;5.0;12.0;23.0;286.0;201.0;46.0;17.0;4.0;129.0;3.0;7.0;2.0;2022_2023
74351;76814;40320;Michel Acosta;34;Uruguay;Pivote;A. Bucaramanga;1217.0;22.0;16.0;2.0;25.0;4.0;15.0;6.0;1.0;7.0;1.0;1.0;3.0;0.0;0.0;0.0;0.0;28.0;28.0;15.0;13.0;0.0;21.0;17.0;28.0;48.0;461.0;330.0;42.0;22.0;0.0;156.0;3.0;10.0;0.0;2022_2023
74351;76814;42387;Michel Acosta;34;Uruguay;Pivote;A. Bucaramanga;1012.0;15.0;13.0;0.0;19.0;4.0;10.0;5.0;2.0;6.0;1.0;0.0;3.0;0.0;0.0;0.0;0.0;18.0;12.0;24.0;7.0;1.0;10.0;5.0;12.0;26.0;414.0;311.0;41.0;26.0;1.0;127.0;7.0;3.0;1.0;2022_2023
483715;883812;40118;Renato Espinosa;23;Perú;Delantero centro;Dep. Municipal;950.0;30.0;9.0;6.0;33.0;15.0;11.0;7.0;1.0;16.0;1.0;3.0;4.0;0.0;0.0;0.0;20.0;8.0;2.0;9.0;3.0;0.0;13.0;13.0;33.0;25.0;247.0;169.0;56.0;7.0;1.0;127.0;9.0;2.0;0.0;2022_2023
170787;869721;40175;Facundo Moreira;33;Uruguay;Defensa central;Metropolitanos;458.0;8.0;4.0;0.0;3.0;0.0;2.0;1.0;0.0;3.0;0.0;0.0;2.0;0.0;0.0;0.0;0.0;15.0;10.0;24.0;7.0;0.0;5.0;5.0;20.0;22.0;284.0;255.0;38.0;29.0;0.0;42.0;2.0;2.0;0.0;2022_2023
275266;339171;40118;Ítalo Regalado;26;Perú;Extremo derecho;Ayacucho FC;668.0;13.0;5.0;1.0;17.0;8.0;6.0;3.0;2.0;11.0;1.0;2.0;2.0;1.0;0.0;0.0;8.0;15.0;7.0;5.0;6.0;0.0;23.0;9.0;17.0;26.0;160.0;113.0;50.0;5.0;3.0;94.0;8.0;0.0;0.0;2022_2023
696726;1018388;40118;Emanuel Ibáñez;28;Argentina;Pivote;Doxa Dramas;1524.0;27.0;17.0;0.0;22.0;3.0;16.0;3.0;0.0;9.0;1.0;1.0;5.0;0.0;0.0;0.0;1.0;55.0;19.0;11.0;19.0;0.0;41.0;13.0;8.0;73.0;595.0;473.0;83.0;39.0;4.0;168.0;13.0;6.0;0.0;2022_2023
522868;893536;53242;Diego Dorregaray;31;Argentina;Delantero centro;Nea Salamis;1260.0;14.0;13.0;7.0;30.0;15.0;0.0;1.0;0.0;3.0;0.0;0.0;11.0;0.0;4.0;3.0;10.0;0.0;0.0;15.0;17.0;0.0;22.0;27.0;40.0;0.0;148.0;103.0;5.0;11.0;0.0;0.0;0.0;4.0;0.0;2023_2024
490717;924783;48078;Jairo Concha;24;Perú;Mediocentro;Alianza Lima;2440.0;32.0;28.0;2.0;47.0;15.0;17.0;15.0;5.0;49.0;7.0;3.0;27.0;0.0;0.0;0.0;0.0;70.0;22.0;15.0;25.0;0.0;26.0;53.0;12.0;150.0;1212.0;971.0;333.0;91.0;38.0;409.0;23.0;3.0;0.0;2023_2024
159772;161675;48634;Sebastián Britos;35;Uruguay;Portero;Liverpool FC;3150.0;34.0;34.0;0.0;0.0;0.0;0.0;0.0;0.0;0.0;0.0;0.0;4.0;0.0;0.0;0.0;0.0;0.0;0.0;12.0;0.0;0.0;1.0;9.0;27.0;0.0;675.0;551.0;47.0;198.0;0.0;0.0;0.0;5.0;0.0;2023_2024
457058;895589;48078;Williams Riveros;30;Paraguay;Defensa central;Barcelona SC;2774.0;31.0;31.0;2.0;24.0;9.0;11.0;4.0;1.0;12.0;0.0;0.0;3.0;0.0;0.0;0.0;2.0;48.0;48.0;83.0;21.0;0.0;26.0;26.0;56.0;76.0;1064.0;881.0;59.0;96.0;0.0;203.0;5.0;10.0;1.0;2023_2024
527625;892669;48078;Christopher Olivares;24;Perú;Delantero centro;Cusco FC;1941.0;27.0;28.0;6.0;46.0;20.0;19.0;7.0;4.0;17.0;2.0;3.0;22.0;0.0;0.0;0.0;12.0;15.0;6.0;14.0;7.0;0.0;29.0;23.0;29.0;60.0;318.0;238.0;81.0;6.0;1.0;205.0;39.0;8.0;0.0;2023_2024
443717;846486;48720;Segundo Portocarrero;26;Ecuador;Lateral izquierdo;Barcelona SC;1629.0;26.0;16.0;1.0;11.0;3.0;5.0;3.0;2.0;12.0;2.0;1.0;17.0;0.0;0.0;0.0;2.0;15.0;23.0;18.0;9.0;0.0;32.0;43.0;26.0;75.0;486.0;367.0;83.0;23.0;15.0;245.0;13.0;3.0;1.0;2023_2024
194998;176139;42017;Edison Flores;29;Perú;Extremo izquierdo;Atlas;699.0;17.0;5.0;0.0;14.0;5.0;5.0;4.0;2.0;18.0;3.0;3.0;5.0;0.0;0.0;0.0;0.0;20.0;7.0;7.0;4.0;0.0;12.0;4.0;8.0;29.0;243.0;203.0;66.0;14.0;4.0;74.0;8.0;0.0;0.0;2023_2024
194998;176139;47656;Edison Flores;29;Perú;Extremo izquierdo;Atlas;126.0;5.0;2.0;0.0;0.0;0.0;0.0;0.0;0.0;3.0;1.0;0.0;0.0;0.0;0.0;0.0;0.0;3.0;0.0;1.0;1.0;0.0;2.0;1.0;1.0;4.0;47.0;39.0;17.0;1.0;2.0;22.0;1.0;0.0;0.0;2023_2024
76599;47435;47647;Martín Cauteruccio;36;Uruguay;Delantero centro;Independiente;2148.0;27.0;24.0;11.0;42.0;21.0;14.0;7.0;1.0;20.0;4.0;5.0;21.0;0.0;7.0;6.0;25.0;10.0;7.0;17.0;13.0;0.0;15.0;16.0;36.0;47.0;408.0;298.0;121.0;5.0;5.0;205.0;30.0;0.0;0.0;2023_2024
270987;295161;47647;Nicolás Pasquini;32;Argentina;Lateral izquierdo;Talleres;601.0;8.0;7.0;0.0;0.0;0.0;0.0;0.0;0.0;1.0;0.0;0.0;1.0;0.0;0.0;0.0;0.0;9.0;6.0;11.0;5.0;0.0;4.0;1.0;6.0;11.0;228.0;169.0;40.0;13.0;1.0;84.0;0.0;2.0;0.0;2023_2024
597455;937859;48079;Santiago González;23;Argentina;Extremo derecho;Dep. Maipú;3369.0;38.0;37.0;8.0;67.0;27.0;0.0;1.0;6.0;73.0;0.0;0.0;159.0;0.0;0.0;0.0;23.0;0.0;0.0;9.0;55.0;0.0;52.0;53.0;10.0;0.0;1065.0;746.0;64.0;42.0;63.0;0.0;0.0;3.0;1.0;2023_2024
520457;892073;49058;Gustavo Cazonatti;26;Brasil;Pivote;Tombense;2200.0;29.0;26.0;3.0;19.0;7.0;9.0;3.0;1.0;14.0;0.0;1.0;10.0;0.0;0.0;0.0;0.0;71.0;33.0;32.0;9.0;0.0;59.0;49.0;39.0;130.0;967.0;822.0;134.0;45.0;1.0;199.0;12.0;11.0;2.0;2023_2024
196037;340077;40118;Pablo Lavandeira;33;Uruguay;Mediocentro ofensivo;Alianza Lima;2649.0;35.0;30.0;11.0;61.0;30.0;22.0;9.0;10.0;77.0;9.0;4.0;34.0;0.0;2.0;2.0;6.0;37.0;22.0;9.0;19.0;0.0;44.0;67.0;22.0;136.0;921.0;645.0;261.0;37.0;73.0;656.0;55.0;3.0;0.0;2023_2024
483714;883296;48078;Kevin Sandoval;26;Perú;Extremo izquierdo;Cienciano;1347.0;19.0;16.0;3.0;39.0;15.0;14.0;10.0;4.0;38.0;6.0;1.0;28.0;0.0;1.0;0.0;3.0;12.0;4.0;2.0;13.0;0.0;9.0;46.0;6.0;86.0;473.0;374.0;138.0;32.0;25.0;252.0;32.0;1.0;0.0;2023_2024
302416;365990;47647;Leonel González;29;Argentina;Defensa central;Godoy Cruz;384.0;7.0;5.0;0.0;4.0;0.0;4.0;0.0;0.0;1.0;0.0;0.0;7.0;0.0;0.0;0.0;0.0;5.0;6.0;16.0;3.0;1.0;1.0;0.0;7.0;12.0;296.0;238.0;28.0;26.0;1.0;75.0;2.0;1.0;0.0;2023_2024
530444;941410;48017;Brian Blando;28;Argentina;Delantero centro;Lanús;922.0;14.0;10.0;5.0;32.0;14.0;13.0;5.0;1.0;14.0;1.0;1.0;6.0;0.0;1.0;1.0;2.0;6.0;1.0;3.0;0.0;0.0;14.0;17.0;10.0;29.0;160.0;114.0;63.0;2.0;3.0;110.0;12.0;4.0;0.0;2023_2024
530444;941410;47647;Brian Blando;28;Argentina;Delantero centro;Lanús;61.0;4.0;0.0;0.0;1.0;0.0;1.0;0.0;0.0;3.0;1.0;0.0;1.0;0.0;0.0;0.0;0.0;4.0;0.0;0.0;0.0;0.0;2.0;0.0;4.0;5.0;19.0;12.0;9.0;0.0;0.0;20.0;3.0;0.0;0.0;2023_2024
283386;332777;47647;Lucas Diarte;30;Argentina;Lateral izquierdo;Belgrano;970.0;20.0;10.0;1.0;7.0;2.0;4.0;1.0;0.0;12.0;0.0;0.0;5.0;0.0;0.0;0.0;0.0;26.0;10.0;19.0;10.0;1.0;14.0;11.0;7.0;41.0;323.0;217.0;66.0;13.0;13.0;191.0;6.0;5.0;0.0;2023_2024
741728;1017760;48078;Jhamir D'Arrigo;23;Perú;Extremo izquierdo;FBC Melgar;1905.0;31.0;19.0;1.0;20.0;8.0;5.0;7.0;2.0;31.0;4.0;3.0;53.0;1.0;1.0;0.0;5.0;27.0;13.0;15.0;10.0;1.0;26.0;26.0;5.0;106.0;602.0;485.0;213.0;14.0;15.0;358.0;40.0;3.0;0.0;2023_2024
745927;981374;48078;Kevin Serna;25;Colombia;Extremo derecho;AD Tarma;3239.0;36.0;36.0;6.0;84.0;35.0;29.0;20.0;8.0;55.0;11.0;3.0;139.0;1.0;0.0;0.0;5.0;54.0;17.0;29.0;14.0;0.0;33.0;66.0;26.0;259.0;579.0;384.0;203.0;17.0;40.0;660.0;100.0;3.0;0.0;2023_2024
628750;962187;48017;Juan Pablo Freytes;23;Argentina;Defensa central;Newell's;1801.0;24.0;19.0;2.0;15.0;5.0;8.0;2.0;0.0;6.0;2.0;0.0;7.0;0.0;0.0;0.0;0.0;29.0;31.0;92.0;11.0;0.0;14.0;6.0;34.0;42.0;943.0;651.0;108.0;120.0;3.0;369.0;1.0;6.0;0.0;2023_2024
335677;874985;48078;Renzo Garcés;27;Perú;Defensa central;César Vallejo;2638.0;30.0;30.0;0.0;10.0;1.0;8.0;1.0;0.0;2.0;0.0;2.0;13.0;1.0;0.0;0.0;1.0;38.0;38.0;122.0;5.0;1.0;34.0;51.0;41.0;102.0;1537.0;1332.0;93.0;192.0;0.0;230.0;3.0;7.0;2.0;2023_2024
358016;789372;48079;Adrián Arregui;30;Argentina;Pivote;Temperley;3060.0;33.0;33.0;6.0;39.0;11.0;0.0;18.0;1.0;7.0;0.0;0.0;20.0;0.0;0.0;0.0;5.0;0.0;0.0;52.0;78.0;0.0;52.0;29.0;115.0;0.0;1320.0;1063.0;103.0;73.0;3.0;0.0;0.0;12.0;1.0;2023_2024
177064;159931;48017;Cecilio Waterman;32;Panamá;Delantero centro;Cobresal;2052.0;24.0;24.0;9.0;52.0;22.0;23.0;7.0;2.0;20.0;4.0;8.0;17.0;1.0;4.0;4.0;10.0;5.0;0.0;20.0;4.0;0.0;12.0;12.0;43.0;34.0;498.0;378.0;137.0;21.0;0.0;211.0;24.0;8.0;0.0;2023_2024
131114;47418;48634;Sebastián Rodríguez;30;Uruguay;Mediocentro;Peñarol;3390.0;37.0;36.0;7.0;54.0;13.0;0.0;2.0;5.0;70.0;0.0;0.0;49.0;0.0;5.0;5.0;0.0;0.0;0.0;15.0;66.0;0.0;36.0;26.0;19.0;0.0;1952.0;1686.0;305.0;90.0;10.0;0.0;0.0;10.0;1.0;2023_2024
818499;931776;48078;Cristian Neira;22;Perú;Mediocentro ofensivo;Unión Comercio;2304.0;31.0;28.0;4.0;50.0;18.0;21.0;11.0;4.0;49.0;5.0;3.0;42.0;0.0;0.0;0.0;5.0;13.0;9.0;0.0;12.0;0.0;34.0;68.0;5.0;123.0;1060.0;897.0;320.0;66.0;26.0;351.0;47.0;3.0;1.0;2023_2024
837617;1090720;48078;Marco Huamán;20;Perú;Lateral derecho;Sport Huancayo;2215.0;25.0;25.0;1.0;19.0;6.0;4.0;9.0;2.0;17.0;4.0;3.0;22.0;1.0;0.0;0.0;3.0;43.0;27.0;33.0;23.0;0.0;18.0;45.0;18.0;110.0;1077.0;891.0;246.0;74.0;9.0;319.0;22.0;3.0;0.0;2023_2024
657791;944825;52769;Jeriel de Santis;21;Venezuela;Delantero centro;Boavista;164.0;12.0;0.0;0.0;3.0;0.0;1.0;2.0;1.0;3.0;1.0;1.0;1.0;1.0;0.0;0.0;3.0;0.0;0.0;1.0;2.0;0.0;13.0;4.0;5.0;5.0;37.0;28.0;14.0;0.0;0.0;33.0;4.0;2.0;0.0;2023_2024
1011264;1415942;47647;Catriel Cabellos;18;Perú;Mediocentro;Racing;121.0;5.0;0.0;0.0;0.0;0.0;0.0;0.0;1.0;4.0;2.0;0.0;6.0;0.0;0.0;0.0;0.0;1.0;0.0;1.0;3.0;0.0;3.0;3.0;0.0;10.0;59.0;45.0;19.0;2.0;0.0;27.0;3.0;1.0;0.0;2023_2024
480523;876927;48078;Aldair Fuentes;25;Perú;Defensa central;CF Fuenlabrada;1812.0;28.0;18.0;2.0;30.0;6.0;20.0;4.0;1.0;16.0;1.0;0.0;6.0;0.0;0.0;0.0;2.0;28.0;26.0;32.0;24.0;0.0;42.0;36.0;46.0;70.0;776.0;634.0;145.0;40.0;4.0;212.0;24.0;7.0;1.0;2023_2024
403809;1006509;48742;Jiovany Ramos;26;Panamá;Defensa central;Independiente;2360.0;29.0;26.0;2.0;17.0;4.0;9.0;4.0;3.0;12.0;3.0;0.0;20.0;0.0;0.0;0.0;1.0;66.0;41.0;58.0;28.0;0.0;37.0;17.0;41.0;103.0;1287.0;1068.0;193.0;135.0;1.0;261.0;5.0;11.0;1.0;2023_2024
308810;312208;48742;Rubén Ramírez;27;Venezuela;Defensa central;Monagas SC;1939.0;23.0;21.0;0.0;6.0;1.0;4.0;1.0;1.0;11.0;0.0;1.0;6.0;0.0;0.0;0.0;1.0;25.0;23.0;63.0;15.0;0.0;19.0;18.0;49.0;49.0;903.0;701.0;101.0;77.0;1.0;237.0;5.0;3.0;0.0;2023_2024
250672;339533;48078;Carlos Solís;32;Perú;Portero;Carlos Stein;900.0;10.0;10.0;0.0;0.0;0.0;0.0;0.0;0.0;0.0;0.0;0.0;0.0;0.0;0.0;0.0;0.0;0.0;2.0;8.0;0.0;0.0;0.0;1.0;0.0;1.0;234.0;148.0;13.0;65.0;0.0;91.0;0.0;1.0;0.0;2023_2024
210553;923196;48079;Juan Manuel Tévez;35;Argentina;Delantero centro;Gimnasia (J);2519.0;34.0;27.0;6.0;34.0;18.0;0.0;6.0;1.0;19.0;0.0;0.0;26.0;0.0;3.0;1.0;18.0;0.0;0.0;16.0;9.0;0.0;35.0;33.0;91.0;0.0;375.0;241.0;26.0;10.0;7.0;0.0;0.0;2.0;0.0;2023_2024
329212;586956;47647;Lucas Colitto;29;Argentina;Extremo izquierdo;Barracas;818.0;15.0;9.0;0.0;17.0;5.0;5.0;7.0;0.0;12.0;1.0;0.0;13.0;1.0;0.0;0.0;1.0;12.0;7.0;2.0;13.0;0.0;10.0;13.0;3.0;38.0;292.0;217.0;76.0;10.0;9.0;156.0;12.0;2.0;0.0;2023_2024
661480;974006;48017;Pablo Cárdenas;23;Perú;Lateral derecho;Cobresal;389.0;8.0;3.0;1.0;3.0;1.0;2.0;0.0;0.0;3.0;2.0;0.0;5.0;0.0;0.0;0.0;1.0;16.0;12.0;9.0;6.0;0.0;2.0;8.0;5.0;29.0;156.0;112.0;39.0;8.0;1.0;94.0;6.0;0.0;0.0;2023_2024
664864;882897;48078;Alonso Tamariz;25;Perú;Lateral izquierdo;AD Cantolao;2288.0;30.0;26.0;0.0;2.0;0.0;1.0;1.0;0.0;11.0;1.0;0.0;14.0;0.0;0.0;0.0;0.0;46.0;31.0;36.0;9.0;1.0;36.0;21.0;18.0;80.0;581.0;453.0;98.0;30.0;3.0;242.0;17.0;6.0;0.0;2023_2024
1102800;1466374;48078;Eslyn Correa;18;Perú;Mediocentro;Dep. Municipal;633.0;12.0;9.0;0.0;6.0;1.0;3.0;2.0;0.0;5.0;1.0;0.0;1.0;0.0;0.0;0.0;0.0;6.0;6.0;2.0;7.0;0.0;9.0;9.0;6.0;16.0;200.0;165.0;47.0;3.0;0.0;52.0;5.0;1.0;0.0;2023_2024
654298;973566;48078;Oswaldo Valenzuela;22;Perú;Pivote;Alianza Lima;472.0;15.0;5.0;0.0;2.0;0.0;2.0;0.0;0.0;2.0;1.0;0.0;1.0;0.0;0.0;0.0;0.0;10.0;6.0;4.0;5.0;0.0;11.0;2.0;4.0;13.0;128.0;94.0;14.0;6.0;0.0;41.0;1.0;3.0;0.0;2023_2024
981706;1176979;48078;Jhosep Núñez;19;Perú;Extremo izquierdo;Dep. Municipal;1576.0;25.0;16.0;3.0;37.0;12.0;14.0;11.0;3.0;13.0;2.0;0.0;30.0;0.0;0.0;0.0;3.0;26.0;5.0;5.0;13.0;0.0;36.0;56.0;2.0;112.0;352.0;247.0;105.0;17.0;13.0;220.0;25.0;7.0;0.0;2023_2024
422914;830880;48079;Nicolás Silva;33;Argentina;Extremo derecho;Chaco For Ever;1773.0;29.0;19.0;4.0;34.0;14.0;0.0;1.0;1.0;20.0;0.0;0.0;69.0;0.0;0.0;0.0;3.0;0.0;0.0;7.0;25.0;0.0;4.0;39.0;4.0;0.0;445.0;314.0;25.0;9.0;11.0;0.0;0.0;2.0;0.0;2023_2024
380603;829029;48079;Iván Colman;28;Argentina;Mediocentro ofensivo;Quilmes;2440.0;34.0;31.0;4.0;25.0;10.0;0.0;0.0;3.0;30.0;0.0;0.0;33.0;0.0;1.0;1.0;2.0;0.0;0.0;14.0;56.0;0.0;34.0;36.0;36.0;0.0;1147.0;911.0;158.0;103.0;18.0;0.0;0.0;8.0;0.0;2023_2024
687529;984107;48078;Luis Ramos;23;Perú;Delantero centro;Los Chankas;505.0;14.0;3.0;2.0;17.0;7.0;7.0;3.0;0.0;6.0;0.0;1.0;5.0;0.0;1.0;1.0;5.0;0.0;1.0;2.0;1.0;0.0;7.0;12.0;16.0;17.0;100.0;56.0;32.0;1.0;0.0;82.0;8.0;1.0;0.0;2023_2024
480527;973681;48078;Rely Fernández;25;Perú;Extremo derecho;UTC;1519.0;31.0;20.0;3.0;21.0;7.0;10.0;4.0;0.0;17.0;0.0;3.0;11.0;1.0;0.0;0.0;2.0;46.0;13.0;4.0;9.0;0.0;27.0;33.0;12.0;89.0;342.0;264.0;95.0;16.0;8.0;236.0;33.0;2.0;0.0;2023_2024
146292;932870;48079;Alan Pérez;32;Argentina;Defensa central;Temperley;3420.0;37.0;37.0;1.0;11.0;4.0;0.0;18.0;1.0;6.0;0.0;0.0;18.0;0.0;0.0;0.0;0.0;0.0;0.0;83.0;65.0;0.0;34.0;14.0;97.0;0.0;1243.0;925.0;167.0;208.0;3.0;0.0;0.0;9.0;1.0;2023_2024
894880;1415941;48078;André Vasquez;20;Perú;Mediocentro ofensivo;FBC Melgar;44.0;4.0;0.0;0.0;4.0;2.0;2.0;0.0;0.0;1.0;0.0;0.0;1.0;0.0;0.0;0.0;0.0;4.0;0.0;0.0;0.0;0.0;1.0;1.0;0.0;6.0;36.0;30.0;23.0;2.0;1.0;11.0;1.0;0.0;0.0;2023_2024
533569;895338;48079;Fernando Bersano;25;Argentina;Lateral izquierdo;Talleres;1740.0;19.0;18.0;1.0;24.0;3.0;0.0;2.0;1.0;27.0;0.0;0.0;29.0;0.0;0.0;0.0;1.0;0.0;0.0;28.0;53.0;0.0;12.0;19.0;24.0;0.0;630.0;406.0;53.0;54.0;23.0;0.0;0.0;0.0;0.0;2023_2024
140931;107596;48720;John Narváez;32;Ecuador;Defensa central;Guayaquil City;1159.0;23.0;13.0;0.0;4.0;0.0;4.0;0.0;0.0;4.0;0.0;0.0;6.0;0.0;0.0;0.0;0.0;54.0;17.0;51.0;10.0;2.0;26.0;12.0;4.0;72.0;486.0;372.0;33.0;44.0;0.0;152.0;7.0;4.0;0.0;2023_2024
656911;1098312;48283;Luis Pérez;27;Colombia;Mediocentro;Once Caldas;1488.0;18.0;17.0;0.0;13.0;6.0;3.0;4.0;0.0;20.0;0.0;0.0;7.0;0.0;0.0;0.0;0.0;31.0;22.0;17.0;16.0;0.0;24.0;13.0;29.0;51.0;696.0;567.0;127.0;47.0;3.0;193.0;5.0;3.0;0.0;2023_2024
656911;1098312;52847;Luis Pérez;27;Colombia;Mediocentro;Once Caldas;1454.0;17.0;17.0;0.0;18.0;8.0;5.0;5.0;1.0;19.0;2.0;1.0;6.0;0.0;0.0;0.0;0.0;24.0;12.0;23.0;11.0;0.0;21.0;4.0;28.0;34.0;763.0;619.0;134.0;53.0;2.0;222.0;12.0;4.0;0.0;2023_2024
743322;1017769;48078;Ronald Vega;23;Perú;Defensa central;Ayacucho FC;153.0;2.0;2.0;0.0;1.0;1.0;0.0;0.0;0.0;0.0;0.0;0.0;0.0;0.0;0.0;0.0;0.0;2.0;1.0;7.0;0.0;0.0;0.0;3.0;0.0;5.0;34.0;22.0;2.0;5.0;0.0;15.0;0.0;0.0;0.0;2023_2024
94444;162425;48078;Éder Hermoza;33;Perú;Portero;Cusco FC;247.0;3.0;2.0;0.0;0.0;0.0;0.0;0.0;0.0;0.0;0.0;0.0;0.0;0.0;0.0;0.0;0.0;0.0;0.0;4.0;0.0;0.0;0.0;0.0;1.0;0.0;64.0;22.0;4.0;11.0;0.0;42.0;0.0;0.0;0.0;2023_2024
520501;886545;48720;Ángel Quiñónez;26;Ecuador;Delantero centro;CD El Nacional;774.0;17.0;6.0;5.0;26.0;7.0;12.0;7.0;0.0;19.0;0.0;2.0;4.0;0.0;1.0;1.0;7.0;3.0;1.0;3.0;3.0;0.0;12.0;5.0;23.0;12.0;145.0;97.0;53.0;2.0;3.0;82.0;8.0;2.0;0.0;2023_2024
106283;220935;48078;Edson Aubert;34;Perú;Pivote;Dep. Binacional;2160.0;29.0;25.0;0.0;33.0;10.0;16.0;7.0;6.0;44.0;7.0;0.0;17.0;0.0;0.0;0.0;1.0;39.0;27.0;44.0;28.0;0.0;39.0;14.0;9.0;70.0;1494.0;1265.0;314.0;216.0;21.0;348.0;18.0;8.0;1.0;2023_2024
647304;830085;48078;Alex Rambal;30;Colombia;Defensa central;Dep. Garcilaso;2143.0;26.0;26.0;3.0;18.0;8.0;10.0;0.0;2.0;10.0;1.0;4.0;7.0;0.0;0.0;0.0;3.0;35.0;45.0;89.0;14.0;1.0;35.0;6.0;37.0;48.0;898.0;726.0;77.0;97.0;0.0;204.0;7.0;7.0;3.0;2023_2024
92729;52068;48078;Joao Rojas;34;Ecuador;Mediocentro ofensivo;Dep. Garcilaso;2158.0;27.0;25.0;5.0;51.0;21.0;12.0;18.0;8.0;70.0;7.0;5.0;48.0;3.0;2.0;1.0;5.0;21.0;7.0;5.0;11.0;0.0;19.0;59.0;9.0;128.0;672.0;546.0;255.0;38.0;42.0;370.0;39.0;3.0;1.0;2023_2024
746701;1020990;48078;Mathías Silvera;24;Uruguay;Defensa central;Club Oriental;1131.0;14.0;12.0;0.0;1.0;0.0;1.0;0.0;1.0;7.0;2.0;0.0;4.0;0.0;0.0;0.0;1.0;40.0;16.0;22.0;12.0;1.0;12.0;13.0;18.0;57.0;448.0;339.0;73.0;22.0;12.0;185.0;5.0;2.0;1.0;2023_2024
832217;1086281;48078;Yimy Gamero;21;Perú;Pivote;FBC Melgar;555.0;9.0;6.0;0.0;7.0;1.0;2.0;4.0;0.0;6.0;0.0;0.0;3.0;0.0;0.0;0.0;0.0;9.0;10.0;5.0;4.0;0.0;3.0;10.0;8.0;21.0;266.0;209.0;53.0;22.0;0.0;69.0;4.0;0.0;0.0;2023_2024
279057;974136;48078;Beto da Silva;26;Perú;Extremo izquierdo;FBC Melgar;313.0;13.0;3.0;0.0;8.0;1.0;7.0;0.0;0.0;3.0;0.0;1.0;7.0;0.0;0.0;0.0;1.0;6.0;2.0;1.0;0.0;0.0;9.0;6.0;7.0;19.0;113.0;82.0;34.0;4.0;0.0;64.0;6.0;2.0;0.0;2023_2024
249975;339843;48078;Aldair Rodríguez;28;Perú;Delantero centro;Alianza Lima;1393.0;31.0;15.0;3.0;26.0;10.0;12.0;4.0;1.0;18.0;3.0;1.0;19.0;1.0;0.0;0.0;8.0;22.0;6.0;12.0;4.0;0.0;34.0;21.0;25.0;62.0;391.0;301.0;99.0;10.0;7.0;196.0;33.0;5.0;0.0;2023_2024
491569;936165;48078;Leonardo Mifflin;23;Perú;Pivote;FBC Melgar;1169.0;19.0;14.0;0.0;8.0;2.0;6.0;0.0;1.0;6.0;1.0;0.0;4.0;0.0;0.0;0.0;0.0;21.0;19.0;20.0;14.0;0.0;25.0;6.0;9.0;31.0;536.0;457.0;65.0;41.0;1.0;102.0;4.0;3.0;0.0;2023_2024
644109;976096;48742;Gonzalo Ritacco;30;Argentina;Mediocentro ofensivo;Táchira;1434.0;24.0;20.0;8.0;43.0;19.0;14.0;10.0;5.0;29.0;4.0;2.0;15.0;0.0;3.0;3.0;2.0;31.0;10.0;1.0;18.0;0.0;19.0;29.0;4.0;75.0;610.0;483.0;206.0;24.0;17.0;264.0;21.0;5.0;0.0;2023_2024
96432;583660;47647;Marcelo Benítez;32;Argentina;Lateral izquierdo;Central Córdoba;1339.0;19.0;14.0;1.0;29.0;9.0;13.0;7.0;0.0;18.0;3.0;1.0;8.0;0.0;0.0;0.0;1.0;26.0;26.0;39.0;19.0;0.0;11.0;6.0;21.0;40.0;611.0;458.0;110.0;51.0;15.0;262.0;7.0;4.0;0.0;2023_2024
738469;1020855;48078;Leonardo Rugel;22;Perú;Defensa central;Dep. Municipal;1921.0;27.0;23.0;0.0;10.0;2.0;7.0;1.0;0.0;5.0;2.0;0.0;5.0;0.0;0.0;0.0;2.0;18.0;33.0;92.0;10.0;1.0;27.0;13.0;45.0;36.0;678.0;522.0;49.0;65.0;0.0;186.0;6.0;5.0;1.0;2023_2024
420866;883746;48078;Ítalo Espinoza;27;Perú;Portero;Alianza Lima;180.0;2.0;2.0;0.0;0.0;0.0;0.0;0.0;0.0;0.0;0.0;0.0;0.0;0.0;0.0;0.0;0.0;0.0;0.0;3.0;0.0;0.0;0.0;0.0;0.0;0.0;39.0;28.0;1.0;6.0;0.0;11.0;0.0;0.0;0.0;2023_2024
260324;339163;48078;Josué Estrada;28;Perú;Lateral derecho;UTC;2378.0;29.0;28.0;1.0;22.0;6.0;13.0;3.0;3.0;23.0;3.0;0.0;18.0;0.0;0.0;0.0;4.0;40.0;37.0;45.0;19.0;1.0;39.0;19.0;20.0;77.0;819.0;589.0;108.0;89.0;20.0;407.0;14.0;9.0;0.0;2023_2024
400254;846749;48078;Alexander Lecaros;23;Perú;Extremo izquierdo;CA Mannucci;469.0;11.0;6.0;0.0;5.0;2.0;0.0;3.0;0.0;5.0;1.0;0.0;5.0;0.0;0.0;0.0;1.0;7.0;3.0;1.0;6.0;1.0;3.0;15.0;1.0;27.0;116.0;98.0;40.0;7.0;3.0;65.0;10.0;1.0;0.0;2023_2024
653673;976302;48078;Abdiel Ayarza;30;Panamá;Mediocentro;Independiente;2135.0;32.0;22.0;9.0;66.0;26.0;28.0;12.0;2.0;25.0;5.0;7.0;14.0;1.0;0.0;0.0;8.0;22.0;8.0;21.0;19.0;1.0;50.0;20.0;55.0;56.0;411.0;296.0;113.0;8.0;1.0;180.0;20.0;7.0;1.0;2023_2024
73704;180045;48283;Germán Mera;33;Colombia;Defensa central;Deportivo Cali;1710.0;19.0;19.0;0.0;23.0;5.0;16.0;2.0;0.0;5.0;1.0;0.0;3.0;0.0;0.0;0.0;3.0;24.0;29.0;64.0;5.0;0.0;10.0;9.0;67.0;36.0;791.0;608.0;41.0;66.0;0.0;193.0;2.0;5.0;0.0;2023_2024
73704;180045;52847;Germán Mera;33;Colombia;Defensa central;Deportivo Cali;851.0;11.0;9.0;0.0;10.0;2.0;6.0;2.0;0.0;0.0;0.0;0.0;1.0;0.0;0.0;0.0;0.0;7.0;4.0;33.0;4.0;1.0;4.0;3.0;32.0;11.0;279.0;216.0;14.0;25.0;0.0;68.0;0.0;1.0;0.0;2023_2024
903834;1128886;48078;Gilmar Paredes;20;Perú;Lateral derecho;Sport. Cristal;15.0;1.0;0.0;0.0;0.0;0.0;0.0;0.0;0.0;0.0;0.0;0.0;0.0;0.0;0.0;0.0;0.0;0.0;0.0;0.0;0.0;0.0;1.0;0.0;0.0;0.0;8.0;6.0;0.0;0.0;0.0;4.0;0.0;0.0;0.0;2023_2024
741727;1018255;48078;Orlando Núñez;23;Perú;Lateral izquierdo;César Vallejo;1456.0;27.0;19.0;0.0;4.0;0.0;3.0;1.0;0.0;12.0;2.0;0.0;16.0;0.0;0.0;0.0;4.0;15.0;14.0;7.0;6.0;0.0;26.0;53.0;2.0;84.0;508.0;443.0;132.0;19.0;6.0;184.0;35.0;5.0;1.0;2023_2024
330690;805068;48078;Enmanuel Páucar;26;Perú;Pivote;Dep. Garcilaso;2327.0;33.0;28.0;0.0;7.0;1.0;3.0;3.0;1.0;12.0;1.0;0.0;8.0;0.0;0.0;0.0;1.0;31.0;15.0;18.0;12.0;0.0;21.0;17.0;11.0;56.0;858.0;759.0;112.0;83.0;1.0;141.0;18.0;8.0;0.0;2023_2024
639458;922870;48078;José Parodi;25;Perú;Pivote;Dep. Garcilaso;1054.0;27.0;8.0;1.0;11.0;4.0;5.0;2.0;0.0;17.0;1.0;0.0;3.0;0.0;0.0;0.0;1.0;18.0;12.0;10.0;20.0;2.0;30.0;10.0;11.0;31.0;483.0;406.0;104.0;55.0;1.0;108.0;4.0;6.0;0.0;2023_2024
250929;883298;48078;Paulo Goyoneche;30;Perú;Pivote;Unión Comercio;449.0;8.0;4.0;0.0;0.0;0.0;0.0;0.0;0.0;3.0;0.0;0.0;0.0;0.0;0.0;0.0;0.0;14.0;5.0;9.0;5.0;0.0;10.0;6.0;3.0;20.0;181.0;139.0;52.0;18.0;1.0;59.0;4.0;1.0;0.0;2023_2024
443575;885583;48079;Cristian González;33;Argentina;Defensa central;Patronato;2700.0;30.0;28.0;2.0;16.0;5.0;0.0;9.0;0.0;0.0;0.0;0.0;16.0;0.0;0.0;0.0;1.0;0.0;0.0;91.0;63.0;0.0;39.0;13.0;103.0;0.0;1011.0;803.0;104.0;156.0;2.0;0.0;0.0;10.0;1.0;2023_2024
489993;875661;48078;Jorge Toledo;27;Perú;Lateral derecho;Dep. Municipal;1619.0;24.0;16.0;0.0;5.0;0.0;3.0;2.0;0.0;10.0;1.0;0.0;15.0;0.0;0.0;0.0;0.0;45.0;22.0;37.0;11.0;2.0;24.0;12.0;16.0;72.0;544.0;382.0;103.0;36.0;12.0;300.0;13.0;5.0;1.0;2023_2024
643928;832687;40320;Duban Palacio;26;Colombia;Extremo izquierdo;Bogotá FC;446.0;8.0;6.0;0.0;8.0;1.0;1.0;6.0;1.0;2.0;1.0;0.0;6.0;1.0;0.0;0.0;3.0;6.0;4.0;1.0;2.0;0.0;4.0;10.0;2.0;22.0;113.0;88.0;43.0;7.0;2.0;82.0;6.0;1.0;0.0;2023_2024
643928;832687;42387;Duban Palacio;26;Colombia;Extremo izquierdo;Bogotá FC;626.0;18.0;6.0;0.0;2.0;0.0;2.0;0.0;0.0;9.0;1.0;0.0;4.0;0.0;0.0;0.0;1.0;7.0;4.0;4.0;4.0;0.0;11.0;11.0;7.0;22.0;245.0;192.0;56.0;15.0;3.0;114.0;9.0;1.0;0.0;2023_2024
621028;980889;48078;Dylan Caro;24;Perú;Lateral izquierdo;Sport Boys;895.0;15.0;11.0;0.0;1.0;0.0;1.0;0.0;1.0;11.0;1.0;0.0;4.0;0.0;0.0;0.0;0.0;38.0;20.0;16.0;10.0;0.0;10.0;17.0;6.0;59.0;249.0;179.0;39.0;16.0;8.0;145.0;9.0;3.0;0.0;2023_2024
829971;1018573;48720;Edgar Lastre;23;Ecuador;Extremo derecho;CS Emelec;481.0;18.0;3.0;1.0;8.0;6.0;1.0;1.0;0.0;3.0;0.0;0.0;3.0;0.0;0.0;0.0;3.0;1.0;1.0;3.0;1.0;1.0;6.0;13.0;3.0;17.0;108.0;83.0;33.0;7.0;6.0;63.0;6.0;1.0;0.0;2023_2024
662709;988298;48078;Óscar Pinto;21;Perú;Extremo izquierdo;Alianza Lima;272.0;7.0;2.0;0.0;2.0;1.0;0.0;1.0;0.0;3.0;0.0;0.0;6.0;1.0;0.0;0.0;0.0;5.0;2.0;0.0;0.0;0.0;2.0;13.0;3.0;23.0;59.0;38.0;11.0;2.0;2.0;46.0;4.0;0.0;0.0;2023_2024
645628;928434;48079;Alan Murialdo;30;Argentina;Delantero centro;Racing (Cba);268.0;5.0;3.0;0.0;2.0;1.0;0.0;0.0;1.0;1.0;0.0;0.0;1.0;0.0;0.0;0.0;1.0;0.0;0.0;1.0;0.0;0.0;4.0;1.0;11.0;0.0;60.0;43.0;6.0;0.0;0.0;0.0;0.0;0.0;0.0;2023_2024
375353;1131302;48078;Cristian Mejía;30;Perú;Mediocentro;UTC;1657.0;28.0;19.0;0.0;20.0;5.0;12.0;3.0;0.0;15.0;0.0;1.0;5.0;0.0;0.0;0.0;4.0;24.0;19.0;20.0;9.0;2.0;22.0;16.0;25.0;44.0;441.0;323.0;78.0;27.0;2.0;157.0;11.0;6.0;0.0;2023_2024
704884;931653;48720;Kevin Becerra;27;Ecuador;Defensa central;Guayaquil City;2204.0;29.0;23.0;0.0;12.0;2.0;6.0;4.0;1.0;2.0;1.0;0.0;2.0;0.0;0.0;0.0;0.0;27.0;29.0;84.0;9.0;0.0;18.0;17.0;26.0;46.0;1160.0;943.0;54.0;103.0;2.0;228.0;2.0;3.0;0.0;2023_2024
738710;1016982;48078;Marlon Ruidías;24;Perú;Lateral derecho;CA Mannucci;454.0;9.0;5.0;0.0;5.0;2.0;2.0;1.0;0.0;2.0;0.0;1.0;5.0;0.0;0.0;0.0;0.0;6.0;7.0;4.0;7.0;0.0;7.0;7.0;4.0;18.0;168.0;129.0;44.0;12.0;0.0;65.0;6.0;1.0;0.0;2023_2024
103817;311524;48078;Iván Santillán;32;Perú;Lateral izquierdo;Cienciano;1387.0;23.0;15.0;0.0;10.0;3.0;4.0;3.0;3.0;16.0;1.0;0.0;7.0;0.0;0.0;0.0;1.0;43.0;22.0;26.0;23.0;0.0;30.0;12.0;7.0;62.0;540.0;445.0;110.0;64.0;9.0;188.0;10.0;7.0;1.0;2023_2024
441758;879621;48078;José Luján;26;Perú;Defensa central;Universitario;180.0;3.0;3.0;0.0;0.0;0.0;0.0;0.0;0.0;0.0;0.0;0.0;0.0;0.0;0.0;0.0;0.0;1.0;0.0;6.0;3.0;0.0;1.0;1.0;2.0;2.0;54.0;43.0;0.0;5.0;0.0;16.0;0.0;1.0;0.0;2023_2024
103107;162429;48078;Daniel Ferreyra;41;Argentina;Portero;Cusco FC;2810.0;32.0;32.0;0.0;0.0;0.0;0.0;0.0;0.0;0.0;0.0;0.0;0.0;0.0;0.0;0.0;0.0;2.0;1.0;26.0;0.0;1.0;2.0;6.0;5.0;8.0;785.0;549.0;40.0;170.0;0.0;239.0;0.0;5.0;1.0;2023_2024
279387;339475;48078;José Manzaneda;28;Perú;Extremo izquierdo;Alianza Atl.;1265.0;27.0;14.0;3.0;20.0;8.0;4.0;8.0;2.0;20.0;3.0;1.0;7.0;0.0;0.0;0.0;10.0;17.0;4.0;10.0;7.0;0.0;28.0;21.0;5.0;45.0;366.0;287.0;127.0;5.0;15.0;181.0;20.0;1.0;0.0;2023_2024
460621;1018134;48283;Geisson Perea;31;Colombia;Defensa central;Pereira;1388.0;17.0;16.0;1.0;7.0;2.0;3.0;2.0;0.0;1.0;0.0;0.0;0.0;0.0;0.0;0.0;0.0;16.0;18.0;69.0;5.0;0.0;11.0;4.0;33.0;20.0;475.0;415.0;21.0;44.0;0.0;71.0;4.0;1.0;0.0;2023_2024
460621;1018134;52847;Geisson Perea;31;Colombia;Defensa central;Pereira;613.0;9.0;7.0;0.0;6.0;1.0;4.0;1.0;0.0;3.0;0.0;0.0;1.0;0.0;0.0;0.0;0.0;8.0;7.0;25.0;3.0;0.0;4.0;4.0;17.0;13.0;258.0;202.0;22.0;22.0;0.0;64.0;0.0;1.0;0.0;2023_2024
315761;818401;48265;Pierre da Silva;24;Estados Unidos;Extremo izquierdo;Forward Madison;482.0;13.0;4.0;1.0;8.0;1.0;4.0;3.0;1.0;11.0;2.0;0.0;6.0;1.0;0.0;0.0;0.0;5.0;2.0;6.0;5.0;0.0;15.0;17.0;6.0;28.0;215.0;170.0;54.0;6.0;12.0;88.0;5.0;3.0;0.0;2023_2024
333025;805261;48078;Nilson Loyola;28;Perú;Lateral izquierdo;Sport. Cristal;519.0;15.0;7.0;1.0;10.0;4.0;5.0;1.0;1.0;5.0;2.0;1.0;3.0;0.0;0.0;0.0;0.0;14.0;6.0;7.0;0.0;0.0;17.0;7.0;9.0;24.0;227.0;185.0;51.0;7.0;3.0;74.0;7.0;1.0;1.0;2023_2024
72969;34016;48078;Josepmir Ballón;35;Perú;Pivote;Alianza Lima;2914.0;33.0;34.0;1.0;10.0;2.0;5.0;3.0;2.0;9.0;1.0;0.0;2.0;0.0;0.0;0.0;2.0;56.0;28.0;35.0;16.0;1.0;43.0;16.0;15.0;74.0;1155.0;999.0;162.0;56.0;6.0;198.0;10.0;6.0;0.0;2023_2024
71092;46984;48078;José Carvallo;37;Perú;Portero;Universitario;2700.0;30.0;30.0;0.0;0.0;0.0;0.0;0.0;0.0;0.0;0.0;0.0;1.0;0.0;0.0;0.0;0.0;1.0;1.0;18.0;1.0;0.0;0.0;9.0;6.0;10.0;508.0;364.0;19.0;128.0;0.0;145.0;0.0;5.0;0.0;2023_2024
335217;883397;48078;Gerson Barreto;27;Perú;Mediocentro;Cusco FC;2580.0;32.0;30.0;1.0;22.0;7.0;13.0;2.0;1.0;19.0;0.0;0.0;17.0;1.0;0.0;0.0;0.0;61.0;42.0;25.0;37.0;0.0;46.0;37.0;23.0;115.0;1094.0;893.0;156.0;80.0;2.0;266.0;23.0;8.0;1.0;2023_2024
326200;840530;48078;Óscar Barreto;30;Colombia;Extremo derecho;Unión Comercio;2524.0;33.0;31.0;5.0;70.0;24.0;32.0;14.0;3.0;56.0;8.0;4.0;34.0;1.0;0.0;0.0;2.0;52.0;17.0;11.0;56.0;0.0;42.0;44.0;5.0;130.0;1189.0;949.0;373.0;136.0;29.0;436.0;24.0;10.0;0.0;2023_2024
400051;883287;40118;Johan Madrid;26;Perú;Lateral derecho;Sport. Cristal;2666.0;31.0;31.0;0.0;3.0;2.0;1.0;0.0;4.0;23.0;3.0;0.0;15.0;1.0;0.0;0.0;4.0;39.0;33.0;50.0;9.0;1.0;33.0;33.0;27.0;87.0;1144.0;944.0;259.0;71.0;20.0;376.0;30.0;7.0;0.0;2023_2024
621029;923740;48078;Alec Deneumostier;24;Perú;Defensa central;FBC Melgar;1350.0;15.0;16.0;2.0;7.0;2.0;4.0;1.0;1.0;3.0;0.0;1.0;3.0;0.0;0.0;0.0;0.0;24.0;15.0;31.0;11.0;0.0;15.0;9.0;21.0;36.0;772.0;659.0;75.0;84.0;0.0;125.0;6.0;6.0;0.0;2023_2024
638929;957940;48078;Manuel Ganoza;24;Perú;Defensa central;Sin equipo;916.0;12.0;11.0;0.0;0.0;0.0;0.0;0.0;0.0;2.0;0.0;0.0;0.0;0.0;0.0;0.0;0.0;14.0;17.0;27.0;5.0;1.0;19.0;6.0;13.0;20.0;362.0;304.0;12.0;20.0;0.0;67.0;4.0;4.0;0.0;2023_2024
250737;805065;48078;Rafael Guarderas;29;Perú;Pivote;AD Cantolao;2486.0;29.0;28.0;0.0;11.0;2.0;3.0;6.0;1.0;22.0;3.0;0.0;12.0;0.0;0.0;0.0;3.0;30.0;33.0;33.0;31.0;0.0;27.0;25.0;15.0;67.0;1180.0;954.0;239.0;66.0;9.0;338.0;20.0;8.0;1.0;2023_2024
501586;877910;48078;Fabio Rojas;23;Perú;Lateral derecho;Alianza Lima;1020.0;16.0;12.0;0.0;7.0;1.0;4.0;2.0;0.0;6.0;0.0;0.0;0.0;0.0;0.0;0.0;0.0;19.0;17.0;25.0;9.0;2.0;18.0;10.0;18.0;28.0;373.0;288.0;54.0;38.0;2.0;135.0;6.0;4.0;0.0;2023_2024
356381;873703;48078;Anthony Rosell;28;Perú;Lateral izquierdo;Dep. Binacional;2556.0;31.0;28.0;0.0;13.0;7.0;5.0;1.0;6.0;29.0;6.0;0.0;6.0;1.0;0.0;0.0;6.0;31.0;23.0;45.0;12.0;0.0;16.0;24.0;20.0;61.0;954.0;755.0;196.0;51.0;16.0;331.0;9.0;0.0;1.0;2023_2024
422398;830660;48079;Rodrigo Tapia;28;Argentina;Defensa central;Mitre (SdE);2730.0;30.0;29.0;1.0;8.0;4.0;0.0;10.0;0.0;5.0;0.0;0.0;8.0;0.0;0.0;0.0;0.0;0.0;0.0;74.0;86.0;0.0;31.0;10.0;48.0;0.0;1199.0;932.0;134.0;136.0;6.0;0.0;0.0;3.0;1.0;2023_2024
662605;980141;48078;Diego Soto;21;Perú;Mediocentro;Sport. Cristal;908.0;15.0;12.0;1.0;13.0;3.0;8.0;2.0;0.0;8.0;0.0;0.0;2.0;0.0;0.0;0.0;0.0;23.0;4.0;3.0;5.0;0.0;21.0;9.0;9.0;34.0;298.0;245.0;75.0;14.0;6.0;112.0;18.0;2.0;0.0;2023_2024
434955;883293;48078;Leonel Solís;26;Perú;Pivote;Cienciano;1514.0;23.0;20.0;1.0;12.0;4.0;3.0;5.0;0.0;4.0;0.0;0.0;11.0;0.0;0.0;0.0;0.0;24.0;21.0;14.0;8.0;0.0;21.0;13.0;11.0;48.0;543.0;452.0;85.0;36.0;1.0;125.0;14.0;4.0;0.0;2023_2024
491560;975540;48078;Freddy Oncoy;22;Perú;Mediocentro;FBC Melgar;2472.0;31.0;30.0;7.0;17.0;11.0;4.0;2.0;1.0;27.0;2.0;1.0;20.0;0.0;0.0;0.0;3.0;38.0;14.0;27.0;17.0;1.0;24.0;13.0;32.0;71.0;1001.0;855.0;227.0;34.0;0.0;218.0;16.0;1.0;0.0;2023_2024
458603;924736;48078;Mauro Da Luz;28;Uruguay;Extremo derecho;AD 9 de Octubre;2092.0;32.0;24.0;6.0;50.0;22.0;17.0;11.0;2.0;21.0;3.0;8.0;22.0;0.0;0.0;0.0;5.0;38.0;11.0;23.0;7.0;1.0;46.0;37.0;24.0;96.0;354.0;249.0;103.0;13.0;9.0;277.0;44.0;4.0;0.0;2023_2024
628328;932088;48078;Piero Vivanco;23;Perú;Extremo derecho;Alianza Lima;767.0;18.0;7.0;0.0;21.0;8.0;9.0;4.0;3.0;23.0;3.0;1.0;19.0;0.0;0.0;0.0;2.0;11.0;4.0;1.0;7.0;0.0;16.0;6.0;2.0;36.0;401.0;330.0;107.0;25.0;11.0;139.0;18.0;2.0;0.0;2023_2024
250482;805353;48078;Joao Villamarín;31;Perú;Extremo izquierdo;CA Mannucci;207.0;12.0;0.0;1.0;4.0;1.0;1.0;2.0;0.0;2.0;0.0;0.0;1.0;0.0;1.0;1.0;7.0;1.0;1.0;0.0;3.0;0.0;6.0;4.0;2.0;6.0;35.0;26.0;13.0;1.0;0.0;26.0;5.0;1.0;0.0;2023_2024
641820;933730;48078;Brandon Palacios;25;Perú;Extremo derecho;Dep. Binacional;2175.0;32.0;27.0;11.0;70.0;28.0;29.0;13.0;5.0;48.0;10.0;4.0;39.0;1.0;2.0;2.0;6.0;37.0;20.0;16.0;15.0;0.0;41.0;58.0;18.0;133.0;742.0;597.0;241.0;30.0;18.0;345.0;35.0;5.0;0.0;2023_2024
246548;333585;48078;Maximiliano Amondarain;30;Uruguay;Defensa central;CA Mannucci;1847.0;24.0;18.0;0.0;15.0;3.0;11.0;1.0;1.0;3.0;1.0;2.0;4.0;0.0;0.0;0.0;0.0;23.0;41.0;108.0;11.0;0.0;34.0;16.0;49.0;43.0;722.0;543.0;64.0;104.0;0.0;206.0;6.0;9.0;1.0;2023_2024
494220;885006;48079;Francisco Grahl;30;Argentina;Mediocentro;San Martín (SJ);2013.0;29.0;23.0;4.0;37.0;14.0;0.0;3.0;3.0;27.0;0.0;0.0;34.0;0.0;2.0;2.0;1.0;0.0;0.0;17.0;52.0;0.0;25.0;18.0;26.0;0.0;1228.0;1006.0;164.0;100.0;13.0;0.0;0.0;5.0;0.0;2023_2024
87508;991202;48283;Pablo Bueno;33;Argentina;Delantero centro;Alianza FC;988.0;18.0;14.0;6.0;29.0;14.0;13.0;2.0;0.0;8.0;1.0;3.0;5.0;0.0;0.0;0.0;2.0;1.0;1.0;9.0;4.0;0.0;10.0;17.0;20.0;23.0;184.0;137.0;44.0;4.0;0.0;87.0;14.0;0.0;0.0;2023_2024
87508;991202;52847;Pablo Bueno;33;Argentina;Delantero centro;Alianza FC;1059.0;18.0;13.0;2.0;32.0;9.0;18.0;5.0;2.0;16.0;0.0;5.0;5.0;0.0;1.0;1.0;1.0;2.0;1.0;17.0;3.0;0.0;19.0;25.0;23.0;32.0;179.0;133.0;43.0;7.0;0.0;82.0;11.0;4.0;1.0;2023_2024
358338;925309;48078;Carlos Correa;28;Perú;Mediocentro;CA Mannucci;1191.0;22.0;13.0;0.0;7.0;1.0;5.0;1.0;0.0;7.0;0.0;0.0;2.0;0.0;0.0;0.0;2.0;36.0;10.0;17.0;30.0;0.0;30.0;43.0;5.0;80.0;325.0;256.0;74.0;20.0;2.0;117.0;10.0;10.0;0.0;2023_2024
325709;883309;48078;Steven Rivadeneyra;28;Perú;Portero;Dep. Municipal;1980.0;22.0;23.0;0.0;0.0;0.0;0.0;0.0;0.0;0.0;0.0;0.0;0.0;0.0;0.0;0.0;0.0;1.0;1.0;29.0;3.0;0.0;0.0;6.0;8.0;5.0;660.0;459.0;29.0;157.0;1.0;206.0;0.0;3.0;0.0;2023_2024
250004;312270;48078;Édinson Chávez;29;Perú;Lateral derecho;Alianza Lima;818.0;13.0;8.0;0.0;2.0;0.0;2.0;0.0;2.0;8.0;1.0;0.0;3.0;1.0;0.0;0.0;0.0;16.0;8.0;18.0;11.0;0.0;17.0;4.0;0.0;23.0;267.0;194.0;49.0;23.0;4.0;113.0;3.0;1.0;0.0;2023_2024
656061;977086;48078;Cristian Carbajal;23;Perú;Lateral izquierdo;Sport. Cristal;1630.0;23.0;19.0;0.0;9.0;2.0;6.0;1.0;2.0;14.0;2.0;0.0;10.0;0.0;0.0;0.0;1.0;34.0;39.0;42.0;18.0;0.0;11.0;7.0;14.0;51.0;448.0;309.0;64.0;37.0;14.0;265.0;8.0;3.0;0.0;2023_2024
833783;1087335;47647;Facundo Mansilla;24;Argentina;Defensa central;Newell's;996.0;16.0;11.0;1.0;6.0;2.0;3.0;1.0;0.0;2.0;0.0;0.0;1.0;0.0;0.0;0.0;0.0;12.0;27.0;35.0;4.0;1.0;11.0;3.0;44.0;16.0;800.0;697.0;72.0;39.0;0.0;124.0;3.0;1.0;0.0;2023_2024
147105;339117;48634;Cristian Techera;31;Uruguay;Extremo derecho;Sin equipo;799.0;13.0;9.0;0.0;18.0;9.0;0.0;0.0;1.0;17.0;0.0;0.0;28.0;0.0;0.0;0.0;2.0;0.0;0.0;5.0;7.0;0.0;6.0;6.0;4.0;0.0;213.0;161.0;18.0;15.0;8.0;0.0;0.0;1.0;0.0;2023_2024
67439;974451;48078;Matías Pérez García;38;Argentina;Mediocentro ofensivo;Dep. Municipal;2466.0;30.0;28.0;5.0;39.0;11.0;19.0;9.0;4.0;74.0;6.0;3.0;35.0;1.0;5.0;3.0;0.0;81.0;11.0;24.0;27.0;0.0;31.0;89.0;5.0;205.0;1058.0;838.0;324.0;123.0;51.0;446.0;45.0;5.0;0.0;2023_2024
94741;169925;48078;Diego Minaya;33;Perú;Defensa central;Dep. Binacional;954.0;15.0;10.0;1.0;3.0;3.0;0.0;0.0;0.0;1.0;0.0;0.0;2.0;0.0;0.0;0.0;1.0;16.0;10.0;51.0;6.0;0.0;6.0;2.0;13.0;20.0;322.0;241.0;31.0;42.0;0.0;88.0;2.0;2.0;0.0;2023_2024
216036;246313;48079;Lucas Cano;28;Argentina;Delantero centro;Güemes;2636.0;34.0;31.0;9.0;75.0;26.0;0.0;3.0;4.0;17.0;0.0;0.0;74.0;0.0;2.0;2.0;14.0;0.0;0.0;14.0;24.0;0.0;41.0;82.0;125.0;0.0;581.0;385.0;47.0;39.0;5.0;0.0;0.0;7.0;0.0;2023_2024
894212;1131133;47687;Otavio Gut;27;Brasil;Defensa central;Figueirense FC;1230.0;13.0;13.0;0.0;9.0;1.0;0.0;6.0;0.0;1.0;0.0;0.0;3.0;0.0;0.0;0.0;0.0;0.0;0.0;51.0;17.0;0.0;11.0;8.0;40.0;0.0;684.0;587.0;39.0;40.0;0.0;0.0;0.0;0.0;0.0;2023_2024
894212;1131133;49328;Otavio Gut;27;Brasil;Defensa central;Figueirense FC;820.0;10.0;8.0;0.0;1.0;1.0;0.0;4.0;0.0;0.0;0.0;0.0;2.0;0.0;0.0;0.0;0.0;0.0;0.0;19.0;11.0;0.0;9.0;2.0;21.0;0.0;384.0;332.0;28.0;34.0;0.0;0.0;0.0;1.0;0.0;2023_2024
473579;876928;48078;Luis Garro;26;Perú;Lateral derecho;Cienciano;2420.0;30.0;27.0;0.0;14.0;1.0;10.0;3.0;1.0;5.0;1.0;0.0;21.0;0.0;0.0;0.0;1.0;58.0;49.0;32.0;16.0;1.0;50.0;38.0;19.0;117.0;705.0;587.0;109.0;27.0;9.0;292.0;33.0;9.0;1.0;2023_2024
325696;805056;48078;Javier Núñez;26;Perú;Extremo derecho;CA Mannucci;1256.0;25.0;16.0;1.0;16.0;6.0;6.0;4.0;1.0;17.0;1.0;0.0;9.0;0.0;0.0;0.0;3.0;22.0;8.0;11.0;21.0;0.0;10.0;20.0;3.0;51.0;371.0;281.0;104.0;22.0;13.0;205.0;24.0;3.0;0.0;2023_2024
213399;830004;48283;Jhonier Viveros;31;Colombia;Extremo izquierdo;Jaguares FC;1280.0;17.0;15.0;1.0;25.0;8.0;13.0;4.0;0.0;15.0;0.0;0.0;19.0;0.0;0.0;0.0;4.0;20.0;8.0;6.0;7.0;0.0;9.0;58.0;8.0;97.0;601.0;505.0;175.0;32.0;7.0;178.0;23.0;0.0;0.0;2023_2024
213399;830004;52847;Jhonier Viveros;31;Colombia;Extremo izquierdo;Jaguares FC;1363.0;16.0;16.0;2.0;10.0;5.0;3.0;2.0;0.0;23.0;3.0;1.0;21.0;0.0;2.0;1.0;2.0;19.0;19.0;8.0;10.0;0.0;13.0;69.0;6.0;109.0;648.0;495.0;176.0;42.0;4.0;246.0;21.0;2.0;0.0;2023_2024
175208;243515;48739;Guti;32;Brasil;Defensa central;FC Telavi;1590.0;17.0;17.0;1.0;9.0;3.0;0.0;6.0;0.0;1.0;0.0;0.0;18.0;0.0;0.0;0.0;0.0;0.0;0.0;53.0;35.0;0.0;20.0;3.0;38.0;0.0;630.0;538.0;59.0;62.0;0.0;0.0;0.0;3.0;0.0;2023_2024
325591;875662;48078;Kevin Ruiz;28;Perú;Extremo derecho;CA Mannucci;534.0;15.0;4.0;2.0;10.0;6.0;1.0;3.0;0.0;7.0;0.0;0.0;6.0;1.0;0.0;0.0;2.0;9.0;3.0;6.0;4.0;0.0;14.0;14.0;15.0;29.0;174.0;131.0;44.0;6.0;2.0;94.0;14.0;2.0;0.0;2023_2024
170616;176289;48078;Ángel Romero;32;Perú;Pivote;Dep. Binacional;2409.0;29.0;28.0;2.0;20.0;6.0;7.0;7.0;0.0;9.0;0.0;0.0;7.0;0.0;0.0;0.0;0.0;43.0;25.0;65.0;20.0;1.0;37.0;17.0;34.0;67.0;963.0;808.0;123.0;50.0;2.0;217.0;15.0;3.0;1.0;2023_2024
857805;1107889;48078;Jimmy Pérez;22;Perú;Mediocentro;Sport Huancayo;357.0;9.0;4.0;0.0;4.0;1.0;1.0;2.0;0.0;2.0;0.0;1.0;1.0;0.0;0.0;0.0;0.0;9.0;2.0;1.0;3.0;0.0;8.0;9.0;0.0;19.0;218.0;199.0;53.0;10.0;3.0;34.0;6.0;1.0;0.0;2023_2024
738777;1015696;48078;Tiago Cantoro;22;Perú;Delantero centro;Universitario;465.0;21.0;2.0;3.0;21.0;9.0;4.0;8.0;0.0;2.0;0.0;1.0;4.0;0.0;0.0;0.0;0.0;1.0;1.0;4.0;1.0;0.0;5.0;5.0;3.0;10.0;76.0;60.0;22.0;2.0;0.0;42.0;3.0;0.0;0.0;2023_2024
279793;898755;48079;Diego Mondino;28;Argentina;Defensa central;Agropecuario;3180.0;35.0;35.0;3.0;9.0;4.0;0.0;14.0;0.0;2.0;0.0;0.0;3.0;0.0;0.0;0.0;1.0;0.0;0.0;91.0;94.0;0.0;21.0;15.0;93.0;0.0;1326.0;1051.0;99.0;156.0;1.0;0.0;0.0;10.0;0.0;2023_2024
149771;339841;48078;Ángel Ojeda;30;Perú;Pivote;Cienciano;1272.0;21.0;14.0;1.0;14.0;4.0;6.0;4.0;0.0;12.0;0.0;0.0;0.0;0.0;0.0;0.0;0.0;26.0;16.0;14.0;9.0;1.0;32.0;4.0;6.0;30.0;448.0;360.0;83.0;47.0;1.0;110.0;4.0;8.0;0.0;2023_2024
670060;1090706;48078;Victor Perlaza;28;Colombia;Delantero centro;AD Tarma;2290.0;34.0;25.0;6.0;80.0;21.0;45.0;14.0;0.0;17.0;3.0;5.0;26.0;0.0;0.0;0.0;9.0;20.0;3.0;21.0;7.0;1.0;35.0;52.0;43.0;97.0;365.0;270.0;101.0;12.0;2.0;283.0;51.0;8.0;0.0;2023_2024
250915;358194;48078;Koichi Aparicio;31;Perú;Defensa central;Cienciano;1357.0;20.0;14.0;1.0;13.0;3.0;9.0;1.0;0.0;2.0;0.0;0.0;4.0;0.0;0.0;0.0;2.0;15.0;13.0;47.0;11.0;0.0;15.0;5.0;18.0;24.0;597.0;488.0;28.0;67.0;1.0;120.0;1.0;4.0;0.0;2023_2024
1089724;1464523;48078;Carlos Fernández;28;Perú;Extremo derecho;Sin equipo;74.0;4.0;0.0;0.0;1.0;1.0;0.0;0.0;0.0;0.0;0.0;0.0;2.0;0.0;0.0;0.0;2.0;6.0;1.0;0.0;2.0;0.0;4.0;0.0;3.0;8.0;24.0;21.0;6.0;1.0;0.0;12.0;3.0;0.0;0.0;2023_2024
741413;1018233;48078;Erick Canales;22;Perú;Lateral derecho;UTC;1698.0;28.0;16.0;0.0;6.0;3.0;1.0;2.0;0.0;15.0;3.0;0.0;18.0;0.0;0.0;0.0;0.0;29.0;30.0;38.0;13.0;0.0;29.0;18.0;11.0;65.0;520.0;376.0;105.0;31.0;23.0;344.0;7.0;5.0;0.0;2023_2024
653484;975241;48078;Erick Perleche;22;Perú;Lateral derecho;CA Mannucci;1787.0;23.0;19.0;0.0;5.0;1.0;3.0;1.0;3.0;15.0;4.0;0.0;16.0;0.0;0.0;0.0;0.0;42.0;23.0;52.0;17.0;0.0;27.0;20.0;18.0;78.0;577.0;414.0;120.0;29.0;16.0;286.0;7.0;2.0;0.0;2023_2024
332776;760636;48078;Anthony Gordillo;29;Perú;Lateral izquierdo;Cusco FC;1636.0;27.0;19.0;0.0;7.0;0.0;4.0;3.0;1.0;14.0;3.0;0.0;7.0;0.0;0.0;0.0;0.0;37.0;30.0;30.0;15.0;0.0;17.0;10.0;10.0;54.0;471.0;347.0;67.0;23.0;12.0;224.0;8.0;2.0;0.0;2023_2024
242991;339963;52847;Luis Caicedo;31;Ecuador;Defensa central;Atlético Huila;1206.0;17.0;13.0;0.0;1.0;0.0;1.0;0.0;0.0;9.0;1.0;0.0;1.0;0.0;0.0;0.0;0.0;20.0;16.0;67.0;2.0;0.0;12.0;5.0;5.0;26.0;428.0;325.0;35.0;51.0;0.0;113.0;1.0;4.0;0.0;2023_2024
412899;1131289;48720;Renny Simisterra;25;Ecuador;Delantero centro;Libertad FC;1800.0;28.0;19.0;7.0;31.0;14.0;12.0;5.0;1.0;11.0;1.0;0.0;18.0;0.0;0.0;0.0;5.0;24.0;8.0;12.0;13.0;0.0;36.0;22.0;32.0;64.0;408.0;273.0;101.0;12.0;3.0;276.0;37.0;5.0;0.0;2023_2024
537255;895364;48078;Gaspar Gentile;28;Argentina;Extremo izquierdo;UTC;2956.0;35.0;32.0;6.0;96.0;26.0;41.0;29.0;2.0;41.0;3.0;8.0;52.0;2.0;2.0;1.0;29.0;30.0;19.0;10.0;21.0;0.0;32.0;64.0;8.0;146.0;794.0;587.0;266.0;29.0;20.0;489.0;55.0;6.0;0.0;2023_2024
214719;220929;48078;Carlos Beltrán;32;Argentina;Pivote;Cienciano;2703.0;31.0;31.0;6.0;56.0;21.0;26.0;9.0;2.0;12.0;3.0;3.0;6.0;1.0;0.0;0.0;0.0;46.0;43.0;75.0;8.0;1.0;47.0;36.0;72.0;86.0;1127.0;947.0;103.0;135.0;3.0;221.0;10.0;11.0;1.0;2023_2024
351561;831183;48078;Carlo Diez;27;Perú;Pivote;UTC;2929.0;33.0;33.0;2.0;23.0;3.0;14.0;6.0;0.0;23.0;3.0;0.0;16.0;0.0;0.0;0.0;0.0;30.0;41.0;43.0;13.0;0.0;52.0;36.0;23.0;82.0;1075.0;867.0;192.0;92.0;4.0;262.0;18.0;8.0;1.0;2023_2024
1095971;1466382;48078;Pablo Erustes;29;Argentina;Delantero centro;Dep. Municipal;1911.0;28.0;19.0;11.0;83.0;31.0;35.0;17.0;3.0;19.0;4.0;8.0;25.0;2.0;2.0;1.0;6.0;18.0;3.0;10.0;4.0;0.0;49.0;45.0;30.0;88.0;456.0;314.0;139.0;10.0;3.0;300.0;26.0;2.0;0.0;2023_2024
671879;1049088;48078;Erick Gonzales;27;Perú;Pivote;CA Mannucci;1996.0;30.0;23.0;1.0;17.0;4.0;6.0;7.0;0.0;13.0;1.0;1.0;8.0;0.0;0.0;0.0;2.0;48.0;22.0;46.0;22.0;2.0;47.0;27.0;31.0;82.0;712.0;529.0;89.0;53.0;2.0;215.0;11.0;8.0;1.0;2023_2024
352338;805115;48078;Miguel Vargas;27;Chile;Portero;Cienciano;2437.0;27.0;27.0;0.0;0.0;0.0;0.0;0.0;1.0;1.0;1.0;0.0;0.0;0.0;0.0;0.0;0.0;2.0;2.0;13.0;2.0;0.0;0.0;3.0;0.0;5.0;619.0;406.0;41.0;145.0;0.0;221.0;0.0;2.0;0.0;2023_2024
325706;883389;48078;Diego Ramírez;28;Perú;Mediocentro;AD Cantolao;1970.0;29.0;25.0;0.0;19.0;6.0;7.0;6.0;1.0;20.0;3.0;3.0;22.0;0.0;0.0;0.0;3.0;41.0;20.0;16.0;24.0;0.0;26.0;49.0;18.0;112.0;773.0;613.0;153.0;31.0;5.0;281.0;35.0;4.0;1.0;2023_2024
325726;846366;48078;Adrián Ugarriza;26;Perú;Delantero centro;Sport. Cristal;348.0;11.0;2.0;0.0;7.0;2.0;4.0;1.0;1.0;3.0;0.0;0.0;5.0;0.0;0.0;0.0;1.0;15.0;3.0;1.0;4.0;0.0;8.0;8.0;3.0;28.0;88.0;64.0;31.0;1.0;0.0;52.0;7.0;1.0;0.0;2023_2024
211395;249081;47647;Mauricio Cuero;30;Colombia;Extremo derecho;Sin equipo;403.0;11.0;3.0;0.0;4.0;0.0;3.0;1.0;0.0;8.0;0.0;0.0;10.0;0.0;0.0;0.0;0.0;6.0;3.0;2.0;6.0;0.0;3.0;9.0;0.0;25.0;87.0;62.0;26.0;0.0;4.0;84.0;5.0;0.0;0.0;2023_2024
654297;973563;48078;Miguel Cornejo;23;Perú;Mediocentro;Sin equipo;1143.0;21.0;13.0;3.0;26.0;7.0;12.0;7.0;4.0;18.0;3.0;3.0;11.0;0.0;0.0;0.0;0.0;22.0;10.0;3.0;13.0;0.0;18.0;45.0;10.0;78.0;371.0;298.0;93.0;26.0;3.0;149.0;16.0;3.0;0.0;2023_2024
697418;992958;48079;Eric Tovo;31;Argentina;Defensa central;Dep. Riestra;2791.0;30.0;29.0;1.0;17.0;5.0;0.0;10.0;1.0;3.0;0.0;0.0;5.0;0.0;0.0;0.0;5.0;0.0;0.0;75.0;75.0;0.0;31.0;17.0;83.0;0.0;475.0;308.0;70.0;88.0;0.0;0.0;0.0;8.0;0.0;2023_2024
657221;975853;48078;Rotceh Aguilar;22;Perú;Defensa central;Dep. Municipal;1313.0;21.0;17.0;1.0;15.0;2.0;9.0;4.0;1.0;8.0;0.0;0.0;2.0;0.0;0.0;0.0;1.0;15.0;14.0;28.0;10.0;0.0;16.0;12.0;28.0;29.0;398.0;285.0;41.0;20.0;4.0;183.0;5.0;7.0;0.0;2023_2024
639467;924881;48078;Christian Vásquez;23;Perú;Lateral derecho;Sport Boys;2209.0;29.0;27.0;1.0;8.0;2.0;4.0;2.0;1.0;6.0;1.0;0.0;15.0;0.0;0.0;0.0;2.0;37.0;19.0;54.0;19.0;3.0;36.0;20.0;18.0;72.0;504.0;342.0;82.0;39.0;3.0;366.0;23.0;7.0;1.0;2023_2024
352344;876926;48078;Francisco Duclós;27;Perú;Defensa central;AD Cantolao;2008.0;26.0;23.0;1.0;9.0;3.0;6.0;0.0;0.0;3.0;0.0;1.0;0.0;0.0;0.0;0.0;2.0;31.0;48.0;91.0;9.0;0.0;16.0;12.0;33.0;43.0;757.0;598.0;55.0;60.0;1.0;185.0;3.0;4.0;2.0;2023_2024
867036;1107871;48078;Christian Flores;22;Perú;Pivote;Dep. Municipal;1725.0;26.0;18.0;0.0;2.0;0.0;0.0;2.0;0.0;6.0;0.0;0.0;13.0;0.0;0.0;0.0;0.0;46.0;21.0;37.0;24.0;0.0;24.0;28.0;14.0;87.0;721.0;599.0;124.0;39.0;1.0;164.0;12.0;7.0;1.0;2023_2024
238661;341981;48079;Rodrigo Castro;30;Argentina;Mediocentro ofensivo;Gimnasia (M);2763.0;34.0;32.0;8.0;41.0;18.0;0.0;2.0;5.0;54.0;0.0;0.0;62.0;0.0;2.0;2.0;2.0;0.0;0.0;11.0;55.0;0.0;41.0;65.0;22.0;0.0;866.0;712.0;75.0;37.0;19.0;0.0;0.0;6.0;1.0;2023_2024
260318;338883;48078;Horacio Benincasa;29;Perú;Defensa central;Cusco FC;975.0;18.0;10.0;0.0;6.0;0.0;5.0;1.0;0.0;0.0;0.0;1.0;1.0;1.0;0.0;0.0;2.0;13.0;14.0;68.0;1.0;0.0;6.0;7.0;17.0;20.0;324.0;266.0;10.0;19.0;0.0;70.0;0.0;2.0;1.0;2023_2024
547021;949793;48078;Alessandro Milesi;23;Perú;Lateral izquierdo;Atlético Grau;887.0;17.0;10.0;1.0;12.0;4.0;6.0;2.0;0.0;8.0;1.0;2.0;5.0;0.0;0.0;0.0;2.0;17.0;8.0;14.0;11.0;0.0;19.0;4.0;8.0;26.0;277.0;225.0;61.0;7.0;7.0;130.0;4.0;4.0;0.0;2023_2024
420864;879629;48078;Hideyoshi Arakaki;25;Perú;Extremo derecho;Cusco FC;723.0;23.0;5.0;2.0;14.0;8.0;4.0;2.0;1.0;4.0;1.0;3.0;5.0;0.0;0.0;0.0;5.0;6.0;6.0;3.0;7.0;0.0;11.0;9.0;9.0;19.0;117.0;80.0;19.0;7.0;3.0;80.0;9.0;3.0;0.0;2023_2024
170785;309126;48634;Nicolás Albarracín;30;Uruguay;Extremo izquierdo;Wanderers;2393.0;35.0;26.0;3.0;61.0;24.0;0.0;4.0;6.0;37.0;0.0;0.0;59.0;0.0;0.0;0.0;2.0;0.0;0.0;9.0;35.0;0.0;22.0;16.0;20.0;0.0;1107.0;835.0;129.0;46.0;35.0;0.0;0.0;6.0;0.0;2023_2024
679264;886763;52702;José Cortés;28;Colombia;Extremo izquierdo;B. Banja Luka;734.0;12.0;7.0;2.0;20.0;9.0;0.0;0.0;1.0;6.0;0.0;0.0;25.0;0.0;0.0;0.0;3.0;0.0;0.0;7.0;10.0;0.0;8.0;10.0;14.0;0.0;199.0;151.0;6.0;2.0;4.0;0.0;0.0;1.0;0.0;2023_2024
84318;107315;48078;Paolo Hurtado;32;Perú;Mediocentro ofensivo;Cienciano;890.0;18.0;11.0;0.0;17.0;5.0;9.0;3.0;2.0;35.0;6.0;4.0;7.0;0.0;0.0;0.0;2.0;7.0;4.0;4.0;5.0;0.0;11.0;14.0;7.0;27.0;387.0;313.0;112.0;26.0;25.0;150.0;5.0;3.0;1.0;2023_2024
456161;846706;48078;Juniors Barbieri;27;Perú;Portero;Dep. Garcilaso;450.0;5.0;5.0;0.0;0.0;0.0;0.0;0.0;0.0;2.0;0.0;0.0;0.0;0.0;0.0;0.0;0.0;1.0;0.0;1.0;0.0;0.0;0.0;1.0;0.0;2.0;96.0;59.0;8.0;25.0;0.0;37.0;0.0;0.0;0.0;2023_2024
353041;589292;47647;Ángel Benítez;27;Paraguay;Pivote;Def. y Justicia;74.0;5.0;0.0;0.0;1.0;1.0;0.0;0.0;0.0;1.0;0.0;0.0;1.0;0.0;0.0;0.0;0.0;3.0;1.0;3.0;4.0;0.0;5.0;1.0;2.0;5.0;22.0;12.0;3.0;0.0;0.0;13.0;0.0;3.0;0.0;2023_2024
82584;883313;48078;Nelinho Quina;36;Perú;Defensa central;Cusco FC;2689.0;31.0;31.0;0.0;10.0;2.0;8.0;0.0;0.0;6.0;1.0;0.0;7.0;0.0;0.0;0.0;4.0;22.0;31.0;96.0;6.0;1.0;27.0;18.0;67.0;47.0;1098.0;862.0;73.0;128.0;0.0;262.0;6.0;8.0;1.0;2023_2024
409092;926640;48078;Gonzalo Rizzo;27;Uruguay;Defensa central;AD Tarma;3044.0;34.0;34.0;6.0;57.0;21.0;25.0;11.0;1.0;15.0;1.0;3.0;5.0;0.0;1.0;1.0;2.0;64.0;48.0;119.0;19.0;0.0;38.0;19.0;80.0;86.0;905.0;591.0;121.0;118.0;2.0;363.0;11.0;9.0;1.0;2023_2024
447932;883720;48078;Christian Velarde;25;Perú;Pivote;AD Tarma;1400.0;26.0;16.0;0.0;17.0;5.0;9.0;3.0;1.0;14.0;1.0;1.0;7.0;0.0;0.0;0.0;2.0;39.0;20.0;21.0;14.0;1.0;38.0;33.0;17.0;79.0;489.0;370.0;96.0;31.0;4.0;164.0;15.0;8.0;0.0;2023_2024
160906;339529;48078;Willyan Mimbela;31;Perú;Mediocentro ofensivo;AD Tarma;2135.0;31.0;27.0;4.0;82.0;25.0;38.0;19.0;5.0;76.0;7.0;2.0;37.0;0.0;1.0;1.0;2.0;48.0;10.0;4.0;20.0;0.0;31.0;63.0;9.0;148.0;661.0;504.0;224.0;47.0;70.0;391.0;43.0;8.0;0.0;2023_2024
665113;975919;42655;Percy Liza;23;Perú;Delantero centro;Sport. Cristal;434.0;11.0;3.0;1.0;4.0;1.0;3.0;0.0;0.0;2.0;0.0;0.0;2.0;1.0;0.0;0.0;5.0;5.0;0.0;4.0;1.0;0.0;9.0;11.0;6.0;18.0;67.0;49.0;15.0;2.0;0.0;45.0;7.0;1.0;0.0;2023_2024
665113;975919;48078;Percy Liza;23;Perú;Delantero centro;Sport. Cristal;45.0;3.0;0.0;0.0;1.0;0.0;1.0;0.0;0.0;0.0;0.0;0.0;0.0;0.0;0.0;0.0;1.0;1.0;0.0;0.0;0.0;0.0;3.0;2.0;2.0;3.0;8.0;1.0;0.0;0.0;0.0;10.0;1.0;1.0;0.0;2023_2024
224677;588144;48078;Jhonny Vidales;31;Perú;Delantero centro;Cusco FC;2079.0;31.0;25.0;1.0;24.0;6.0;12.0;6.0;1.0;38.0;3.0;1.0;34.0;0.0;0.0;0.0;2.0;35.0;16.0;11.0;19.0;0.0;34.0;28.0;6.0;97.0;800.0;629.0;228.0;37.0;11.0;336.0;45.0;4.0;0.0;2023_2024
76717;249305;48078;Pablo Míguez;36;Uruguay;Defensa central;Alianza Lima;2091.0;28.0;22.0;0.0;7.0;1.0;4.0;2.0;0.0;3.0;1.0;0.0;4.0;0.0;0.0;0.0;1.0;19.0;35.0;102.0;12.0;2.0;25.0;12.0;42.0;35.0;839.0;707.0;37.0;82.0;1.0;143.0;2.0;4.0;1.0;2023_2024
805862;1017755;48078;Emilio Saba;22;Palestina;Lateral derecho;FBC Melgar;2225.0;28.0;26.0;0.0;8.0;3.0;3.0;2.0;0.0;13.0;2.0;0.0;7.0;0.0;0.0;0.0;0.0;54.0;32.0;64.0;16.0;1.0;18.0;14.0;18.0;75.0;592.0;392.0;127.0;33.0;15.0;399.0;14.0;6.0;0.0;2023_2024
284162;790029;48078;Alexander Succar;27;Perú;Delantero centro;Universitario;182.0;11.0;0.0;0.0;7.0;1.0;4.0;2.0;0.0;1.0;0.0;0.0;3.0;0.0;0.0;0.0;0.0;3.0;1.0;1.0;1.0;0.0;9.0;7.0;6.0;13.0;47.0;30.0;20.0;3.0;1.0;46.0;8.0;3.0;0.0;2023_2024
84349;47413;48078;Luis Trujillo;32;Perú;Lateral izquierdo;UTC;2222.0;27.0;27.0;2.0;26.0;5.0;14.0;7.0;2.0;35.0;3.0;1.0;13.0;0.0;0.0;0.0;1.0;26.0;34.0;42.0;8.0;0.0;21.0;12.0;25.0;51.0;760.0;579.0;186.0;104.0;27.0;334.0;10.0;4.0;0.0;2023_2024
291339;924765;48078;Ignacio Barrios;30;Uruguay;Portero;AD Tarma;2940.0;33.0;33.0;0.0;0.0;0.0;0.0;0.0;0.0;2.0;1.0;0.0;0.0;0.0;0.0;0.0;0.0;1.0;0.0;36.0;0.0;1.0;2.0;5.0;7.0;5.0;729.0;322.0;106.0;176.0;0.0;412.0;0.0;3.0;1.0;2023_2024
279061;924793;48078;Héctor Zeta;29;Perú;Delantero centro;Dep. Binacional;1503.0;30.0;17.0;7.0;32.0;16.0;13.0;3.0;2.0;15.0;1.0;3.0;5.0;0.0;0.0;0.0;8.0;7.0;6.0;6.0;8.0;0.0;13.0;4.0;23.0;16.0;290.0;201.0;80.0;4.0;0.0;152.0;12.0;3.0;0.0;2023_2024
639764;965761;48078;Piero Serra;25;Perú;Pivote;Alianza Atl.;1926.0;26.0;23.0;0.0;6.0;0.0;4.0;2.0;1.0;3.0;1.0;0.0;5.0;0.0;0.0;0.0;0.0;33.0;21.0;37.0;9.0;0.0;47.0;10.0;19.0;48.0;838.0;692.0;93.0;102.0;1.0;174.0;7.0;10.0;1.0;2023_2024
77306;1130277;48283;Carlos Ramírez;35;Colombia;Defensa central;Pereira;1203.0;15.0;14.0;4.0;25.0;8.0;9.0;8.0;0.0;4.0;1.0;0.0;2.0;0.0;1.0;1.0;2.0;10.0;16.0;33.0;3.0;2.0;14.0;3.0;20.0;15.0;660.0;502.0;68.0;98.0;2.0;178.0;0.0;3.0;1.0;2023_2024
77306;1130277;52847;Carlos Ramírez;35;Colombia;Defensa central;Pereira;1259.0;15.0;15.0;5.0;30.0;11.0;8.0;11.0;1.0;5.0;2.0;2.0;1.0;1.0;6.0;5.0;0.0;14.0;9.0;39.0;12.0;1.0;14.0;4.0;29.0;19.0;791.0;601.0;83.0;60.0;3.0;223.0;1.0;4.0;0.0;2023_2024
249977;883294;48078;Carlos Uribe;31;Perú;Pivote;Cusco FC;508.0;15.0;6.0;0.0;1.0;0.0;1.0;0.0;0.0;2.0;0.0;0.0;2.0;0.0;0.0;0.0;0.0;8.0;6.0;3.0;6.0;0.0;9.0;3.0;4.0;13.0;228.0;191.0;28.0;15.0;1.0;47.0;1.0;3.0;0.0;2023_2024
262254;312346;48720;Teodoro Paredes;30;Paraguay;Defensa central;Cumbayá FC;2430.0;27.0;27.0;3.0;13.0;7.0;3.0;3.0;0.0;6.0;0.0;0.0;5.0;1.0;0.0;0.0;2.0;53.0;40.0;142.0;14.0;1.0;23.0;17.0;46.0;75.0;825.0;583.0;70.0;78.0;2.0;282.0;5.0;6.0;0.0;2023_2024
73705;249599;48078;Donald Millán;37;Colombia;Mediocentro ofensivo;Dep. Binacional;460.0;14.0;5.0;0.0;12.0;3.0;7.0;2.0;0.0;7.0;1.0;1.0;6.0;0.0;0.0;0.0;1.0;9.0;3.0;5.0;9.0;0.0;11.0;13.0;2.0;28.0;348.0;296.0;120.0;19.0;0.0;84.0;6.0;3.0;0.0;2023_2024
447934;882837;48078;Roberto Villamarín;25;Perú;Lateral derecho;Dep. Binacional;1523.0;18.0;18.0;2.0;25.0;7.0;10.0;8.0;3.0;9.0;0.0;2.0;20.0;0.0;1.0;1.0;3.0;40.0;23.0;29.0;7.0;1.0;23.0;27.0;7.0;86.0;548.0;428.0;105.0;43.0;5.0;231.0;15.0;3.0;0.0;2023_2024
988946;1185457;48720;Byron Angulo;26;Ecuador;Delantero centro;Uni. Católica;1361.0;28.0;13.0;5.0;39.0;12.0;18.0;9.0;2.0;14.0;2.0;1.0;32.0;0.0;0.0;0.0;2.0;18.0;10.0;5.0;7.0;0.0;11.0;22.0;23.0;72.0;398.0;291.0;108.0;23.0;9.0;225.0;24.0;3.0;0.0;2023_2024
565193;925119;48078;Joel López Pissano;26;Argentina;Mediocentro ofensivo;Sin equipo;1570.0;23.0;20.0;4.0;24.0;10.0;6.0;8.0;3.0;56.0;12.0;0.0;18.0;0.0;0.0;0.0;0.0;30.0;13.0;4.0;14.0;1.0;8.0;14.0;1.0;62.0;929.0;721.0;241.0;67.0;54.0;358.0;13.0;2.0;1.0;2023_2024
224683;1022066;48078;Neil Marcos;31;Perú;Pivote;Juan Aurich;418.0;18.0;3.0;0.0;5.0;0.0;4.0;1.0;1.0;13.0;2.0;0.0;0.0;0.0;0.0;0.0;0.0;8.0;8.0;5.0;4.0;0.0;7.0;9.0;4.0;17.0;276.0;234.0;77.0;22.0;10.0;76.0;3.0;2.0;1.0;2023_2024
275266;339171;48078;Ítalo Regalado;27;Perú;Extremo derecho;Unión Comercio;1157.0;28.0;11.0;2.0;12.0;7.0;3.0;2.0;1.0;4.0;1.0;1.0;5.0;1.0;0.0;0.0;8.0;17.0;3.0;12.0;8.0;1.0;23.0;10.0;14.0;32.0;285.0;203.0;73.0;3.0;3.0;159.0;12.0;5.0;1.0;2023_2024
965846;1170640;57741;César Inga;22;Perú;Lateral izquierdo;AD Tarma;2309.0;32.0;24.0;0.0;38.0;7.0;14.0;17.0;5.0;24.0;3.0;0.0;25.0;0.0;0.0;0.0;0.0;34.0;13.0;36.0;14.0;1.0;7.0;15.0;20.0;74.0;833.0;637.0;178.0;53.0;11.0;313.0;13.0;0.0;0.0;2024_2025
68747;249137;63769;Diego Churín;34;Argentina;Delantero centro;Cerro Porteño;617.0;19.0;4.0;1.0;11.0;4.0;5.0;2.0;0.0;7.0;1.0;0.0;6.0;0.0;0.0;0.0;1.0;9.0;2.0;7.0;0.0;0.0;20.0;15.0;28.0;30.0;224.0;143.0;57.0;6.0;1.0;138.0;8.0;7.0;0.0;2024_2025
68747;249137;57296;Diego Churín;34;Argentina;Delantero centro;Cerro Porteño;332.0;5.0;4.0;0.0;5.0;1.0;2.0;2.0;0.0;1.0;0.0;0.0;2.0;0.0;0.0;0.0;4.0;2.0;0.0;1.0;0.0;0.0;10.0;17.0;15.0;19.0;73.0;36.0;13.0;1.0;1.0;58.0;6.0;1.0;0.0;2024_2025
68747;249137;57297;Diego Churín;34;Argentina;Delantero centro;Cerro Porteño;122.0;2.0;2.0;0.0;1.0;0.0;1.0;0.0;0.0;0.0;0.0;1.0;0.0;0.0;1.0;0.0;1.0;3.0;0.0;0.0;1.0;0.0;4.0;2.0;4.0;5.0;28.0;18.0;2.0;0.0;0.0;14.0;3.0;0.0;0.0;2024_2025
655639;976933;57741;Paolo Reyna;22;Perú;Lateral izquierdo;FBC Melgar;2194.0;27.0;25.0;1.0;14.0;5.0;4.0;5.0;2.0;21.0;3.0;1.0;9.0;0.0;0.0;0.0;0.0;59.0;36.0;39.0;11.0;0.0;29.0;17.0;28.0;85.0;747.0;569.0;196.0;40.0;14.0;301.0;7.0;0.0;1.0;2024_2025
203385;590312;57741;Gabriel Costa;34;Perú;Extremo derecho;Alianza Lima;844.0;24.0;8.0;2.0;14.0;5.0;7.0;2.0;1.0;22.0;3.0;0.0;5.0;0.0;0.0;0.0;0.0;16.0;1.0;2.0;8.0;0.0;11.0;17.0;3.0;38.0;387.0;315.0;117.0;20.0;9.0;142.0;11.0;3.0;0.0;2024_2025
729032;1017480;58156;José Carabalí;27;Ecuador;Lateral izquierdo;Nagoya Grampus;857.0;13.0;9.0;0.0;16.0;5.0;7.0;4.0;0.0;12.0;5.0;0.0;25.0;0.0;0.0;0.0;5.0;9.0;6.0;2.0;7.0;0.0;7.0;13.0;16.0;47.0;272.0;195.0;82.0;13.0;9.0;190.0;9.0;2.0;0.0;2024_2025
729032;1017480;57297;José Carabalí;27;Ecuador;Lateral izquierdo;Nagoya Grampus;708.0;8.0;8.0;1.0;9.0;4.0;3.0;2.0;0.0;16.0;2.0;1.0;17.0;0.0;0.0;0.0;4.0;7.0;8.0;3.0;3.0;0.0;6.0;11.0;8.0;35.0;211.0;173.0;64.0;0.0;6.0;107.0;9.0;2.0;0.0;2024_2025
194998;176139;57741;Edison Flores;30;Perú;Extremo izquierdo;Atlas;2149.0;32.0;29.0;9.0;72.0;23.0;29.0;20.0;6.0;38.0;2.0;4.0;11.0;1.0;0.0;0.0;10.0;23.0;7.0;6.0;11.0;0.0;29.0;29.0;19.0;63.0;499.0;369.0;169.0;16.0;8.0;241.0;20.0;5.0;0.0;2024_2025
323432;542636;57741;Jairo Vélez;29;Ecuador;Mediocentro ofensivo;César Vallejo;2729.0;31.0;30.0;10.0;84.0;31.0;30.0;23.0;5.0;62.0;6.0;3.0;47.0;2.0;2.0;1.0;2.0;38.0;6.0;8.0;13.0;0.0;43.0;61.0;21.0;145.0;998.0;742.0;313.0;55.0;40.0;633.0;65.0;6.0;0.0;2024_2025
626179;927690;57741;Matías Succar;25;Perú;Delantero centro;CA Mannucci;1726.0;27.0;20.0;4.0;49.0;20.0;23.0;6.0;2.0;14.0;2.0;6.0;3.0;1.0;1.0;1.0;6.0;15.0;1.0;18.0;7.0;0.0;37.0;38.0;26.0;56.0;314.0;227.0;96.0;7.0;4.0;202.0;27.0;2.0;0.0;2024_2025
2989;338;57741;Paolo Guerrero;40;Perú;Delantero centro;César Vallejo;933.0;14.0;11.0;7.0;30.0;16.0;9.0;5.0;2.0;15.0;2.0;4.0;4.0;2.0;1.0;1.0;5.0;2.0;2.0;9.0;0.0;0.0;15.0;18.0;25.0;24.0;218.0;157.0;72.0;4.0;0.0;103.0;16.0;3.0;0.0;2024_2025
250437;589448;57741;Jean Pierre Archimbaud;29;Perú;Pivote;FBC Melgar;1914.0;29.0;24.0;12.0;52.0;26.0;20.0;6.0;1.0;19.0;2.0;7.0;2.0;1.0;0.0;0.0;8.0;25.0;14.0;24.0;6.0;1.0;25.0;11.0;33.0;37.0;637.0;500.0;148.0;61.0;5.0;186.0;6.0;4.0;0.0;2024_2025
266451;338957;58766;Eryc Castillo;29;Ecuador;Extremo derecho;EC Vitória;266.0;9.0;1.0;1.0;3.0;1.0;1.0;1.0;0.0;1.0;0.0;0.0;5.0;0.0;0.0;0.0;2.0;2.0;0.0;3.0;2.0;0.0;3.0;2.0;5.0;9.0;45.0;36.0;15.0;0.0;1.0;38.0;3.0;0.0;0.0;2024_2025
266451;338957;59015;Eryc Castillo;29;Ecuador;Extremo derecho;EC Vitória;118.0;6.0;0.0;0.0;3.0;0.0;2.0;1.0;0.0;0.0;0.0;0.0;1.0;0.0;0.0;0.0;1.0;1.0;0.0;1.0;0.0;0.0;4.0;0.0;0.0;2.0;22.0;16.0;6.0;0.0;1.0;14.0;1.0;1.0;0.0;2024_2025
266451;338957;57252;Eryc Castillo;29;Ecuador;Extremo derecho;EC Vitória;156.0;3.0;2.0;0.0;3.0;0.0;0.0;0.0;0.0;0.0;0.0;0.0;4.0;0.0;0.0;0.0;2.0;0.0;0.0;1.0;1.0;0.0;1.0;5.0;2.0;0.0;28.0;22.0;0.0;0.0;3.0;0.0;0.0;0.0;0.0;2024_2025
177690;247665;58766;Miguel Trauco;31;Perú;Lateral izquierdo;Criciúma;1469.0;24.0;17.0;2.0;12.0;4.0;5.0;3.0;0.0;10.0;1.0;0.0;8.0;0.0;0.0;0.0;0.0;34.0;9.0;47.0;16.0;0.0;16.0;3.0;14.0;44.0;666.0;486.0;122.0;52.0;5.0;264.0;1.0;3.0;1.0;2024_2025
177690;247665;57072;Miguel Trauco;31;Perú;Lateral izquierdo;Criciúma;435.0;8.0;4.0;0.0;1.0;0.0;0.0;2.0;0.0;5.0;0.0;0.0;2.0;0.0;0.0;0.0;0.0;0.0;0.0;4.0;15.0;0.0;10.0;2.0;6.0;0.0;239.0;208.0;32.0;20.0;3.0;0.0;0.0;2.0;0.0;2024_2025
147263;106461;58043;Fernando Gaibor;32;Ecuador;Mediocentro;Barcelona SC;1166.0;22.0;13.0;0.0;5.0;2.0;3.0;0.0;3.0;24.0;2.0;0.0;6.0;0.0;0.0;0.0;0.0;19.0;8.0;6.0;9.0;0.0;22.0;13.0;6.0;38.0;626.0;519.0;165.0;42.0;3.0;188.0;14.0;2.0;0.0;2024_2025
159773;146599;57374;Pablo Ceppelini;32;Uruguay;Mediocentro ofensivo;Atl. Nacional;1121.0;14.0;13.0;2.0;17.0;6.0;4.0;7.0;4.0;43.0;6.0;2.0;3.0;0.0;0.0;0.0;1.0;11.0;8.0;4.0;12.0;0.0;10.0;17.0;7.0;31.0;609.0;482.0;210.0;32.0;32.0;222.0;8.0;4.0;0.0;2024_2025
159773;146599;63819;Pablo Ceppelini;32;Uruguay;Mediocentro ofensivo;Atl. Nacional;863.0;24.0;7.0;0.0;14.0;4.0;6.0;4.0;2.0;34.0;2.0;0.0;3.0;0.0;0.0;0.0;0.0;11.0;3.0;4.0;10.0;0.0;11.0;11.0;3.0;25.0;471.0;395.0;153.0;29.0;23.0;137.0;3.0;2.0;0.0;2024_2025
196037;340077;57741;Pablo Lavandeira;34;Uruguay;Mediocentro ofensivo;FBC Melgar;707.0;19.0;7.0;2.0;33.0;11.0;11.0;11.0;2.0;26.0;4.0;6.0;7.0;0.0;1.0;1.0;1.0;11.0;2.0;2.0;5.0;0.0;8.0;13.0;2.0;31.0;236.0;185.0;101.0;19.0;10.0;121.0;12.0;3.0;0.0;2024_2025
480523;876927;57741;Aldair Fuentes;26;Perú;Defensa central;CF Fuenlabrada;525.0;14.0;6.0;1.0;5.0;2.0;3.0;0.0;0.0;1.0;0.0;0.0;0.0;0.0;0.0;0.0;1.0;14.0;8.0;21.0;3.0;0.0;9.0;3.0;13.0;17.0;257.0;222.0;5.0;11.0;0.0;41.0;4.0;1.0;0.0;2024_2025
723853;1020375;57741;Erick Noriega;22;Perú;Defensa central;Comerciantes;2708.0;32.0;31.0;1.0;22.0;9.0;10.0;3.0;1.0;11.0;1.0;0.0;24.0;0.0;0.0;0.0;3.0;57.0;36.0;88.0;8.0;1.0;44.0;22.0;43.0;103.0;1240.0;986.0;167.0;136.0;4.0;344.0;21.0;7.0;1.0;2024_2025
953990;943712;57478;Guillermo Enrique;24;Argentina;Lateral derecho;Gimnasia;315.0;6.0;5.0;0.0;2.0;0.0;2.0;0.0;0.0;3.0;2.0;0.0;1.0;0.0;0.0;0.0;0.0;11.0;6.0;12.0;4.0;0.0;2.0;0.0;5.0;12.0;77.0;45.0;5.0;4.0;2.0;72.0;4.0;1.0;0.0;2024_2025
953990;943712;57487;Guillermo Enrique;24;Argentina;Lateral derecho;Gimnasia;247.0;5.0;2.0;0.0;2.0;1.0;0.0;1.0;0.0;4.0;0.0;0.0;5.0;0.0;0.0;0.0;0.0;7.0;3.0;9.0;1.0;0.0;2.0;5.0;7.0;16.0;80.0;47.0;21.0;6.0;4.0;64.0;3.0;1.0;0.0;2024_2025
439631;876929;57297;Kevin Quevedo;27;Perú;Extremo izquierdo;Uni. Católica;262.0;6.0;3.0;0.0;3.0;0.0;2.0;1.0;1.0;2.0;1.0;0.0;2.0;0.0;0.0;0.0;1.0;2.0;3.0;9.0;2.0;0.0;0.0;7.0;4.0;11.0;73.0;56.0;26.0;0.0;3.0;36.0;4.0;0.0;0.0;2024_2025
439631;876929;58043;Kevin Quevedo;27;Perú;Extremo izquierdo;Uni. Católica;738.0;14.0;8.0;2.0;19.0;12.0;4.0;3.0;1.0;13.0;2.0;2.0;7.0;0.0;1.0;0.0;1.0;3.0;1.0;2.0;4.0;1.0;8.0;7.0;1.0;17.0;240.0;200.0;72.0;8.0;5.0;79.0;6.0;2.0;0.0;2024_2025
836494;1084961;57487;Alan Cantero;26;Argentina;Extremo izquierdo;Godoy Cruz;830.0;14.0;11.0;4.0;19.0;9.0;6.0;4.0;2.0;14.0;4.0;2.0;29.0;0.0;0.0;0.0;0.0;9.0;0.0;9.0;7.0;0.0;8.0;24.0;5.0;62.0;192.0;138.0;60.0;3.0;0.0;138.0;16.0;0.0;0.0;2024_2025
836494;1084961;57478;Alan Cantero;26;Argentina;Extremo izquierdo;Godoy Cruz;852.0;16.0;10.0;1.0;17.0;3.0;9.0;5.0;1.0;7.0;1.0;1.0;21.0;0.0;0.0;0.0;0.0;9.0;0.0;7.0;2.0;0.0;5.0;25.0;16.0;55.0;164.0;121.0;40.0;5.0;0.0;154.0;34.0;2.0;0.0;2024_2025
315761;818401;57741;Pierre da Silva;25;Estados Unidos;Extremo izquierdo;César Vallejo;1588.0;26.0;20.0;1.0;29.0;8.0;5.0;16.0;1.0;22.0;3.0;0.0;29.0;0.0;0.0;0.0;1.0;21.0;9.0;12.0;7.0;0.0;29.0;38.0;16.0;88.0;493.0;368.0;109.0;19.0;18.0;268.0;23.0;6.0;0.0;2024_2025
547021;949793;57741;Alessandro Milesi;24;Perú;Lateral izquierdo;Alianza Atl.;1815.0;26.0;21.0;0.0;19.0;5.0;10.0;4.0;2.0;20.0;2.0;1.0;10.0;0.0;0.0;0.0;0.0;29.0;19.0;41.0;5.0;0.0;30.0;12.0;21.0;50.0;485.0;337.0;107.0;23.0;17.0;262.0;14.0;5.0;0.0;2024_2025
655641;976931;57741;Carlos Gamarra;24;Perú;Defensa central;Los Chankas;2573.0;30.0;28.0;1.0;10.0;3.0;6.0;1.0;1.0;7.0;1.0;0.0;6.0;0.0;0.0;0.0;0.0;53.0;19.0;120.0;20.0;1.0;21.0;11.0;47.0;70.0;852.0;641.0;60.0;107.0;1.0;237.0;5.0;6.0;0.0;2024_2025
738710;1016982;57741;Marlon Ruidías;25;Perú;Lateral derecho;Los Chankas;2405.0;32.0;30.0;4.0;24.0;11.0;6.0;7.0;3.0;16.0;4.0;0.0;15.0;0.0;0.0;0.0;1.0;42.0;17.0;31.0;24.0;2.0;40.0;19.0;8.0;76.0;944.0;760.0;237.0;74.0;8.0;311.0;18.0;5.0;1.0;2024_2025
351561;831183;57741;Carlo Diez;28;Perú;Pivote;Dep. Garcilaso;2869.0;34.0;33.0;1.0;17.0;8.0;7.0;2.0;0.0;13.0;0.0;0.0;11.0;0.0;0.0;0.0;2.0;42.0;27.0;27.0;16.0;2.0;36.0;42.0;19.0;95.0;845.0;666.0;159.0;53.0;5.0;249.0;16.0;5.0;0.0;2024_2025
195002;175977;57741;Álvaro Ampuero;31;Perú;Lateral izquierdo;Atlético Grau;1354.0;20.0;15.0;0.0;8.0;3.0;4.0;1.0;1.0;2.0;0.0;1.0;6.0;0.0;0.0;0.0;0.0;19.0;9.0;49.0;3.0;2.0;17.0;8.0;37.0;33.0;649.0;512.0;42.0;41.0;2.0;159.0;7.0;6.0;0.0;2024_2025
268031;325609;57297;Facundo Callejo;31;Argentina;Delantero centro;SD Aucas;393.0;5.0;5.0;1.0;13.0;4.0;6.0;3.0;0.0;8.0;1.0;0.0;0.0;0.0;0.0;0.0;2.0;2.0;2.0;2.0;2.0;0.0;3.0;2.0;7.0;4.0;71.0;50.0;19.0;4.0;3.0;52.0;5.0;0.0;0.0;2024_2025
268031;325609;58043;Facundo Callejo;31;Argentina;Delantero centro;SD Aucas;395.0;14.0;3.0;3.0;26.0;9.0;11.0;6.0;0.0;5.0;0.0;2.0;3.0;0.0;0.0;0.0;2.0;1.0;1.0;5.0;2.0;0.0;2.0;1.0;10.0;5.0;72.0;49.0;15.0;1.0;4.0;41.0;0.0;1.0;0.0;2024_2025
268031;325609;58156;Facundo Callejo;31;Argentina;Delantero centro;SD Aucas;838.0;12.0;9.0;4.0;32.0;13.0;13.0;6.0;2.0;16.0;3.0;2.0;2.0;0.0;0.0;0.0;7.0;7.0;2.0;5.0;2.0;0.0;9.0;6.0;19.0;15.0;191.0;133.0;54.0;11.0;8.0;105.0;3.0;2.0;0.0;2024_2025
528367;893067;57741;Marco Saravia;25;Perú;Defensa central;Universitario;31.0;1.0;0.0;0.0;0.0;0.0;0.0;0.0;0.0;0.0;0.0;0.0;1.0;0.0;0.0;0.0;0.0;1.0;0.0;2.0;1.0;0.0;0.0;0.0;0.0;2.0;19.0;17.0;5.0;4.0;0.0;2.0;0.0;0.0;0.0;2024_2025
871653;1107917;57741;Piero Guzmán;24;Perú;Defensa central;Universitario;691.0;13.0;7.0;1.0;5.0;1.0;3.0;1.0;0.0;1.0;0.0;0.0;2.0;0.0;0.0;0.0;1.0;8.0;5.0;44.0;1.0;1.0;4.0;3.0;14.0;13.0;368.0;312.0;9.0;30.0;0.0;63.0;1.0;1.0;0.0;2024_2025
747666;1464243;57694;Alex Custodio;20;Venezuela;Lateral derecho;Dep. La Guaira;2335.0;28.0;26.0;4.0;10.0;4.0;6.0;0.0;1.0;6.0;0.0;0.0;2.0;0.0;0.0;0.0;0.0;30.0;29.0;71.0;9.0;0.0;31.0;23.0;32.0;55.0;1053.0;873.0;123.0;65.0;3.0;215.0;5.0;5.0;0.0;2024_2025
292729;384658;57741;Alexis Cossio;29;Perú;Lateral izquierdo;CA Mannucci;1244.0;23.0;14.0;0.0;19.0;3.0;12.0;4.0;2.0;13.0;1.0;1.0;5.0;0.0;0.0;0.0;1.0;20.0;21.0;31.0;9.0;0.0;19.0;16.0;10.0;41.0;378.0;275.0;64.0;21.0;10.0;211.0;10.0;4.0;0.0;2024_2025
851121;1096363;58156;Agustín Graneros;28;Argentina;Delantero centro;Real Tomayapo;3202.0;37.0;37.0;15.0;115.0;55.0;44.0;16.0;5.0;72.0;5.0;6.0;32.0;4.0;3.0;2.0;31.0;32.0;12.0;21.0;9.0;0.0;49.0;59.0;20.0;123.0;706.0;517.0;233.0;20.0;29.0;460.0;37.0;5.0;0.0;2024_2025
653484;975241;57741;Erick Perleche;23;Perú;Lateral derecho;Dep. Garcilaso;1281.0;22.0;14.0;1.0;9.0;3.0;6.0;0.0;0.0;13.0;0.0;1.0;6.0;0.0;0.0;0.0;0.0;23.0;23.0;25.0;7.0;0.0;21.0;12.0;7.0;41.0;351.0;273.0;97.0;18.0;8.0;145.0;5.0;4.0;0.0;2024_2025
857805;1107889;57741;Jimmy Pérez;23;Perú;Mediocentro;UTC;2207.0;34.0;24.0;4.0;40.0;12.0;18.0;10.0;1.0;28.0;0.0;1.0;16.0;1.0;0.0;0.0;1.0;26.0;14.0;10.0;13.0;0.0;22.0;43.0;3.0;85.0;782.0;658.0;193.0;31.0;16.0;263.0;22.0;3.0;0.0;2024_2025
332776;760636;57741;Anthony Gordillo;30;Perú;Lateral izquierdo;Dep. Garcilaso;1742.0;26.0;20.0;1.0;25.0;5.0;15.0;5.0;3.0;28.0;2.0;0.0;7.0;0.0;0.0;0.0;2.0;33.0;27.0;35.0;4.0;0.0;18.0;20.0;16.0;59.0;470.0;327.0;91.0;38.0;18.0;262.0;7.0;4.0;0.0;2024_2025
360446;789416;57741;Federico Illanes;30;Argentina;Pivote;Rangers;2758.0;31.0;31.0;0.0;5.0;1.0;3.0;1.0;1.0;6.0;0.0;0.0;6.0;0.0;0.0;0.0;2.0;64.0;19.0;32.0;23.0;1.0;51.0;16.0;22.0;85.0;887.0;724.0;80.0;75.0;1.0;202.0;11.0;7.0;1.0;2024_2025
483715;883812;57741;Renato Espinosa;25;Perú;Delantero centro;Sport Huancayo;1039.0;24.0;10.0;8.0;32.0;15.0;14.0;3.0;0.0;11.0;0.0;3.0;2.0;0.0;0.0;0.0;13.0;8.0;7.0;5.0;3.0;0.0;12.0;20.0;15.0;30.0;199.0;133.0;51.0;8.0;3.0;116.0;11.0;2.0;0.0;2024_2025
440020;874986;57741;Frank Ysique;28;Perú;Pivote;César Vallejo;2414.0;30.0;28.0;0.0;9.0;2.0;3.0;4.0;1.0;25.0;0.0;0.0;4.0;0.0;0.0;0.0;0.0;37.0;33.0;23.0;27.0;0.0;20.0;32.0;13.0;73.0;1403.0;1242.0;264.0;79.0;1.0;211.0;17.0;5.0;1.0;2024_2025
908300;1018414;57478;Gregorio Rodríguez;24;Argentina;Extremo derecho;Instituto ACC;1215.0;26.0;13.0;4.0;29.0;10.0;10.0;9.0;1.0;20.0;5.0;1.0;19.0;0.0;0.0;0.0;3.0;15.0;3.0;3.0;8.0;0.0;7.0;8.0;11.0;42.0;215.0;165.0;68.0;1.0;18.0;191.0;15.0;2.0;0.0;2024_2025
118756;140103;57478;Pier Barrios;34;Argentina;Defensa central;Godoy Cruz;1887.0;21.0;21.0;0.0;6.0;3.0;3.0;0.0;0.0;3.0;0.0;0.0;0.0;0.0;0.0;0.0;2.0;25.0;23.0;99.0;10.0;1.0;25.0;18.0;34.0;43.0;825.0;627.0;55.0;58.0;1.0;217.0;1.0;3.0;1.0;2024_2025
118756;140103;57487;Pier Barrios;34;Argentina;Defensa central;Godoy Cruz;1069.0;12.0;12.0;0.0;6.0;0.0;5.0;1.0;0.0;2.0;0.0;0.0;1.0;0.0;0.0;0.0;0.0;19.0;19.0;49.0;4.0;0.0;11.0;9.0;29.0;29.0;540.0;453.0;34.0;38.0;4.0;106.0;5.0;3.0;0.0;2024_2025
332252;800243;57782;Facundo Castro;28;Argentina;Delantero centro;Nueva Chicago;3051.0;39.0;36.0;12.0;62.0;27.0;0.0;5.0;1.0;15.0;0.0;0.0;42.0;0.0;3.0;3.0;30.0;0.0;0.0;24.0;19.0;0.0;59.0;41.0;56.0;0.0;462.0;330.0;31.0;10.0;4.0;0.0;0.0;9.0;0.0;2024_2025
665113;975919;57741;Percy Liza;24;Perú;Delantero centro;CA Mannucci;1093.0;27.0;9.0;1.0;18.0;7.0;11.0;0.0;3.0;16.0;3.0;2.0;11.0;0.0;0.0;0.0;1.0;7.0;2.0;5.0;2.0;0.0;31.0;26.0;19.0;44.0;225.0;171.0;61.0;6.0;2.0;126.0;17.0;2.0;2.0;2024_2025
491570;922871;57741;Nelson Cabanillas;24;Perú;Lateral izquierdo;Universitario;1276.0;27.0;16.0;0.0;8.0;5.0;2.0;1.0;2.0;21.0;3.0;0.0;11.0;0.0;0.0;0.0;1.0;28.0;14.0;15.0;11.0;0.0;14.0;22.0;10.0;61.0;498.0;363.0;110.0;22.0;23.0;272.0;11.0;4.0;0.0;2024_2025
302416;365990;57741;Leonel González;30;Argentina;Defensa central;Godoy Cruz;2688.0;30.0;30.0;0.0;12.0;3.0;7.0;2.0;0.0;7.0;1.0;1.0;15.0;0.0;1.0;0.0;1.0;41.0;39.0;82.0;11.0;0.0;29.0;27.0;44.0;83.0;1234.0;985.0;117.0;171.0;2.0;331.0;8.0;4.0;2.0;2024_2025
399206;815133;58156;Matías Noble;27;Argentina;Interior izquierdo;Real Tomayapo;1544.0;18.0;17.0;4.0;38.0;16.0;15.0;7.0;5.0;42.0;4.0;1.0;20.0;0.0;0.0;0.0;2.0;24.0;6.0;17.0;17.0;0.0;15.0;25.0;13.0;69.0;584.0;453.0;149.0;34.0;34.0;306.0;15.0;4.0;0.0;2024_2025
399206;815133;57297;Matías Noble;27;Argentina;Interior izquierdo;Real Tomayapo;516.0;6.0;6.0;1.0;6.0;2.0;4.0;0.0;0.0;9.0;0.0;0.0;3.0;0.0;0.0;0.0;2.0;10.0;2.0;6.0;4.0;1.0;8.0;5.0;3.0;18.0;143.0;101.0;29.0;11.0;4.0;92.0;8.0;1.0;0.0;2024_2025
662705;989259;57741;Mathías Llontop;22;Perú;Lateral izquierdo;CA Mannucci;2330.0;30.0;26.0;0.0;8.0;1.0;3.0;4.0;1.0;16.0;1.0;0.0;4.0;0.0;0.0;0.0;1.0;35.0;34.0;70.0;20.0;1.0;19.0;18.0;19.0;57.0;629.0;442.0;110.0;29.0;7.0;331.0;4.0;7.0;0.0;2024_2025
626916;960016;47647;Lautaro Guzmán;24;Argentina;Extremo izquierdo;Arsenal;1880.0;27.0;22.0;2.0;38.0;12.0;18.0;8.0;3.0;26.0;6.0;3.0;41.0;0.0;2.0;1.0;6.0;24.0;12.0;6.0;31.0;0.0;14.0;54.0;7.0;118.0;542.0;396.0;167.0;25.0;34.0;377.0;42.0;2.0;0.0;2024_2025
400051;883287;57741;Johan Madrid;27;Perú;Lateral derecho;César Vallejo;2822.0;33.0;32.0;1.0;21.0;3.0;11.0;7.0;2.0;29.0;1.0;0.0;15.0;1.0;0.0;0.0;2.0;43.0;43.0;69.0;15.0;0.0;18.0;34.0;33.0;91.0;1196.0;902.0;174.0;123.0;20.0;506.0;21.0;6.0;1.0;2024_2025
313437;351398;58156;Javier Sanguinetti;33;Argentina;Mediocentro ofensivo;GV San José;2247.0;29.0;27.0;12.0;82.0;33.0;35.0;14.0;10.0;75.0;9.0;2.0;18.0;0.0;2.0;2.0;2.0;29.0;10.0;30.0;16.0;0.0;18.0;25.0;12.0;71.0;1025.0;816.0;364.0;66.0;32.0;422.0;23.0;7.0;0.0;2024_2025
97013;143886;57741;Marlon de Jesús;32;Ecuador;Delantero centro;Unión Comercio;1651.0;21.0;20.0;8.0;64.0;19.0;23.0;22.0;2.0;22.0;2.0;0.0;13.0;1.0;4.0;4.0;9.0;6.0;0.0;14.0;5.0;0.0;21.0;31.0;38.0;49.0;296.0;200.0;73.0;9.0;3.0;205.0;24.0;1.0;0.0;2024_2025
242546;1100345;63819;Yonatan Murillo;31;Colombia;Defensa central;Once Caldas;225.0;3.0;3.0;0.0;0.0;0.0;0.0;0.0;0.0;0.0;0.0;0.0;0.0;0.0;0.0;0.0;0.0;7.0;3.0;5.0;0.0;0.0;1.0;0.0;5.0;7.0;81.0;68.0;3.0;7.0;0.0;15.0;0.0;0.0;0.0;2024_2025
242546;1100345;57374;Yonatan Murillo;31;Colombia;Defensa central;Once Caldas;979.0;15.0;8.0;0.0;1.0;0.0;1.0;0.0;1.0;3.0;1.0;0.0;1.0;0.0;0.0;0.0;1.0;17.0;14.0;57.0;10.0;0.0;12.0;3.0;21.0;21.0;322.0;242.0;15.0;20.0;0.0;90.0;1.0;5.0;0.0;2024_2025
874831;1411422;57741;Piero Magallanes;23;Perú;Extremo derecho;Comerciantes;2573.0;34.0;29.0;4.0;39.0;9.0;14.0;16.0;3.0;35.0;6.0;0.0;37.0;3.0;3.0;3.0;0.0;18.0;6.0;7.0;5.0;0.0;49.0;65.0;6.0;120.0;745.0;564.0;198.0;51.0;13.0;423.0;55.0;6.0;0.0;2024_2025
490614;876924;57741;Diego Carabaño;26;Perú;Mediocentro;Los Chankas;1683.0;26.0;22.0;0.0;39.0;6.0;25.0;8.0;8.0;37.0;6.0;0.0;10.0;0.0;0.0;0.0;1.0;19.0;16.0;11.0;13.0;0.0;35.0;15.0;8.0;43.0;991.0;814.0;279.0;185.0;15.0;286.0;20.0;5.0;1.0;2024_2025
249967;925232;57741;Juan Barreda;31;Perú;Defensa central;Juan Aurich;427.0;6.0;4.0;0.0;1.0;0.0;1.0;0.0;0.0;0.0;0.0;0.0;0.0;0.0;0.0;0.0;0.0;7.0;4.0;15.0;3.0;0.0;4.0;2.0;6.0;9.0;124.0;79.0;9.0;6.0;0.0;47.0;1.0;1.0;0.0;2024_2025
814636;989258;57741;Marcelo Gaona;25;Perú;Defensa central;CA Mannucci;418.0;13.0;4.0;0.0;5.0;3.0;2.0;0.0;0.0;2.0;0.0;0.0;2.0;0.0;0.0;0.0;0.0;5.0;2.0;9.0;4.0;0.0;2.0;1.0;9.0;8.0;141.0;85.0;22.0;6.0;0.0;71.0;0.0;1.0;1.0;2024_2025
331818;805332;57741;Miguel Carranza;28;Perú;Extremo derecho;Unión Comercio;1599.0;23.0;19.0;0.0;14.0;7.0;3.0;4.0;1.0;35.0;3.0;0.0;24.0;1.0;0.0;0.0;2.0;14.0;5.0;5.0;6.0;0.0;13.0;47.0;6.0;85.0;427.0;302.0;125.0;9.0;19.0;270.0;21.0;2.0;0.0;2024_2025
839993;1092343;58043;Enzo Fernández;32;Argentina;Extremo derecho;Mushuc Runa SC;725.0;13.0;11.0;5.0;26.0;15.0;9.0;2.0;0.0;15.0;0.0;2.0;4.0;0.0;0.0;0.0;2.0;5.0;3.0;7.0;7.0;0.0;14.0;8.0;9.0;16.0;148.0;98.0;52.0;11.0;5.0;114.0;7.0;1.0;1.0;2024_2025
839993;1092343;57782;Enzo Fernández;32;Argentina;Extremo derecho;Mushuc Runa SC;269.0;10.0;2.0;1.0;2.0;1.0;0.0;1.0;0.0;4.0;0.0;0.0;10.0;0.0;1.0;1.0;1.0;0.0;0.0;0.0;5.0;0.0;7.0;4.0;2.0;0.0;87.0;60.0;8.0;8.0;7.0;0.0;0.0;3.0;0.0;2024_2025
325147;557108;57782;Nahuel Luján;28;Argentina;Extremo izquierdo;San Miguel;2942.0;37.0;35.0;2.0;68.0;19.0;0.0;0.0;2.0;50.0;0.0;0.0;277.0;0.0;0.0;0.0;5.0;0.0;0.0;5.0;40.0;0.0;38.0;172.0;20.0;0.0;817.0;596.0;103.0;58.0;42.0;0.0;0.0;7.0;0.0;2024_2025
94761;883299;57741;Janio Pósito;34;Perú;Delantero centro;AD Tarma;1596.0;31.0;18.0;10.0;42.0;23.0;12.0;7.0;0.0;13.0;0.0;5.0;3.0;0.0;4.0;4.0;15.0;10.0;3.0;7.0;2.0;1.0;16.0;14.0;19.0;27.0;268.0;191.0;83.0;7.0;1.0;148.0;20.0;3.0;1.0;2024_2025
146292;932870;57741;Alan Pérez;33;Argentina;Defensa central;Cusco FC;2970.0;33.0;33.0;0.0;9.0;1.0;6.0;2.0;0.0;9.0;1.0;0.0;3.0;0.0;0.0;0.0;0.0;29.0;24.0;82.0;6.0;1.0;24.0;9.0;45.0;41.0;1669.0;1361.0;160.0;130.0;2.0;340.0;2.0;8.0;0.0;2024_2025
832217;1086281;57741;Yimy Gamero;22;Perú;Pivote;FBC Melgar;2059.0;26.0;23.0;1.0;27.0;8.0;9.0;10.0;4.0;40.0;3.0;0.0;9.0;0.0;0.0;0.0;1.0;39.0;21.0;19.0;24.0;0.0;16.0;33.0;13.0;81.0;851.0;657.0;221.0;53.0;8.0;322.0;14.0;2.0;0.0;2024_2025
1011264;1415942;57741;Catriel Cabellos;19;Perú;Mediocentro;Racing;2079.0;31.0;23.0;6.0;40.0;13.0;18.0;9.0;4.0;21.0;4.0;3.0;20.0;1.0;0.0;0.0;3.0;19.0;11.0;4.0;16.0;0.0;21.0;30.0;10.0;69.0;716.0;561.0;190.0;49.0;13.0;268.0;27.0;4.0;0.0;2024_2025
1011264;1415942;57296;Catriel Cabellos;19;Perú;Mediocentro;Racing;473.0;6.0;6.0;0.0;4.0;2.0;1.0;1.0;0.0;6.0;3.0;0.0;7.0;0.0;0.0;0.0;1.0;4.0;2.0;3.0;2.0;0.0;7.0;4.0;3.0;15.0;121.0;77.0;20.0;6.0;3.0;67.0;5.0;1.0;0.0;2024_2025
996587;1650465;57782;Misael Sosa;22;Argentina;Mediocentro ofensivo;Dep. Maipú;2722.0;35.0;30.0;13.0;45.0;24.0;0.0;0.0;2.0;33.0;0.0;0.0;156.0;0.0;1.0;1.0;22.0;0.0;0.0;6.0;18.0;0.0;27.0;38.0;5.0;0.0;461.0;261.0;15.0;17.0;52.0;0.0;0.0;4.0;0.0;2024_2025
520457;892073;57741;Gustavo Cazonatti;27;Brasil;Pivote;Tombense;2591.0;32.0;32.0;3.0;29.0;10.0;9.0;10.0;4.0;19.0;4.0;3.0;8.0;0.0;0.0;0.0;0.0;71.0;35.0;38.0;15.0;0.0;40.0;42.0;52.0;119.0;1033.0;840.0;198.0;54.0;1.0;245.0;15.0;8.0;0.0;2024_2025
250055;345779;57741;Christofer Gonzales;31;Perú;Mediocentro ofensivo;Universitario;1269.0;24.0;14.0;2.0;33.0;15.0;15.0;3.0;2.0;18.0;1.0;1.0;9.0;2.0;0.0;0.0;2.0;25.0;8.0;8.0;8.0;0.0;14.0;52.0;13.0;85.0;575.0;492.0;178.0;36.0;7.0;177.0;15.0;2.0;0.0;2024_2025
325454;924860;58264;Franco Romero;29;Uruguay;Defensa central;Nacional;815.0;11.0;7.0;0.0;2.0;0.0;0.0;4.0;0.0;3.0;0.0;0.0;5.0;0.0;0.0;0.0;0.0;0.0;0.0;21.0;17.0;0.0;3.0;0.0;16.0;0.0;525.0;459.0;43.0;52.0;3.0;0.0;0.0;1.0;0.0;2024_2025
325454;924860;57296;Franco Romero;29;Uruguay;Defensa central;Nacional;451.0;6.0;5.0;1.0;4.0;1.0;3.0;0.0;0.0;0.0;0.0;1.0;1.0;0.0;0.0;0.0;0.0;5.0;5.0;19.0;1.0;0.0;3.0;0.0;10.0;6.0;277.0;212.0;22.0;34.0;0.0;71.0;2.0;1.0;0.0;2024_2025
325667;901019;58563;Luis Iberico;26;Perú;Extremo izquierdo;Riga;807.0;17.0;7.0;4.0;23.0;10.0;13.0;0.0;1.0;12.0;0.0;0.0;9.0;0.0;0.0;0.0;3.0;0.0;21.0;6.0;16.0;0.0;16.0;15.0;13.0;0.0;301.0;262.0;17.0;6.0;4.0;0.0;0.0;1.0;0.0;2024_2025
325726;846366;57741;Adrián Ugarriza;27;Perú;Delantero centro;Sport. Cristal;1738.0;25.0;20.0;10.0;51.0;20.0;25.0;6.0;1.0;28.0;3.0;3.0;26.0;2.0;3.0;3.0;7.0;14.0;3.0;7.0;3.0;0.0;17.0;33.0;17.0;72.0;425.0;287.0;140.0;20.0;0.0;274.0;29.0;2.0;0.0;2024_2025
830848;1087004;58043;Ignacio Gariglio;26;Argentina;Defensa central;Delfín SC;1215.0;14.0;14.0;1.0;8.0;3.0;4.0;1.0;0.0;1.0;0.0;1.0;4.0;2.0;0.0;0.0;2.0;16.0;10.0;72.0;6.0;0.0;11.0;10.0;28.0;30.0;389.0;275.0;28.0;40.0;0.0;123.0;0.0;4.0;1.0;2024_2025
830848;1087004;57297;Ignacio Gariglio;26;Argentina;Defensa central;Delfín SC;495.0;6.0;6.0;1.0;6.0;2.0;4.0;0.0;0.0;0.0;0.0;0.0;2.0;0.0;0.0;0.0;0.0;9.0;4.0;25.0;2.0;0.0;5.0;1.0;6.0;12.0;140.0;97.0;9.0;6.0;0.0;52.0;0.0;0.0;0.0;2024_2025
610563;943177;58043;Cristian García;27;Argentina;Pivote;CAI;780.0;10.0;10.0;0.0;1.0;0.0;0.0;1.0;0.0;1.0;0.0;0.0;3.0;0.0;0.0;0.0;0.0;14.0;6.0;11.0;6.0;0.0;24.0;14.0;25.0;31.0;291.0;212.0;53.0;25.0;0.0;91.0;3.0;7.0;0.0;2024_2025
610563;943177;57297;Cristian García;27;Argentina;Pivote;CAI;331.0;4.0;4.0;0.0;0.0;0.0;0.0;0.0;0.0;4.0;0.0;0.0;1.0;0.0;0.0;0.0;1.0;11.0;7.0;3.0;5.0;0.0;7.0;3.0;8.0;15.0;136.0;83.0;20.0;6.0;2.0;62.0;1.0;2.0;0.0;2024_2025
330690;805068;57741;Enmanuel Páucar;27;Perú;Pivote;Ayacucho FC;1439.0;23.0;18.0;0.0;3.0;0.0;2.0;1.0;0.0;15.0;1.0;0.0;1.0;0.0;0.0;0.0;1.0;15.0;4.0;12.0;2.0;0.0;14.0;11.0;6.0;27.0;497.0;434.0;47.0;30.0;1.0;93.0;14.0;3.0;0.0;2024_2025
249975;339843;57741;Aldair Rodríguez;29;Perú;Delantero centro;Cienciano;2008.0;32.0;22.0;2.0;26.0;6.0;14.0;6.0;4.0;29.0;7.0;1.0;26.0;0.0;0.0;0.0;8.0;15.0;6.0;13.0;8.0;0.0;26.0;52.0;28.0;90.0;606.0;473.0;183.0;19.0;13.0;307.0;32.0;11.0;0.0;2024_2025
741727;1018255;57741;Orlando Núñez;24;Perú;Lateral izquierdo;César Vallejo;809.0;11.0;10.0;0.0;1.0;0.0;0.0;1.0;1.0;7.0;1.0;0.0;7.0;0.0;0.0;0.0;2.0;16.0;4.0;10.0;6.0;0.0;5.0;25.0;1.0;48.0;270.0;210.0;47.0;18.0;5.0;122.0;3.0;1.0;0.0;2024_2025
483714;883296;57741;Kevin Sandoval;27;Perú;Extremo izquierdo;FBC Melgar;305.0;12.0;3.0;1.0;17.0;5.0;5.0;7.0;1.0;9.0;2.0;1.0;2.0;1.0;0.0;0.0;1.0;1.0;0.0;0.0;1.0;0.0;5.0;7.0;3.0;10.0;90.0;75.0;34.0;1.0;3.0;50.0;4.0;0.0;0.0;2024_2025
909314;1129485;57478;Ezequiel Naya;22;Argentina;Delantero centro;Estudiantes LP;719.0;15.0;7.0;1.0;13.0;5.0;7.0;1.0;0.0;8.0;0.0;3.0;3.0;0.0;0.0;0.0;11.0;8.0;0.0;6.0;3.0;0.0;23.0;16.0;37.0;26.0;170.0;101.0;27.0;2.0;1.0;98.0;2.0;1.0;0.0;2024_2025
540304;897102;57782;Nicolás Gómez;28;Argentina;Mediocentro;Ferro;2293.0;31.0;28.0;1.0;13.0;5.0;0.0;7.0;2.0;8.0;0.0;0.0;33.0;0.0;0.0;0.0;1.0;0.0;0.0;35.0;74.0;0.0;42.0;46.0;37.0;0.0;795.0;601.0;109.0;78.0;0.0;0.0;0.0;9.0;0.0;2024_2025
662699;973664;57741;Yuriel Celi;22;Perú;Mediocentro ofensivo;Universitario;173.0;10.0;1.0;1.0;7.0;2.0;3.0;2.0;0.0;0.0;0.0;0.0;3.0;0.0;1.0;1.0;0.0;5.0;0.0;0.0;2.0;0.0;4.0;5.0;1.0;13.0;76.0;49.0;25.0;4.0;0.0;44.0;2.0;1.0;0.0;2024_2025
817656;1068656;57741;Alonso Yovera;23;Perú;Lateral izquierdo;Sin equipo;392.0;8.0;4.0;0.0;0.0;0.0;0.0;0.0;0.0;0.0;0.0;0.0;1.0;0.0;0.0;0.0;0.0;7.0;5.0;13.0;3.0;1.0;7.0;2.0;5.0;10.0;112.0;79.0;11.0;9.0;0.0;46.0;0.0;1.0;0.0;2024_2025
265590;146410;58194;Danilo Ortiz;31;Paraguay;Defensa central;Wanderers;1532.0;21.0;17.0;0.0;11.0;2.0;0.0;14.0;0.0;2.0;0.0;0.0;1.0;0.0;0.0;0.0;7.0;0.0;0.0;60.0;46.0;0.0;18.0;2.0;72.0;0.0;809.0;671.0;59.0;84.0;5.0;0.0;0.0;4.0;0.0;2024_2025
662706;1049077;57741;Sebastián Cavero;22;Perú;Lateral izquierdo;FBC Melgar;435.0;10.0;4.0;0.0;4.0;0.0;0.0;4.0;1.0;6.0;1.0;0.0;2.0;0.0;0.0;0.0;3.0;13.0;5.0;7.0;5.0;0.0;9.0;2.0;4.0;17.0;157.0;121.0;50.0;2.0;2.0;67.0;2.0;2.0;0.0;2024_2025
127459;169935;57741;Osnar Noronha;32;Perú;Delantero centro;César Vallejo;1133.0;30.0;9.0;2.0;18.0;9.0;6.0;3.0;1.0;11.0;1.0;1.0;10.0;0.0;1.0;1.0;6.0;10.0;0.0;5.0;1.0;1.0;16.0;17.0;18.0;36.0;249.0;180.0;79.0;8.0;2.0;135.0;14.0;4.0;0.0;2024_2025
531624;924725;57741;Santiago Arias;29;Uruguay;Pivote;Alianza Atl.;2102.0;31.0;23.0;0.0;29.0;8.0;8.0;13.0;0.0;31.0;3.0;0.0;11.0;0.0;0.0;0.0;1.0;37.0;18.0;23.0;19.0;0.0;43.0;50.0;12.0;98.0;871.0;681.0;158.0;57.0;14.0;269.0;15.0;9.0;1.0;2024_2025
422855;883329;57741;Luis Benites;27;Perú;Extremo izquierdo;Sport Huancayo;596.0;24.0;3.0;2.0;25.0;10.0;12.0;3.0;0.0;16.0;1.0;3.0;4.0;0.0;1.0;0.0;1.0;8.0;4.0;1.0;6.0;0.0;6.0;15.0;0.0;27.0;313.0;259.0;80.0;17.0;6.0;98.0;15.0;1.0;1.0;2024_2025
124244;122618;57741;Leonel Galeano;32;Argentina;Defensa central;FBC Melgar;2658.0;31.0;31.0;2.0;20.0;6.0;12.0;2.0;0.0;5.0;1.0;1.0;1.0;0.0;0.0;0.0;1.0;42.0;39.0;83.0;6.0;2.0;29.0;11.0;49.0;54.0;1236.0;974.0;139.0;223.0;1.0;281.0;0.0;7.0;1.0;2024_2025
246548;333585;57741;Maximiliano Amondarain;31;Uruguay;Defensa central;Sport Boys;2087.0;26.0;23.0;0.0;16.0;6.0;8.0;2.0;2.0;5.0;2.0;0.0;2.0;0.0;0.0;0.0;0.0;17.0;41.0;103.0;10.0;0.0;24.0;13.0;72.0;31.0;895.0;647.0;56.0;89.0;1.0;271.0;5.0;6.0;1.0;2024_2025
279057;974136;57741;Beto da Silva;27;Perú;Extremo izquierdo;FBC Melgar;1711.0;24.0;21.0;3.0;36.0;11.0;19.0;6.0;0.0;12.0;1.0;1.0;11.0;1.0;0.0;0.0;2.0;9.0;8.0;10.0;6.0;0.0;25.0;32.0;29.0;52.0;404.0;297.0;131.0;8.0;4.0;216.0;20.0;5.0;1.0;2024_2025
180911;588630;58043;João Ortiz;33;Perú;Lateral izquierdo;Dep. Municipal;2444.0;29.0;27.0;1.0;30.0;6.0;12.0;12.0;3.0;29.0;0.0;0.0;18.0;0.0;0.0;0.0;0.0;30.0;27.0;17.0;11.0;0.0;20.0;32.0;22.0;80.0;1536.0;1391.0;326.0;105.0;2.0;225.0;21.0;0.0;0.0;2024_2025
482452;922007;57741;Jimmy Valoyes;37;Colombia;Defensa central;UTC;2723.0;33.0;30.0;1.0;29.0;4.0;19.0;6.0;1.0;14.0;1.0;1.0;7.0;0.0;0.0;0.0;0.0;41.0;28.0;128.0;12.0;2.0;27.0;27.0;81.0;74.0;1034.0;743.0;117.0;127.0;2.0;362.0;9.0;4.0;0.0;2024_2025
537255;895364;57741;Gaspar Gentile;29;Argentina;Extremo izquierdo;Dep. Garcilaso;2630.0;34.0;30.0;5.0;78.0;31.0;32.0;15.0;4.0;53.0;8.0;5.0;25.0;1.0;0.0;0.0;21.0;34.0;13.0;6.0;19.0;1.0;27.0;34.0;4.0;93.0;602.0;429.0;198.0;33.0;27.0;385.0;36.0;3.0;0.0;2024_2025
810550;1065267;57741;Adrián Ascues;21;Perú;Mediocentro;Sport. Cristal;140.0;9.0;0.0;0.0;3.0;0.0;2.0;1.0;0.0;1.0;0.0;0.0;3.0;0.0;0.0;0.0;0.0;4.0;2.0;2.0;2.0;0.0;7.0;5.0;1.0;12.0;65.0;48.0;14.0;6.0;3.0;27.0;0.0;1.0;0.0;2024_2025
480526;960215;57741;Rudy Palomino;25;Perú;Pivote;Los Chankas;1346.0;24.0;13.0;2.0;18.0;6.0;6.0;6.0;1.0;10.0;1.0;0.0;4.0;0.0;0.0;0.0;0.0;29.0;15.0;14.0;18.0;1.0;25.0;12.0;7.0;44.0;578.0;483.0;101.0;59.0;1.0;117.0;5.0;5.0;0.0;2024_2025
438000;924762;59015;Agustín González;27;Uruguay;Mediocentro;Liverpool FC;1038.0;14.0;13.0;0.0;24.0;6.0;10.0;8.0;1.0;20.0;1.0;1.0;5.0;0.0;0.0;0.0;0.0;15.0;12.0;5.0;7.0;0.0;13.0;33.0;1.0;53.0;385.0;288.0;100.0;16.0;9.0;182.0;9.0;1.0;0.0;2024_2025
438000;924762;58264;Agustín González;27;Uruguay;Mediocentro;Liverpool FC;1033.0;17.0;12.0;0.0;28.0;10.0;0.0;0.0;0.0;15.0;0.0;0.0;33.0;0.0;0.0;0.0;0.0;0.0;0.0;5.0;28.0;0.0;18.0;41.0;5.0;0.0;434.0;328.0;69.0;38.0;5.0;0.0;0.0;3.0;0.0;2024_2025
104104;125122;57741;Alejandro Ramírez;32;Perú;Extremo izquierdo;César Vallejo;965.0;23.0;10.0;3.0;24.0;10.0;9.0;5.0;1.0;11.0;3.0;1.0;5.0;1.0;0.0;0.0;2.0;8.0;3.0;10.0;6.0;0.0;4.0;10.0;6.0;23.0;322.0;276.0;101.0;19.0;2.0;120.0;16.0;0.0;0.0;2024_2025
95280;47447;57741;Christian Cueva;32;Perú;Mediocentro ofensivo;Sin equipo;322.0;8.0;4.0;1.0;4.0;1.0;3.0;0.0;0.0;13.0;0.0;0.0;2.0;0.0;0.0;0.0;1.0;1.0;1.0;0.0;0.0;0.0;4.0;13.0;1.0;16.0;150.0;126.0;46.0;10.0;3.0;43.0;1.0;1.0;0.0;2024_2025
437964;839368;57782;Tomás Sandoval;25;Argentina;Delantero centro;Colón;136.0;2.0;2.0;0.0;3.0;2.0;0.0;0.0;0.0;0.0;0.0;0.0;1.0;0.0;0.0;0.0;4.0;0.0;0.0;1.0;0.0;0.0;2.0;2.0;2.0;0.0;17.0;10.0;0.0;1.0;1.0;0.0;0.0;0.0;0.0;2024_2025
437964;839368;48079;Tomás Sandoval;25;Argentina;Delantero centro;Colón;985.0;24.0;8.0;4.0;15.0;8.0;0.0;4.0;0.0;3.0;0.0;0.0;7.0;0.0;0.0;0.0;6.0;0.0;0.0;8.0;4.0;0.0;32.0;10.0;21.0;0.0;142.0;83.0;9.0;2.0;2.0;0.0;0.0;1.0;1.0;2024_2025
527625;892669;57741;Christopher Olivares;25;Perú;Delantero centro;Universitario;274.0;10.0;1.0;2.0;11.0;4.0;5.0;2.0;0.0;3.0;0.0;1.0;4.0;0.0;0.0;0.0;2.0;3.0;0.0;4.0;2.0;0.0;6.0;4.0;2.0;11.0;49.0;36.0;16.0;0.0;0.0;36.0;7.0;1.0;0.0;2024_2025
174042;250339;57883;Juan Garro;31;Argentina;Extremo derecho;Palestino;303.0;8.0;2.0;0.0;6.0;2.0;3.0;1.0;0.0;6.0;0.0;1.0;4.0;0.0;0.0;0.0;1.0;2.0;0.0;2.0;1.0;0.0;7.0;9.0;8.0;15.0;78.0;50.0;22.0;3.0;1.0;48.0;2.0;0.0;0.0;2024_2025
174042;250339;53223;Juan Garro;31;Argentina;Extremo derecho;Palestino;385.0;13.0;2.0;1.0;9.0;3.0;5.0;1.0;1.0;3.0;0.0;2.0;2.0;0.0;0.0;0.0;2.0;4.0;1.0;2.0;4.0;0.0;6.0;11.0;7.0;17.0;84.0;60.0;25.0;1.0;0.0;49.0;7.0;0.0;1.0;2024_2025
433698;887125;57741;José Bolívar;24;Perú;Lateral izquierdo;Universitario;1114.0;15.0;14.0;0.0;5.0;1.0;3.0;1.0;0.0;7.0;0.0;0.0;7.0;0.0;0.0;0.0;1.0;28.0;11.0;32.0;2.0;0.0;13.0;10.0;10.0;45.0;481.0;357.0;95.0;25.0;6.0;209.0;10.0;3.0;0.0;2024_2025
129724;107625;57317;Raúl Ruidíaz;33;Perú;Delantero centro;Sin equipo;1511.0;28.0;15.0;8.0;85.0;32.0;29.0;24.0;0.0;15.0;1.0;7.0;17.0;0.0;4.0;4.0;6.0;8.0;1.0;7.0;5.0;0.0;16.0;19.0;17.0;42.0;414.0;356.0;153.0;16.0;1.0;171.0;18.0;3.0;0.0;2024_2025
294886;1121487;57694;Carlos Pimienta;32;Uruguay;Defensa central;I. de Barinas;720.0;8.0;8.0;0.0;4.0;0.0;2.0;2.0;0.0;0.0;0.0;0.0;1.0;0.0;0.0;0.0;1.0;12.0;5.0;28.0;6.0;0.0;15.0;5.0;11.0;18.0;260.0;209.0;24.0;29.0;0.0;55.0;0.0;2.0;0.0;2024_2025
725453;991108;57782;Héctor González;31;Argentina;Defensa central;San Telmo;3396.0;39.0;39.0;1.0;9.0;1.0;0.0;12.0;0.0;5.0;0.0;0.0;16.0;0.0;0.0;0.0;1.0;0.0;0.0;146.0;79.0;0.0;31.0;30.0;165.0;0.0;1821.0;1505.0;131.0;172.0;1.0;0.0;0.0;7.0;1.0;2024_2025
965449;1170641;48078;Jorge Palomino;28;Perú;Pivote;AD Tarma;1364.0;21.0;17.0;1.0;4.0;1.0;3.0;0.0;2.0;17.0;1.0;0.0;6.0;0.0;0.0;0.0;1.0;35.0;27.0;13.0;16.0;0.0;45.0;11.0;13.0;52.0;426.0;339.0;76.0;28.0;0.0;117.0;11.0;5.0;0.0;2024_2025
965449;1170641;57741;Jorge Palomino;28;Perú;Pivote;AD Tarma;155.0;14.0;0.0;0.0;2.0;1.0;1.0;0.0;0.0;2.0;0.0;1.0;1.0;0.0;0.0;0.0;0.0;6.0;1.0;2.0;0.0;0.0;5.0;4.0;1.0;11.0;49.0;41.0;9.0;1.0;1.0;9.0;0.0;2.0;0.0;2024_2025
740319;1016974;48078;Ayrthon Quintana;23;Perú;Lateral izquierdo;Sport Boys;1954.0;30.0;22.0;0.0;23.0;7.0;16.0;0.0;1.0;22.0;1.0;0.0;20.0;0.0;0.0;0.0;3.0;57.0;22.0;21.0;22.0;0.0;28.0;29.0;8.0;106.0;740.0;566.0;121.0;44.0;14.0;316.0;20.0;6.0;1.0;2024_2025
739725;1001106;57741;Mathías Carpio;21;Perú;Extremo izquierdo;FC San Marcos;76.0;3.0;0.0;0.0;1.0;0.0;0.0;1.0;0.0;1.0;0.0;0.0;1.0;0.0;0.0;0.0;0.0;0.0;0.0;0.0;0.0;0.0;1.0;4.0;0.0;5.0;27.0;19.0;13.0;4.0;0.0;20.0;2.0;0.0;0.0;2024_2025
739725;1001106;48078;Mathías Carpio;21;Perú;Extremo izquierdo;FC San Marcos;582.0;13.0;8.0;0.0;4.0;0.0;1.0;3.0;0.0;4.0;1.0;0.0;10.0;0.0;0.0;0.0;0.0;1.0;4.0;1.0;4.0;0.0;3.0;14.0;4.0;25.0;201.0;158.0;72.0;6.0;0.0;97.0;16.0;2.0;0.0;2024_2025
486641;879628;57741;Jordan Guivin;26;Perú;Mediocentro;Cienciano;943.0;21.0;9.0;0.0;12.0;3.0;5.0;4.0;0.0;8.0;1.0;1.0;1.0;0.0;0.0;0.0;0.0;11.0;9.0;7.0;3.0;0.0;9.0;10.0;0.0;22.0;414.0;353.0;90.0;19.0;2.0;98.0;5.0;1.0;0.0;2024_2025
447932;883720;57741;Christian Velarde;26;Perú;Pivote;CA Mannucci;327.0;10.0;4.0;0.0;3.0;0.0;3.0;0.0;0.0;2.0;0.0;0.0;3.0;0.0;0.0;0.0;0.0;11.0;11.0;8.0;5.0;0.0;10.0;10.0;8.0;24.0;128.0;91.0;23.0;5.0;1.0;56.0;5.0;2.0;0.0;2024_2025
87508;991202;57741;Pablo Bueno;34;Argentina;Delantero centro;Sport Boys;2352.0;29.0;26.0;11.0;68.0;26.0;30.0;12.0;1.0;15.0;1.0;2.0;10.0;0.0;2.0;2.0;7.0;15.0;4.0;33.0;7.0;0.0;35.0;47.0;77.0;70.0;496.0;285.0;94.0;12.0;1.0;315.0;23.0;4.0;0.0;2024_2025
491569;936165;57741;Leonardo Mifflin;24;Perú;Pivote;Cienciano;450.0;10.0;4.0;0.0;3.0;0.0;2.0;1.0;0.0;1.0;0.0;0.0;0.0;0.0;0.0;0.0;0.0;6.0;4.0;10.0;6.0;1.0;10.0;1.0;3.0;7.0;157.0;129.0;14.0;12.0;0.0;33.0;0.0;1.0;1.0;2024_2025
654296;973547;57741;Franco Saravia;25;Perú;Portero;Alianza Lima;744.0;9.0;9.0;0.0;0.0;0.0;0.0;0.0;0.0;1.0;0.0;0.0;0.0;0.0;0.0;0.0;0.0;0.0;0.0;1.0;0.0;0.0;2.0;0.0;0.0;0.0;149.0;113.0;3.0;34.0;0.0;36.0;0.0;1.0;2.0;2024_2025
873510;1098306;57782;Franco Torres;27;Argentina;Mediocentro ofensivo;Acassuso;2593.0;38.0;29.0;4.0;66.0;26.0;0.0;4.0;3.0;42.0;0.0;0.0;82.0;0.0;3.0;1.0;10.0;0.0;0.0;13.0;29.0;0.0;53.0;85.0;12.0;0.0;689.0;472.0;66.0;25.0;18.0;0.0;0.0;5.0;0.0;2024_2025
906422;1173448;57374;Isaac Camargo;24;Colombia;Delantero centro;Unión Magdalena;328.0;6.0;5.0;1.0;5.0;1.0;1.0;3.0;1.0;4.0;0.0;0.0;3.0;1.0;1.0;1.0;1.0;4.0;0.0;2.0;5.0;0.0;5.0;1.0;3.0;8.0;87.0;69.0;16.0;0.0;0.0;39.0;8.0;0.0;0.0;2024_2025
906422;1173448;63819;Isaac Camargo;24;Colombia;Delantero centro;Unión Magdalena;166.0;8.0;1.0;0.0;4.0;0.0;3.0;1.0;0.0;2.0;0.0;0.0;2.0;0.0;0.0;0.0;0.0;1.0;0.0;1.0;0.0;0.0;1.0;1.0;2.0;4.0;31.0;24.0;7.0;2.0;0.0;20.0;1.0;0.0;0.0;2024_2025
657221;975853;57741;Rotceh Aguilar;23;Perú;Defensa central;Sin equipo;299.0;6.0;3.0;0.0;2.0;1.0;1.0;0.0;0.0;0.0;0.0;0.0;1.0;0.0;0.0;0.0;0.0;1.0;1.0;10.0;1.0;0.0;2.0;9.0;1.0;11.0;74.0;60.0;8.0;10.0;0.0;17.0;0.0;0.0;0.0;2024_2025
224677;588144;57741;Jhonny Vidales;32;Perú;Delantero centro;CA Mannucci;1916.0;32.0;24.0;2.0;20.0;11.0;5.0;4.0;2.0;35.0;5.0;0.0;20.0;0.0;0.0;0.0;5.0;18.0;9.0;15.0;15.0;0.0;24.0;15.0;18.0;53.0;631.0;453.0;180.0;17.0;10.0;337.0;33.0;3.0;0.0;2024_2025
665116;978545;57741;Axel Moyano;23;Perú;Pivote;Alianza Lima;156.0;10.0;0.0;0.0;1.0;0.0;1.0;0.0;0.0;3.0;0.0;0.0;0.0;0.0;0.0;0.0;0.0;9.0;0.0;2.0;0.0;0.0;9.0;1.0;0.0;10.0;68.0;62.0;15.0;4.0;2.0;10.0;2.0;2.0;1.0;2024_2025
189283;220921;57741;Carlos Ascues;32;Perú;Defensa central;César Vallejo;2466.0;28.0;28.0;1.0;12.0;4.0;6.0;2.0;1.0;11.0;1.0;0.0;8.0;0.0;0.0;0.0;2.0;27.0;29.0;99.0;6.0;1.0;29.0;10.0;29.0;45.0;1312.0;1061.0;132.0;149.0;0.0;294.0;10.0;2.0;1.0;2024_2025
662709;988298;57741;Óscar Pinto;22;Perú;Extremo izquierdo;Alianza Lima;1883.0;32.0;24.0;2.0;37.0;10.0;17.0;10.0;2.0;18.0;1.0;1.0;48.0;0.0;1.0;1.0;1.0;20.0;8.0;6.0;9.0;1.0;34.0;38.0;13.0;106.0;376.0;299.0;94.0;13.0;13.0;295.0;40.0;2.0;0.0;2024_2025
335217;883397;57741;Gerson Barreto;28;Perú;Mediocentro;Ayacucho FC;1674.0;29.0;19.0;0.0;19.0;4.0;10.0;5.0;1.0;11.0;3.0;0.0;8.0;0.0;0.0;0.0;1.0;34.0;16.0;18.0;14.0;0.0;31.0;18.0;12.0;59.0;778.0;639.0;127.0;49.0;5.0;215.0;16.0;2.0;1.0;2024_2025
95852;123238;57741;Luis Álvarez;34;Perú;Pivote;Atlético Grau;972.0;17.0;11.0;0.0;7.0;2.0;2.0;3.0;1.0;7.0;0.0;1.0;1.0;0.0;0.0;0.0;0.0;9.0;16.0;12.0;6.0;0.0;16.0;7.0;13.0;17.0;443.0;363.0;75.0;26.0;3.0;107.0;5.0;0.0;0.0;2024_2025
375178;805270;57741;Paolo Fuentes;28;Perú;Defensa central;Cienciano;1864.0;23.0;23.0;2.0;10.0;5.0;3.0;2.0;0.0;3.0;0.0;0.0;3.0;0.0;0.0;0.0;0.0;19.0;21.0;91.0;4.0;0.0;21.0;14.0;36.0;36.0;850.0;706.0;36.0;87.0;0.0;155.0;1.0;6.0;1.0;2024_2025
239623;585102;57741;Adrián Fernández;31;Paraguay;Delantero centro;Alianza Atl.;2321.0;30.0;28.0;6.0;74.0;28.0;36.0;10.0;2.0;30.0;2.0;10.0;13.0;3.0;6.0;2.0;12.0;6.0;3.0;39.0;6.0;0.0;35.0;43.0;95.0;62.0;512.0;316.0;115.0;20.0;1.0;315.0;20.0;10.0;0.0;2024_2025
458603;924736;57741;Mauro Da Luz;29;Uruguay;Extremo derecho;AD 9 de Octubre;2006.0;28.0;27.0;10.0;54.0;26.0;23.0;5.0;1.0;23.0;2.0;6.0;17.0;1.0;1.0;0.0;15.0;20.0;10.0;11.0;8.0;0.0;24.0;25.0;32.0;62.0;400.0;275.0;136.0;18.0;17.0;267.0;28.0;1.0;0.0;2024_2025
752977;878754;57741;Ademar Robles;29;Perú;Mediocentro;Los Chankas;913.0;29.0;6.0;1.0;11.0;3.0;5.0;3.0;3.0;24.0;5.0;0.0;7.0;0.0;0.0;0.0;1.0;17.0;8.0;7.0;12.0;0.0;8.0;9.0;5.0;33.0;555.0;459.0;143.0;66.0;17.0;149.0;9.0;1.0;0.0;2024_2025
477378;883396;57741;Carlos Cabello;26;Perú;Lateral derecho;César Vallejo;960.0;17.0;10.0;0.0;13.0;2.0;6.0;5.0;1.0;7.0;0.0;1.0;6.0;0.0;0.0;0.0;0.0;31.0;16.0;24.0;9.0;1.0;9.0;15.0;6.0;52.0;378.0;265.0;68.0;32.0;8.0;180.0;8.0;2.0;0.0;2024_2025
671879;1049088;57741;Erick Gonzales;28;Perú;Pivote;Dep. Garcilaso;1194.0;25.0;11.0;0.0;8.0;2.0;5.0;1.0;1.0;3.0;1.0;0.0;4.0;0.0;0.0;0.0;1.0;15.0;9.0;17.0;4.0;0.0;30.0;11.0;11.0;30.0;337.0;234.0;46.0;28.0;1.0;126.0;6.0;5.0;0.0;2024_2025
981411;1199271;57741;Juan Carlos Gonzáles;20;Perú;Extremo derecho;AD Tarma;1116.0;30.0;7.0;4.0;28.0;14.0;6.0;8.0;3.0;18.0;4.0;0.0;14.0;0.0;0.0;0.0;0.0;11.0;3.0;5.0;4.0;0.0;13.0;26.0;7.0;51.0;373.0;307.0;134.0;12.0;12.0;172.0;18.0;0.0;0.0;2024_2025
621026;929014;57741;Oslimg Mora;25;Perú;Lateral derecho;Atlético Grau;382.0;5.0;5.0;0.0;10.0;0.0;9.0;1.0;1.0;8.0;1.0;0.0;3.0;0.0;0.0;0.0;0.0;1.0;2.0;0.0;1.0;0.0;3.0;7.0;0.0;11.0;107.0;90.0;46.0;7.0;2.0;44.0;5.0;0.0;0.0;2024_2025
347750;777249;57782;Hernán Da Campo;29;Argentina;Mediocentro;Temperley;2609.0;34.0;30.0;0.0;28.0;8.0;0.0;11.0;0.0;5.0;0.0;0.0;36.0;0.0;0.0;0.0;1.0;0.0;0.0;47.0;77.0;0.0;53.0;52.0;69.0;0.0;1054.0;792.0;119.0;72.0;8.0;0.0;0.0;9.0;0.0;2024_2025
936044;1526674;57741;Matías Almirón;28;Uruguay;Defensa central;Comerciantes;2284.0;27.0;26.0;1.0;16.0;2.0;12.0;2.0;0.0;5.0;0.0;1.0;3.0;0.0;0.0;0.0;2.0;26.0;37.0;134.0;9.0;0.0;22.0;20.0;51.0;48.0;884.0;645.0;59.0;119.0;0.0;262.0;6.0;8.0;0.0;2024_2025
334082;584002;57782;Rodrigo Colombo;31;Argentina;Defensa central;Atl. Rafaela;1671.0;21.0;18.0;1.0;14.0;9.0;0.0;5.0;0.0;1.0;0.0;0.0;4.0;0.0;0.0;0.0;2.0;0.0;0.0;59.0;33.0;0.0;16.0;6.0;58.0;0.0;462.0;336.0;54.0;68.0;1.0;0.0;0.0;6.0;1.0;2024_2025
212434;830663;48078;Alejandro Hohberg;32;Perú;Extremo izquierdo;Sport. Cristal;1723.0;31.0;21.0;11.0;51.0;26.0;19.0;6.0;5.0;38.0;8.0;5.0;17.0;0.0;2.0;2.0;21.0;13.0;7.0;4.0;16.0;0.0;22.0;30.0;6.0;60.0;482.0;388.0;178.0;47.0;23.0;276.0;23.0;3.0;0.0;2024_2025
285679;846474;57741;Luis Urruti;31;Uruguay;Extremo izquierdo;CA Mannucci;1830.0;25.0;22.0;7.0;72.0;22.0;34.0;16.0;4.0;40.0;5.0;2.0;9.0;0.0;0.0;0.0;3.0;13.0;4.0;0.0;5.0;0.0;27.0;47.0;6.0;69.0;446.0;310.0;130.0;20.0;23.0;250.0;14.0;3.0;0.0;2024_2025
579734;924574;57741;Carlos López;29;Colombia;Extremo derecho;Los Chankas;2838.0;34.0;32.0;11.0;39.0;19.0;15.0;5.0;11.0;98.0;15.0;1.0;37.0;0.0;4.0;4.0;4.0;18.0;2.0;17.0;18.0;0.0;15.0;38.0;7.0;93.0;996.0;746.0;354.0;38.0;83.0;580.0;30.0;4.0;0.0;2024_2025
284728;340529;53021;Luciano Nequecaur;31;Argentina;Delantero centro;Venados FC ;880.0;15.0;11.0;7.0;0.0;0.0;0.0;0.0;0.0;0.0;0.0;0.0;0.0;0.0;0.0;1.0;0.0;0.0;0.0;0.0;0.0;0.0;0.0;0.0;0.0;0.0;0.0;0.0;0.0;0.0;0.0;0.0;0.0;1.0;1.0;2024_2025
187161;560054;57741;Hansell Riojas;32;Perú;Defensa central;Unión Comercio;900.0;10.0;10.0;0.0;4.0;1.0;2.0;1.0;0.0;2.0;0.0;0.0;1.0;0.0;0.0;0.0;1.0;14.0;15.0;31.0;3.0;1.0;8.0;8.0;21.0;22.0;460.0;338.0;48.0;62.0;1.0;136.0;1.0;3.0;0.0;2024_2025
909475;1159659;57741;Sebastián Aranda;20;Perú;Lateral izquierdo;Alianza Lima;739.0;11.0;8.0;0.0;2.0;1.0;1.0;0.0;0.0;1.0;1.0;0.0;4.0;0.0;0.0;0.0;2.0;8.0;7.0;17.0;5.0;0.0;10.0;17.0;13.0;29.0;250.0;191.0;26.0;13.0;1.0;107.0;5.0;2.0;0.0;2024_2025
457062;932888;58043;Alejandro Altuna;32;Argentina;Pivote;Cumbayá FC;1115.0;18.0;12.0;0.0;13.0;1.0;7.0;5.0;0.0;6.0;0.0;0.0;6.0;0.0;0.0;0.0;0.0;18.0;9.0;23.0;9.0;0.0;13.0;15.0;13.0;39.0;587.0;490.0;70.0;37.0;0.0;124.0;6.0;4.0;0.0;2024_2025
84506;47439;57741;Christian Ramos;35;Perú;Defensa central;Alianza Lima;1138.0;15.0;13.0;0.0;3.0;0.0;1.0;2.0;0.0;2.0;0.0;0.0;3.0;0.0;0.0;0.0;0.0;14.0;10.0;72.0;3.0;0.0;7.0;7.0;18.0;23.0;401.0;311.0;32.0;51.0;0.0;95.0;0.0;2.0;1.0;2024_2025
375353;1131302;57741;Cristian Mejía;31;Perú;Mediocentro;Los Chankas;2268.0;27.0;25.0;1.0;17.0;6.0;6.0;5.0;1.0;13.0;1.0;0.0;3.0;0.0;0.0;0.0;1.0;27.0;13.0;29.0;10.0;1.0;24.0;10.0;10.0;40.0;859.0;716.0;145.0;59.0;0.0;196.0;10.0;4.0;0.0;2024_2025
441758;879621;57741;José Luján;27;Perú;Defensa central;Los Chankas;596.0;11.0;6.0;0.0;5.0;1.0;4.0;0.0;0.0;0.0;0.0;0.0;0.0;0.0;0.0;0.0;0.0;7.0;6.0;26.0;4.0;1.0;6.0;5.0;8.0;12.0;215.0;161.0;14.0;26.0;0.0;67.0;2.0;2.0;0.0;2024_2025
460343;869989;57374;Geimer Balanta;31;Colombia;Extremo derecho;Boyacá Chicó;921.0;13.0;12.0;2.0;16.0;3.0;7.0;6.0;1.0;9.0;0.0;0.0;26.0;1.0;1.0;1.0;2.0;3.0;1.0;9.0;1.0;0.0;6.0;30.0;8.0;59.0;351.0;298.0;126.0;14.0;6.0;134.0;17.0;2.0;0.0;2024_2025
894880;1415941;57741;André Vasquez;21;Perú;Mediocentro ofensivo;FBC Melgar;1099.0;21.0;15.0;0.0;24.0;4.0;11.0;9.0;2.0;16.0;1.0;0.0;4.0;0.0;0.0;0.0;2.0;20.0;10.0;6.0;6.0;0.0;18.0;20.0;8.0;43.0;463.0;368.0;124.0;16.0;9.0;161.0;16.0;4.0;0.0;2024_2025
784508;1110305;57741;Leonardo de la Cruz;23;Perú;Delantero centro;Alianza Atl.;218.0;10.0;2.0;0.0;3.0;2.0;0.0;1.0;0.0;1.0;0.0;0.0;1.0;0.0;0.0;0.0;1.0;1.0;0.0;1.0;3.0;0.0;6.0;7.0;4.0;8.0;30.0;19.0;6.0;1.0;0.0;17.0;2.0;1.0;0.0;2024_2025
491560;975540;57741;Freddy Oncoy;23;Perú;Mediocentro;FBC Melgar;1096.0;26.0;9.0;3.0;11.0;5.0;4.0;2.0;0.0;4.0;0.0;0.0;4.0;0.0;0.0;0.0;1.0;24.0;6.0;12.0;8.0;1.0;14.0;7.0;23.0;35.0;577.0;458.0;111.0;21.0;1.0;160.0;6.0;1.0;0.0;2024_2025
738469;1020855;57741;Leonardo Rugel;23;Perú;Defensa central;Cienciano;787.0;13.0;8.0;0.0;9.0;0.0;8.0;1.0;0.0;0.0;0.0;2.0;1.0;0.0;0.0;0.0;1.0;4.0;6.0;44.0;3.0;2.0;7.0;3.0;21.0;7.0;405.0;326.0;24.0;51.0;0.0;83.0;0.0;4.0;1.0;2024_2025
641820;933730;57741;Brandon Palacios;26;Perú;Extremo derecho;Sport Boys;1083.0;22.0;10.0;2.0;22.0;7.0;10.0;5.0;1.0;14.0;2.0;1.0;12.0;1.0;0.0;0.0;6.0;19.0;11.0;8.0;18.0;0.0;19.0;25.0;9.0;56.0;267.0;197.0;75.0;15.0;7.0;162.0;16.0;4.0;0.0;2024_2025
473579;876928;57741;Luis Garro;27;Perú;Lateral derecho;Sport Huancayo;1530.0;24.0;17.0;0.0;17.0;3.0;8.0;6.0;0.0;4.0;0.0;0.0;15.0;0.0;0.0;0.0;1.0;21.0;23.0;32.0;8.0;0.0;18.0;26.0;17.0;62.0;590.0;481.0;134.0;19.0;1.0;220.0;10.0;3.0;0.0;2024_2025
356381;873703;57741;Anthony Rosell;29;Perú;Lateral izquierdo;Atlético Grau;251.0;8.0;2.0;0.0;1.0;0.0;0.0;1.0;1.0;3.0;0.0;0.0;1.0;0.0;0.0;0.0;0.0;0.0;1.0;3.0;1.0;0.0;1.0;2.0;3.0;3.0;88.0;61.0;16.0;5.0;2.0;37.0;0.0;0.0;0.0;2024_2025
891814;1120472;57741;Flavio Alcedo;21;Perú;Defensa central;Sport. Cristal;1647.0;20.0;19.0;0.0;5.0;1.0;4.0;0.0;1.0;3.0;1.0;0.0;5.0;0.0;0.0;0.0;1.0;25.0;15.0;58.0;5.0;1.0;27.0;12.0;31.0;41.0;567.0;405.0;63.0;58.0;0.0;203.0;2.0;3.0;1.0;2024_2025
320749;385418;57741;Joaquín Aguirre;28;Perú;Lateral izquierdo;Sin equipo;723.0;9.0;8.0;0.0;0.0;0.0;0.0;0.0;0.0;7.0;0.0;0.0;1.0;1.0;0.0;0.0;0.0;16.0;4.0;21.0;8.0;0.0;2.0;1.0;6.0;18.0;276.0;211.0;37.0;24.0;5.0;92.0;3.0;2.0;0.0;2024_2025
447934;882837;57741;Roberto Villamarín;26;Perú;Lateral derecho;Sin equipo;1014.0;14.0;11.0;0.0;11.0;4.0;5.0;2.0;1.0;6.0;0.0;1.0;8.0;0.0;0.0;0.0;0.0;16.0;8.0;21.0;3.0;0.0;20.0;7.0;11.0;31.0;318.0;244.0;64.0;19.0;8.0;143.0;9.0;3.0;0.0;2024_2025
422934;876931;57741;Erinson Ramírez;26;Perú;Mediocentro ofensivo;AD Tarma;1035.0;15.0;12.0;1.0;26.0;6.0;14.0;6.0;0.0;16.0;1.0;0.0;7.0;0.0;0.0;0.0;0.0;9.0;3.0;7.0;2.0;0.0;1.0;6.0;10.0;22.0;279.0;205.0;77.0;23.0;10.0;141.0;6.0;0.0;0.0;2024_2025
639764;965761;57741;Piero Serra;26;Perú;Pivote;Sin equipo;1406.0;19.0;17.0;0.0;12.0;1.0;5.0;6.0;0.0;5.0;0.0;0.0;2.0;1.0;0.0;0.0;0.0;33.0;21.0;45.0;9.0;0.0;23.0;8.0;12.0;43.0;618.0;475.0;69.0;72.0;0.0;181.0;5.0;4.0;1.0;2024_2025
103817;311524;57741;Iván Santillán;33;Perú;Lateral izquierdo;Comerciantes FC;103.0;2.0;2.0;0.0;0.0;0.0;0.0;0.0;0.0;0.0;0.0;0.0;0.0;0.0;0.0;0.0;0.0;0.0;1.0;3.0;6.0;0.0;3.0;0.0;0.0;0.0;25.0;18.0;3.0;2.0;1.0;11.0;0.0;1.0;0.0;2024_2025
738777;1015696;57741;Tiago Cantoro;23;Perú;Delantero centro;UTC;314.0;20.0;1.0;1.0;15.0;6.0;5.0;4.0;0.0;4.0;1.0;2.0;0.0;0.0;1.0;1.0;1.0;4.0;1.0;0.0;0.0;0.0;9.0;9.0;1.0;13.0;72.0;57.0;11.0;1.0;2.0;45.0;6.0;1.0;1.0;2024_2025
566698;1085447;58264;Emiliano Villar;24;Uruguay;Delantero centro;FAS;567.0;11.0;5.0;1.0;5.0;3.0;0.0;2.0;2.0;6.0;0.0;0.0;13.0;0.0;0.0;0.0;2.0;0.0;0.0;1.0;8.0;0.0;4.0;9.0;5.0;0.0;99.0;63.0;8.0;6.0;0.0;0.0;0.0;1.0;0.0;2024_2025
662695;984882;48078;Arón Sánchez;21;Perú;Defensa central;Tampico Madero;1873.0;21.0;21.0;2.0;9.0;6.0;2.0;1.0;2.0;4.0;1.0;0.0;2.0;0.0;0.0;0.0;2.0;28.0;23.0;74.0;12.0;1.0;18.0;16.0;38.0;45.0;731.0;519.0;37.0;64.0;3.0;251.0;4.0;5.0;0.0;2024_2025
686758;989460;58264;Gustavo Machado;23;Uruguay;Interior derecho;Rampla Jrs;1017.0;22.0;9.0;0.0;16.0;6.0;0.0;1.0;1.0;4.0;0.0;0.0;31.0;0.0;0.0;0.0;2.0;0.0;0.0;5.0;14.0;0.0;18.0;17.0;13.0;0.0;254.0;164.0;16.0;17.0;8.0;0.0;0.0;1.0;0.0;2024_2025
672132;1121321;57297;Cristhian Tizón;28;Uruguay;Extremo izquierdo;Danubio FC;246.0;5.0;3.0;0.0;5.0;2.0;1.0;2.0;0.0;3.0;1.0;0.0;1.0;0.0;0.0;0.0;2.0;4.0;4.0;4.0;2.0;0.0;6.0;3.0;3.0;8.0;71.0;41.0;13.0;2.0;1.0;60.0;4.0;1.0;0.0;2024_2025
672132;1121321;58264;Cristhian Tizón;28;Uruguay;Extremo izquierdo;Danubio FC;1628.0;27.0;17.0;5.0;39.0;10.0;0.0;0.0;1.0;20.0;0.0;0.0;13.0;0.0;0.0;0.0;9.0;0.0;0.0;7.0;15.0;0.0;17.0;19.0;13.0;0.0;408.0;276.0;20.0;22.0;22.0;0.0;0.0;4.0;0.0;2024_2025
480527;973681;57741;Rely Fernández;26;Perú;Extremo derecho;Cusco FC;425.0;21.0;2.0;1.0;5.0;1.0;2.0;2.0;0.0;3.0;0.0;0.0;2.0;0.0;0.0;0.0;2.0;12.0;2.0;1.0;4.0;0.0;17.0;6.0;2.0;20.0;134.0;110.0;34.0;2.0;4.0;75.0;7.0;4.0;0.0;2024_2025
489993;875661;57741;Jorge Toledo;28;Perú;Lateral derecho;Comerciantes;2201.0;30.0;23.0;0.0;8.0;1.0;2.0;5.0;1.0;16.0;2.0;0.0;21.0;0.0;0.0;0.0;0.0;51.0;18.0;63.0;14.0;0.0;28.0;12.0;18.0;83.0;835.0;637.0;96.0;78.0;14.0;335.0;13.0;9.0;0.0;2024_2025
822523;1083668;57741;Fabrizio Roca;22;Perú;Delantero centro;Sport Boys;674.0;23.0;6.0;4.0;16.0;8.0;6.0;2.0;0.0;5.0;0.0;0.0;5.0;0.0;3.0;3.0;3.0;6.0;0.0;6.0;4.0;0.0;7.0;3.0;21.0;14.0;142.0;104.0;38.0;3.0;4.0;67.0;4.0;1.0;0.0;2024_2025
264671;885539;58043;Joffré Escobar;27;Ecuador;Delantero centro;CD Macará;859.0;26.0;7.0;0.0;32.0;8.0;14.0;10.0;1.0;19.0;0.0;1.0;5.0;0.0;0.0;0.0;15.0;6.0;1.0;2.0;3.0;0.0;12.0;22.0;12.0;33.0;198.0;155.0;63.0;6.0;3.0;83.0;11.0;0.0;0.0;2024_2025
515413;874981;57741;Jesús Mendieta;26;Perú;Lateral izquierdo;Alianza Atl.;977.0;22.0;10.0;1.0;21.0;7.0;8.0;6.0;2.0;16.0;3.0;0.0;5.0;0.0;0.0;0.0;0.0;12.0;16.0;20.0;8.0;0.0;17.0;8.0;8.0;25.0;235.0;142.0;63.0;21.0;13.0;161.0;7.0;1.0;0.0;2024_2025
789198;1017747;48078;Benjamín Ampuero;23;Perú;Defensa central;César Vallejo;506.0;9.0;6.0;0.0;2.0;1.0;0.0;1.0;0.0;3.0;0.0;0.0;0.0;0.0;0.0;0.0;0.0;3.0;7.0;16.0;3.0;0.0;9.0;3.0;8.0;6.0;175.0;137.0;15.0;19.0;0.0;42.0;0.0;1.0;1.0;2024_2025
894212;1131133;57741;Otavio Gut;28;Brasil;Defensa central;Sport Huancayo;1459.0;19.0;16.0;0.0;11.0;4.0;3.0;4.0;1.0;9.0;3.0;0.0;6.0;0.0;0.0;0.0;1.0;11.0;15.0;41.0;4.0;0.0;20.0;16.0;31.0;33.0;610.0;502.0;72.0;35.0;0.0;129.0;4.0;5.0;0.0;2024_2025
330691;339481;57741;Aldair Perleche;29;Perú;Lateral derecho;Alianza Atl.;1078.0;25.0;11.0;1.0;4.0;1.0;2.0;1.0;0.0;6.0;0.0;0.0;2.0;0.0;0.0;0.0;1.0;19.0;10.0;26.0;9.0;0.0;16.0;10.0;14.0;31.0;292.0;180.0;58.0;20.0;8.0;193.0;2.0;3.0;2.0;2024_2025
399496;846742;57741;Marcos Lliuya;32;Perú;Mediocentro ofensivo;Sport Huancayo;2906.0;34.0;33.0;3.0;63.0;26.0;23.0;14.0;6.0;90.0;6.0;1.0;40.0;0.0;0.0;0.0;0.0;18.0;8.0;3.0;13.0;0.0;12.0;43.0;4.0;101.0;2093.0;1790.0;729.0;215.0;30.0;516.0;40.0;1.0;0.0;2024_2025
345346;883772;57741;Ray Gómez;30;Perú;Mediocentro ofensivo;Sport Huancayo;1077.0;19.0;13.0;1.0;31.0;10.0;14.0;7.0;1.0;15.0;1.0;2.0;5.0;0.0;1.0;0.0;2.0;15.0;5.0;3.0;7.0;0.0;12.0;28.0;7.0;48.0;461.0;396.0;136.0;44.0;7.0;132.0;10.0;2.0;0.0;2024_2025
132353;787610;57741;Yorleys Mena;32;Colombia;Delantero centro;César Vallejo;2934.0;34.0;33.0;10.0;82.0;33.0;31.0;18.0;6.0;23.0;6.0;12.0;15.0;0.0;2.0;2.0;27.0;28.0;8.0;26.0;13.0;0.0;38.0;27.0;44.0;70.0;495.0;344.0;131.0;5.0;4.0;330.0;53.0;5.0;0.0;2024_2025
664864;882897;57741;Alonso Tamariz;26;Perú;Lateral izquierdo;Cusco FC;433.0;10.0;5.0;0.0;2.0;0.0;2.0;0.0;0.0;2.0;0.0;1.0;1.0;0.0;0.0;0.0;0.0;9.0;8.0;10.0;5.0;0.0;9.0;9.0;4.0;19.0;126.0;101.0;16.0;4.0;0.0;52.0;1.0;1.0;0.0;2024_2025
458756;873619;58264;Maximiliano Pérez;29;Uruguay;Delantero centro;CA Cerro;887.0;14.0;12.0;2.0;8.0;3.0;0.0;2.0;0.0;6.0;0.0;0.0;2.0;0.0;0.0;0.0;3.0;0.0;0.0;5.0;1.0;0.0;10.0;9.0;54.0;0.0;160.0;126.0;10.0;6.0;0.0;0.0;0.0;1.0;0.0;2024_2025
664841;1089808;57741;Kenyi Barrios;28;Perú;Extremo derecho;Comerciantes;1127.0;24.0;13.0;0.0;8.0;2.0;4.0;2.0;2.0;11.0;4.0;1.0;3.0;0.0;0.0;0.0;0.0;19.0;15.0;22.0;6.0;0.0;16.0;10.0;5.0;32.0;330.0;264.0;42.0;29.0;10.0;164.0;8.0;4.0;0.0;2024_2025
531177;925420;57741;Jean Franco Falconí;28;Perú;Lateral derecho;AD Tarma;1033.0;15.0;14.0;0.0;9.0;4.0;3.0;2.0;1.0;11.0;0.0;0.0;2.0;0.0;0.0;0.0;0.0;8.0;10.0;15.0;5.0;1.0;6.0;6.0;4.0;16.0;342.0;271.0;84.0;37.0;11.0;127.0;6.0;0.0;0.0;2024_2025
1066144;1464276;63769;Marcelo Ferreira;30;Paraguay;Delantero centro;Luqueño;1469.0;21.0;17.0;6.0;29.0;14.0;13.0;2.0;1.0;16.0;1.0;2.0;8.0;1.0;2.0;1.0;7.0;8.0;6.0;8.0;6.0;0.0;18.0;16.0;65.0;32.0;299.0;189.0;77.0;9.0;3.0;177.0;13.0;3.0;0.0;2024_2025
1066144;1464276;57297;Marcelo Ferreira;30;Paraguay;Delantero centro;Luqueño;248.0;6.0;2.0;2.0;7.0;2.0;5.0;0.0;0.0;3.0;0.0;0.0;2.0;0.0;0.0;0.0;2.0;1.0;0.0;7.0;1.0;0.0;6.0;2.0;13.0;5.0;61.0;44.0;21.0;2.0;0.0;36.0;3.0;0.0;0.0;2024_2025
1066144;1464276;57264;Marcelo Ferreira;30;Paraguay;Delantero centro;Luqueño;892.0;18.0;8.0;1.0;0.0;0.0;0.0;0.0;4.0;0.0;0.0;0.0;0.0;0.0;1.0;1.0;0.0;0.0;0.0;0.0;0.0;0.0;0.0;0.0;0.0;0.0;0.0;0.0;0.0;0.0;0.0;0.0;0.0;3.0;0.0;2024_2025
638929;957940;57741;Manuel Ganoza;25;Perú;Defensa central;César Vallejo;604.0;10.0;5.0;0.0;2.0;1.0;1.0;0.0;0.0;2.0;0.0;0.0;3.0;0.0;0.0;0.0;0.0;3.0;6.0;21.0;5.0;0.0;11.0;0.0;11.0;6.0;210.0;152.0;23.0;20.0;2.0;74.0;1.0;1.0;0.0;2024_2025
621033;975243;57741;Franco Medina;24;Perú;Lateral derecho;Comerciantes;362.0;7.0;5.0;0.0;0.0;0.0;0.0;0.0;0.0;0.0;0.0;0.0;2.0;0.0;0.0;0.0;0.0;9.0;4.0;5.0;0.0;0.0;11.0;3.0;3.0;14.0;134.0;102.0;15.0;7.0;2.0;56.0;0.0;1.0;0.0;2024_2025
621028;980889;57741;Dylan Caro;25;Perú;Lateral izquierdo;Comerciantes;2016.0;30.0;22.0;1.0;18.0;5.0;8.0;5.0;1.0;16.0;2.0;0.0;6.0;0.0;0.0;0.0;1.0;50.0;32.0;48.0;6.0;0.0;27.0;40.0;21.0;96.0;612.0;476.0;76.0;41.0;18.0;255.0;14.0;5.0;0.0;2024_2025
621036;973653;57741;Jonathan Bilbao;24;Perú;Defensa central;Cusco FC;2404.0;31.0;27.0;0.0;8.0;1.0;7.0;0.0;0.0;4.0;1.0;0.0;1.0;0.0;0.0;0.0;0.0;29.0;35.0;112.0;11.0;2.0;33.0;11.0;56.0;41.0;1352.0;1198.0;37.0;115.0;0.0;186.0;6.0;3.0;0.0;2024_2025
325706;883389;57741;Diego Ramírez;29;Perú;Mediocentro;Dep. Garcilaso;1235.0;23.0;16.0;0.0;13.0;0.0;9.0;4.0;1.0;8.0;0.0;1.0;5.0;0.0;0.0;0.0;1.0;18.0;17.0;13.0;12.0;1.0;21.0;23.0;7.0;45.0;333.0;262.0;83.0;32.0;2.0;101.0;11.0;3.0;2.0;2024_2025
127825;123022;57264;Derlis Orué;35;Paraguay;Pivote;Sol de América;1854.0;21.0;21.0;0.0;0.0;0.0;0.0;0.0;0.0;0.0;0.0;0.0;0.0;0.0;0.0;0.0;0.0;0.0;0.0;0.0;0.0;0.0;0.0;0.0;0.0;0.0;0.0;0.0;0.0;0.0;0.0;0.0;0.0;5.0;0.0;2024_2025
127825;123022;63769;Derlis Orué;35;Paraguay;Pivote;Sol de América;1825.0;21.0;21.0;1.0;16.0;1.0;11.0;4.0;2.0;17.0;0.0;0.0;14.0;0.0;0.0;0.0;1.0;32.0;9.0;17.0;12.0;0.0;17.0;5.0;15.0;51.0;640.0;458.0;126.0;55.0;1.0;213.0;7.0;5.0;0.0;2024_2025
752551;1103492;57782;Gustavo Navarro;27;Paraguay;Defensa central;Atl. Rafaela;920.0;11.0;10.0;0.0;2.0;1.0;0.0;3.0;0.0;0.0;0.0;0.0;1.0;0.0;0.0;0.0;0.0;0.0;0.0;44.0;25.0;0.0;9.0;8.0;26.0;0.0;193.0;116.0;31.0;35.0;0.0;0.0;0.0;4.0;0.0;2024_2025
250482;805353;57741;Joao Villamarín;32;Perú;Extremo izquierdo;Sport Boys;798.0;18.0;11.0;1.0;22.0;5.0;14.0;3.0;2.0;10.0;2.0;2.0;2.0;0.0;0.0;0.0;8.0;7.0;0.0;4.0;4.0;0.0;12.0;12.0;6.0;21.0;138.0;98.0;37.0;6.0;1.0;76.0;8.0;0.0;0.0;2024_2025
358338;925309;57741;Carlos Correa;29;Perú;Mediocentro;Sport Boys;881.0;18.0;10.0;0.0;7.0;2.0;4.0;1.0;2.0;9.0;1.0;1.0;3.0;0.0;0.0;0.0;0.0;36.0;6.0;9.0;10.0;0.0;23.0;19.0;1.0;58.0;300.0;213.0;39.0;19.0;0.0;105.0;2.0;6.0;0.0;2024_2025
249977;883294;57741;Carlos Uribe;32;Perú;Pivote;Sin equipo;1023.0;21.0;10.0;1.0;12.0;3.0;5.0;4.0;0.0;5.0;1.0;1.0;2.0;0.0;0.0;0.0;0.0;12.0;2.0;8.0;6.0;0.0;8.0;10.0;6.0;24.0;462.0;395.0;65.0;20.0;2.0;89.0;2.0;2.0;0.0;2024_2025
262932;888723;57388;Brayan Lucumí;30;Colombia;Extremo izquierdo;Real Cartagena;1327.0;20.0;16.0;3.0;0.0;0.0;0.0;0.0;0.0;0.0;0.0;0.0;0.0;0.0;0.0;0.0;0.0;0.0;0.0;0.0;0.0;0.0;0.0;0.0;0.0;0.0;0.0;0.0;0.0;0.0;0.0;0.0;0.0;2.0;0.0;2024_2025
352344;876926;57741;Francisco Duclós;28;Perú;Defensa central;Alianza Atl.;692.0;11.0;7.0;0.0;1.0;0.0;1.0;0.0;0.0;2.0;0.0;0.0;1.0;0.0;0.0;0.0;2.0;12.0;16.0;12.0;3.0;0.0;11.0;5.0;4.0;18.0;212.0;150.0;45.0;19.0;1.0;89.0;1.0;2.0;0.0;2024_2025
171151;805289;57374;Léiner Escalante;32;Colombia;Extremo izquierdo;CD La Equidad;375.0;12.0;4.0;2.0;13.0;5.0;4.0;4.0;0.0;2.0;0.0;1.0;2.0;0.0;0.0;0.0;0.0;4.0;2.0;2.0;2.0;0.0;4.0;11.0;4.0;17.0;87.0;68.0;26.0;7.0;2.0;51.0;7.0;1.0;0.0;2024_2025
171151;805289;63819;Léiner Escalante;32;Colombia;Extremo izquierdo;CD La Equidad;461.0;9.0;4.0;2.0;9.0;3.0;4.0;2.0;1.0;6.0;0.0;0.0;2.0;0.0;0.0;0.0;4.0;4.0;1.0;1.0;2.0;0.0;8.0;18.0;3.0;24.0;95.0;65.0;13.0;6.0;4.0;50.0;1.0;2.0;1.0;2024_2025
312151;826380;57741;Ray Sandoval;29;Perú;Extremo derecho;Atlético Grau;807.0;13.0;9.0;1.0;21.0;6.0;10.0;5.0;0.0;5.0;0.0;1.0;1.0;0.0;1.0;1.0;6.0;1.0;0.0;2.0;1.0;0.0;9.0;17.0;1.0;19.0;187.0;151.0;78.0;6.0;3.0;93.0;12.0;0.0;0.0;2024_2025
106283;220935;57741;Edson Aubert;35;Perú;Pivote;AD Tarma;1468.0;21.0;18.0;0.0;36.0;7.0;17.0;12.0;1.0;24.0;5.0;1.0;9.0;0.0;1.0;0.0;0.0;16.0;10.0;19.0;10.0;0.0;23.0;8.0;0.0;33.0;758.0;605.0;173.0;86.0;5.0;228.0;13.0;2.0;1.0;2024_2025
687933;906816;57782;Nahuel Tecilla;29;Argentina;Defensa central;Alvarado;659.0;10.0;6.0;0.0;2.0;0.0;0.0;6.0;0.0;1.0;0.0;0.0;4.0;0.0;0.0;0.0;0.0;0.0;0.0;26.0;15.0;0.0;9.0;8.0;29.0;0.0;256.0;191.0;44.0;46.0;0.0;0.0;0.0;1.0;0.0;2024_2025
434192;883768;57741;David Dioses;28;Perú;Pivote;Sport Huancayo;1191.0;18.0;16.0;0.0;11.0;4.0;6.0;1.0;1.0;11.0;1.0;1.0;2.0;0.0;0.0;0.0;0.0;17.0;10.0;11.0;10.0;0.0;18.0;7.0;10.0;25.0;591.0;499.0;91.0;59.0;2.0;129.0;7.0;1.0;0.0;2024_2025
446662;883813;57741;Eduardo Caballero;27;Perú;Defensa central;CA Mannucci;1428.0;18.0;16.0;0.0;6.0;1.0;5.0;0.0;0.0;3.0;0.0;0.0;2.0;0.0;0.0;0.0;0.0;20.0;10.0;89.0;7.0;1.0;16.0;9.0;48.0;30.0;498.0;364.0;29.0;61.0;0.0;147.0;0.0;3.0;0.0;2024_2025
696726;1018388;57782;Emanuel Ibáñez;30;Argentina;Pivote;Temperley;2162.0;31.0;25.0;1.0;11.0;2.0;0.0;2.0;1.0;8.0;0.0;0.0;29.0;0.0;0.0;0.0;2.0;0.0;0.0;28.0;60.0;0.0;44.0;44.0;51.0;0.0;819.0;659.0;108.0;40.0;7.0;0.0;0.0;10.0;0.0;2024_2025
738291;992004;57741;Kevin Peña;26;Perú;Mediocentro;Sport Boys;485.0;14.0;5.0;0.0;5.0;1.0;4.0;0.0;0.0;5.0;0.0;1.0;1.0;0.0;0.0;0.0;1.0;9.0;6.0;3.0;6.0;0.0;14.0;14.0;0.0;24.0;214.0;176.0;35.0;21.0;1.0;55.0;3.0;4.0;0.0;2024_2025
400254;846749;57741;Alexander Lecaros;24;Perú;Extremo izquierdo;Cienciano;299.0;9.0;3.0;0.0;9.0;3.0;5.0;1.0;0.0;3.0;0.0;1.0;2.0;1.0;0.0;0.0;0.0;3.0;0.0;0.0;2.0;0.0;2.0;6.0;0.0;11.0;67.0;52.0;20.0;6.0;0.0;43.0;2.0;1.0;0.0;2024_2025
857788;1108679;57741;Bruno Portugal;21;Perú;Delantero centro;FBC Melgar;84.0;3.0;1.0;1.0;2.0;1.0;1.0;0.0;0.0;0.0;0.0;1.0;1.0;0.0;0.0;0.0;0.0;0.0;0.0;3.0;0.0;0.0;4.0;2.0;0.0;3.0;18.0;8.0;3.0;1.0;0.0;13.0;3.0;0.0;0.0;2024_2025
903834;1128886;57741;Gilmar Paredes;21;Perú;Lateral derecho;Sport. Cristal;203.0;4.0;2.0;0.0;1.0;0.0;1.0;0.0;0.0;1.0;0.0;0.0;5.0;0.0;0.0;0.0;0.0;3.0;6.0;4.0;3.0;0.0;1.0;2.0;0.0;10.0;91.0;77.0;16.0;4.0;1.0;33.0;1.0;1.0;0.0;2024_2025
981804;1408186;57741;Gabriel Alfaro;21;Perú;Lateral izquierdo;Sport. Cristal;598.0;9.0;7.0;0.0;2.0;0.0;2.0;0.0;0.0;2.0;0.0;0.0;6.0;0.0;0.0;0.0;1.0;10.0;7.0;10.0;2.0;0.0;6.0;1.0;3.0;17.0;157.0;124.0;15.0;10.0;2.0;66.0;3.0;0.0;0.0;2024_2025
639763;965759;53417;Rodrigo Vilca;25;Perú;Mediocentro ofensivo;Sin equipo;594.0;16.0;6.0;2.0;8.0;5.0;2.0;1.0;0.0;9.0;0.0;0.0;8.0;0.0;0.0;0.0;0.0;19.0;4.0;5.0;4.0;0.0;13.0;30.0;1.0;57.0;185.0;148.0;58.0;6.0;3.0;92.0;10.0;1.0;0.0;2024_2025
260094;873704;57741;Ángel Pérez;34;Perú;Lateral derecho;Sport Huancayo;1524.0;24.0;17.0;1.0;24.0;6.0;16.0;2.0;1.0;12.0;2.0;0.0;9.0;0.0;0.0;0.0;0.0;43.0;15.0;49.0;11.0;0.0;24.0;17.0;13.0;68.0;687.0;522.0;146.0;57.0;8.0;264.0;13.0;6.0;1.0;2024_2025
867036;1107871;57741;Christian Flores;23;Perú;Pivote;Alianza Atl.;318.0;16.0;1.0;0.0;4.0;2.0;0.0;2.0;0.0;3.0;0.0;1.0;3.0;0.0;0.0;0.0;0.0;9.0;5.0;7.0;5.0;0.0;4.0;6.0;1.0;18.0;121.0;104.0;30.0;7.0;1.0;31.0;4.0;1.0;0.0;2024_2025
764367;1017778;48078;Williams Guzmán;23;Perú;Defensa central;Real Independ.;1867.0;25.0;20.0;0.0;16.0;1.0;13.0;2.0;0.0;4.0;0.0;4.0;14.0;0.0;0.0;0.0;2.0;42.0;26.0;77.0;7.0;0.0;30.0;14.0;26.0;70.0;840.0;628.0;61.0;56.0;4.0;249.0;9.0;8.0;2.0;2024_2025
653688;973636;48078;Paolo Méndez;25;Perú;Lateral izquierdo;Llacuabamba;764.0;19.0;7.0;0.0;4.0;0.0;3.0;1.0;0.0;17.0;2.0;0.0;3.0;0.0;0.0;0.0;3.0;25.0;12.0;20.0;6.0;0.0;11.0;11.0;10.0;38.0;307.0;257.0;71.0;19.0;9.0;106.0;3.0;1.0;0.0;2024_2025
664362;931772;48078;Francesco Cavagna;23;Perú;Defensa central;Dep. Municipal;1176.0;18.0;14.0;0.0;2.0;0.0;1.0;1.0;0.0;3.0;0.0;0.0;3.0;0.0;0.0;0.0;2.0;19.0;15.0;50.0;2.0;1.0;7.0;7.0;15.0;29.0;363.0;259.0;29.0;30.0;3.0;154.0;6.0;3.0;0.0;2024_2025
842604;1095031;48078;Santiago Torres González;24;Perú;Lateral derecho;Alvarado;924.0;23.0;9.0;0.0;12.0;2.0;7.0;3.0;2.0;15.0;3.0;0.0;3.0;0.0;0.0;0.0;0.0;14.0;7.0;25.0;8.0;0.0;5.0;2.0;0.0;19.0;275.0;181.0;53.0;25.0;18.0;228.0;6.0;1.0;1.0;2024_2025
842604;1095031;57782;Santiago Torres González;24;Perú;Lateral derecho;Alvarado;361.0;9.0;4.0;0.0;7.0;1.0;0.0;0.0;0.0;3.0;0.0;0.0;6.0;0.0;0.0;0.0;2.0;0.0;0.0;4.0;3.0;0.0;6.0;5.0;0.0;0.0;62.0;36.0;5.0;3.0;1.0;0.0;0.0;0.0;0.0;2024_2025
