tm_id;ss_id;nombre_jugador;season;accurateCrosses_p90;accurateFinalThirdPasses_p90;accurateLongBalls_p90;accuratePassesPercentage;aerialDuelsWon_p90;assists_p90;blockedShots_p90;clearances_p90;contexto_equipo_top;dribbledPast_p90;edad;fouls_p90;goalConversionPercentage;goals_p90;keyPasses_p90;minutesPlayed;nac_Argentina;nac_Colombia;nac_Perú;nac_Uruguay;offsides_p90;penaltyConversionPercentage;pos_Delantero;pos_Mediocampista;proviene_club_grande;proviene_liga_extranjera;shotsOffTarget_p90;shotsOnTarget_p90;successfulDribbles_p90;wasFouled_p90;yellowCards_p90
55164;41834;Tomás Costa;2017_2018;1.1214953271028036;8.130841121495326;1.822429906542056;73.46938775510205;1.1214953271028036;0.0;0.5607476635514018;2.5233644859813085;1;2.663551401869159;32;0.4205607476635514;0.0;0.0;0.9813084112149533;642.0;1;0;0;0;0.14018691588785046;0.0;0;1;0;1;0.7009345794392523;0.14018691588785046;0.5607476635514018;1.2616822429906542;0.14018691588785046
56032;34134;Omar Merlo;2017_2018;0.0;2.7142857142857144;3.4285714285714284;74.36823104693141;1.8571428571428572;0.0;0.07142857142857142;4.785714285714286;1;0.5714285714285714;30;1.5714285714285714;0.0;0.0;0.21428571428571427;1260.0;1;0;0;0;0.14285714285714285;0.0;0;0;0;1;0.21428571428571427;0.07142857142857142;0.7857142857142857;1.0;0.35714285714285715
76717;249305;Pablo Míguez;2017_2018;0.0;6.011209715086409;2.606258757589911;81.56359393232205;1.4292386735170481;0.08407286314806166;0.25221858944418496;1.5553479682391407;1;1.1349836524988324;30;2.942550210182158;9.523809523809524;0.08407286314806166;0.5044371788883699;2141.0;0;0;0;1;0.0;0.0;0;0;0;1;0.4624007473143391;0.16814572629612332;0.37832788416627744;0.7146193367585241;0.33629145259224663
84111;355874;Róbinson Aponzá;2017_2018;0.5844155844155844;11.454545454545455;1.051948051948052;81.25;0.0;0.35064935064935066;0.5844155844155844;0.0;0;0.35064935064935066;28;1.9870129870129871;4.3478260869565215;0.11688311688311688;1.6363636363636365;1540.0;0;1;0;0;0.8181818181818182;0.0;1;0;1;1;1.1688311688311688;0.935064935064935;1.6363636363636365;3.272727272727273;0.23376623376623376
89317;339855;Bernardo Cuesta;2017_2018;0.20111731843575417;7.4413407821229045;0.7039106145251397;68.37209302325581;0.20111731843575417;0.10055865921787709;0.40223463687150834;0.7039106145251397;1;0.3016759776536313;28;2.212290502793296;4.761904761904762;0.10055865921787709;1.2067039106145252;895.0;1;0;0;0;1.2067039106145252;0.0;1;0;0;1;1.106145251396648;0.6033519553072626;0.0;0.5027932960893855;0.20111731843575417
90674;147293;Luis Cardoza;2017_2018;0.0;0.27635619242579323;1.842374616171955;72.50996015936255;2.3950870010235414;0.0;0.0;4.145342886386898;0;0.27635619242579323;32;1.4738996929375638;12.5;0.09211873080859774;0.0;977.0;0;1;0;0;0.27635619242579323;0.0;0;0;1;1;0.46059365404298874;0.27635619242579323;0.09211873080859774;0.18423746161719548;0.46059365404298874
102810;248291;Mario Velarde;2018_2019;1.6428571428571428;9.714285714285714;1.2857142857142858;75.39149888143176;0.7142857142857143;0.14285714285714285;0.21428571428571427;0.42857142857142855;0;0.6428571428571429;27;2.2857142857142856;6.25;0.07142857142857142;1.6428571428571428;1260.0;0;0;1;0;0.14285714285714285;0.0;0;1;0;0;0.5;0.42857142857142855;1.4285714285714286;1.1428571428571428;0.07142857142857142
103111;873694;Christian Laura;2018_2019;0.5677290836653386;3.824701195219123;1.0756972111553784;78.21011673151752;1.1055776892430278;0.0;0.2091633466135458;1.4641434262948205;0;0.3286852589641434;30;1.6733067729083664;4.545454545454546;0.0298804780876494;0.7768924302788844;3012.0;0;0;1;0;0.0;0.0;0;0;1;1;0.2390438247011952;0.2091633466135458;0.6573705179282868;0.5677290836653386;0.149402390438247
104392;249511;Juan Pablo Vergara;2018_2019;2.935273457099849;8.038133467134973;1.6708479678876065;72.06703910614524;0.9031610637230305;0.5418966382338183;0.5870546914199699;0.1806322127446061;0;1.038635223281485;33;1.716006021073758;8.571428571428571;0.27094831911690914;3.612644254892122;1993.0;0;0;1;0;0.8128449573507275;100.0;1;0;0;1;1.3095835423983944;1.2644254892122428;0.22579026593075763;2.980431510286001;0.13547415955845457
119365;882851;Joazhiño Arroé;2018_2019;1.3265776140027636;12.892676186089359;3.1091662828189772;79.74308300395256;0.24873330262551818;0.16582220175034545;0.41455550437586364;0.24873330262551818;1;0.9949332105020727;26;0.8291110087517273;9.090909090909092;0.16582220175034545;2.3629663749424226;2171.0;0;0;1;0;0.29018885306310455;0.0;0;1;0;1;0.6218332565637954;0.7876554583141409;2.9018885306310453;2.4873330262551816;0.20727775218793182
123418;107388;Óscar Vílchez;2018_2019;0.18789144050104384;10.334029227557412;2.44258872651357;85.23364485981308;0.2818371607515658;0.18789144050104384;0.2818371607515658;0.6576200417536535;0;1.221294363256785;32;1.221294363256785;10.0;0.09394572025052192;1.5970772442588728;958.0;0;0;1;0;0.0;0.0;0;1;1;1;0.5636743215031316;0.09394572025052192;0.5636743215031316;2.066805845511482;0.0
126019;83951;Alberto Quintero;2018_2019;0.288153681963714;8.212379935965847;0.624332977588047;74.90421455938697;0.33617929562433296;0.192102454642476;0.384204909284952;0.096051227321238;1;0.576307363927428;30;1.0085378868729988;13.513513513513514;0.24012806830309497;1.536819637139808;1874.0;0;0;0;0;0.8644610458911419;0.0;1;0;0;1;0.6723585912486659;0.7203842049092849;1.536819637139808;3.073639274279616;0.384204909284952
135139;839571;Armando Alfageme;2018_2019;0.028544243577545196;5.195052331113226;3.653663177925785;77.07349966284558;2.026641294005709;0.0;0.142721217887726;1.170313986679353;1;2.026641294005709;27;2.340627973358706;3.4482758620689653;0.028544243577545196;0.3139866793529972;3153.0;0;0;1;0;0.0;0.0;0;1;0;1;0.5423406279733587;0.142721217887726;0.7421503330161751;2.8544243577545196;0.3139866793529972
142588;147587;Éver Chávez;2018_2019;0.0881201044386423;5.757180156657964;2.3204960835509136;81.3401187446989;0.5287206266318538;0.0;0.2056135770234987;1.2924281984334203;0;0.881201044386423;33;1.8798955613577024;21.875;0.2056135770234987;0.9399477806788512;3064.0;0;0;1;0;0.0587467362924282;0.0;0;1;0;1;0.4112271540469974;0.32310704960835507;0.3818537859007833;0.7343342036553525;0.0881201044386423
144111;180071;Sergio Almirón;2018_2019;0.0;2.2261484098939928;0.10600706713780919;74.11764705882354;1.0600706713780919;0.0;0.42402826855123676;0.5300353356890459;0;0.10600706713780919;31;1.0600706713780919;33.33333333333333;0.8480565371024735;0.5300353356890459;849.0;1;0;0;0;0.5300353356890459;100.0;1;0;0;1;0.8480565371024735;1.2720848056537102;0.10600706713780919;0.31802120141342755;0.0
149771;339841;Ángel Ojeda;2018_2019;0.11769834350479512;10.671316477768091;3.2170880557977335;79.75206611570248;0.6669572798605057;0.03923278116826504;0.7846556233653008;1.4908456843940716;0;1.2162162162162162;25;3.2563208369659984;0.0;0.0;1.020052310374891;2294.0;0;0;1;0;0.0;0.0;0;1;0;1;0.7061900610287708;0.23539668700959024;0.6669572798605057;0.8631211857018309;0.3530950305143854
160317;248215;Óscar Guerra;2018_2019;0.0;2.8998242530755713;5.114235500878735;68.88111888111888;1.7926186291739896;0.05272407732864675;0.3690685413005273;4.323374340949034;0;0.3690685413005273;33;1.2126537785588754;0.0;0.0;0.31634446397188054;1707.0;0;0;1;0;0.15817223198594027;0.0;0;0;0;1;0.2636203866432338;0.15817223198594027;0.31634446397188054;1.0017574692442883;0.210896309314587
168987;324939;Andrés Robles;2018_2019;0.0;3.2894736842105265;3.8815789473684212;76.80890538033395;1.7105263157894737;0.0;0.13157894736842105;4.0131578947368425;0;0.8552631578947368;24;1.25;0.0;0.0;0.32894736842105265;1368.0;0;0;0;0;0.0;0.0;0;0;0;1;0.39473684210526316;0.19736842105263158;0.0;0.8552631578947368;0.2631578947368421
169992;786311;Ernest Nungaray;2018_2019;2.0705521472392636;6.3496932515337425;3.450920245398773;80.45112781954887;0.5521472392638037;0.27607361963190186;0.6901840490797546;0.9662576687116564;0;0.6901840490797546;26;0.8282208588957055;4.545454545454546;0.13803680981595093;1.9325153374233128;652.0;0;0;0;0;0.13803680981595093;0.0;0;1;0;1;1.2423312883435582;1.1042944785276074;0.27607361963190186;0.6901840490797546;0.0
170616;176289;Ángel Romero;2018_2019;0.0;6.372262773722628;2.102189781021898;76.67238421955403;1.708029197080292;0.0;0.26277372262773724;2.8905109489051095;1;1.248175182481752;27;2.2335766423357666;0.0;0.0;0.39416058394160586;1370.0;0;0;1;0;0.0;0.0;0;1;1;1;0.6569343065693432;0.06569343065693431;0.854014598540146;1.1167883211678833;0.5255474452554745
176400;220931;Jorge Bazán;2018_2019;0.40303134688253534;7.8436100585601105;0.5270409920771616;80.88235294117648;0.6820530485704445;0.0930072338959697;0.4340337581811919;0.12400964519462626;0;0.0930072338959697;27;0.9920771615570101;5.128205128205128;0.06200482259731313;1.5191181536341716;2903.0;0;0;1;0;0.2790217016879091;0.0;1;0;0;1;0.4340337581811919;0.34102652428522223;1.0230795728556665;1.5501205649328282;0.12400964519462626
186903;248229;Jean Piere Fuentes;2018_2019;0.11349306431273644;5.6746532156368215;3.915510718789407;84.84848484848484;2.2698612862547285;0.0;0.510718789407314;2.4968474148802016;0;0.5674653215636821;26;2.894073139974779;0.0;0.0;0.17023959646910466;1586.0;0;0;1;0;0.0;0.0;0;1;1;0;0.7944514501891551;0.22698612862547288;0.28373266078184106;0.9646910466582597;0.39722572509457754
196037;340077;Pablo Lavandeira;2018_2019;1.1688311688311688;9.559369202226344;1.2523191094619666;69.16010498687663;1.0435992578849722;0.16697588126159554;0.5426716141001855;0.7931354359925789;1;1.12708719851577;28;2.0037105751391464;14.035087719298245;0.3339517625231911;1.6697588126159555;2156.0;0;0;0;1;0.20871985157699444;100.0;0;1;0;1;0.9601113172541744;0.8766233766233766;1.085343228200371;2.4211502782931356;0.3339517625231911
198027;189207;Jean Deza;2018_2019;0.5091937765205092;13.620933521923622;1.7821782178217822;80.76923076923077;0.7637906647807639;0.0;0.8910891089108911;0.2545968882602546;0;0.3818953323903819;25;1.0183875530410185;4.166666666666666;0.1272984441301273;1.5275813295615277;707.0;0;0;1;0;0.2545968882602546;0.0;1;0;0;0;1.5275813295615277;0.6364922206506365;3.1824611032531824;3.9462517680339464;0.5091937765205092
201043;358202;Gianmarco Gambetta;2018_2019;0.0;2.6132404181184667;3.1358885017421603;71.00977198697068;2.40418118466899;0.0;0.0;5.121951219512195;0;0.20905923344947736;27;1.5679442508710801;33.33333333333333;0.10452961672473868;0.10452961672473868;861.0;0;0;1;0;0.0;0.0;0;0;1;1;0.10452961672473868;0.20905923344947736;0.31358885017421606;0.7317073170731707;0.4181184668989547
201397;34133;Tulio Etchemaite;2018_2019;0.39452054794520547;6.706849315068493;1.4794520547945205;67.56756756756756;1.3315068493150684;0.09863013698630137;0.9369863013698629;0.4438356164383562;0;0.5424657534246575;30;1.2328767123287672;15.11627906976744;0.6410958904109588;1.2821917808219176;1825.0;1;0;0;0;0.6904109589041095;100.0;1;0;1;0;1.6767123287671233;1.6273972602739726;0.8383561643835616;1.5780821917808219;0.2465753424657534
202906;339657;Felipe Rodríguez;2018_2019;0.779896013864818;4.835355285961872;0.779896013864818;66.44295302013423;0.779896013864818;0.0;0.0;0.0;1;0.3119584055459272;28;0.4679376083188908;0.0;0.0;0.779896013864818;577.0;0;0;0;1;0.0;0.0;1;0;0;1;0.4679376083188908;0.4679376083188908;1.2478336221837087;2.9636048526863084;0.1559792027729636
211417;18305;José Canova;2018_2019;0.0;1.2442396313364057;1.718235681369322;80.42959427207637;2.3107307439104674;0.0;0.0;4.088215931533904;0;0.3554970375246873;25;1.4219881500987492;0.0;0.0;0.17774851876234365;1519.0;0;0;1;0;0.059249506254114556;0.0;0;0;0;0;0.11849901250822911;0.059249506254114556;0.059249506254114556;0.6517445687952601;0.11849901250822911
212434;830663;Alejandro Hohberg;2018_2019;1.6349480968858132;8.09688581314879;1.2716262975778547;78.3433133732535;0.4930795847750865;0.2595155709342561;0.6228373702422145;0.20761245674740486;1;0.8044982698961938;26;1.0640138408304498;9.322033898305085;0.28546712802768165;1.453287197231834;3468.0;0;0;1;0;0.6747404844290658;50.0;1;0;1;1;1.193771626297578;1.245674740484429;1.0640138408304498;2.36159169550173;0.12975778546712805
214654;574464;Junior Ponce;2018_2019;2.0788732394366196;6.43943661971831;0.5070422535211268;75.5223880597015;0.2535211267605634;0.2535211267605634;0.3042253521126761;0.10140845070422536;0;0.2535211267605634;24;1.1661971830985915;4.3478260869565215;0.05070422535211268;2.3830985915492957;1775.0;0;0;1;0;0.3042253521126761;0.0;1;0;0;1;0.5577464788732395;0.3042253521126761;2.1295774647887327;3.4478873239436623;0.05070422535211268
214719;220929;Carlos Beltrán;2018_2019;0.030695770804911326;4.665757162346521;5.862892223738063;70.91366303436715;3.5300136425648025;0.06139154160982265;0.30695770804911326;5.494542974079128;1;0.5218281036834925;27;2.179399727148704;5.633802816901409;0.1227830832196453;0.7980900409276944;2932.0;1;0;0;0;0.030695770804911326;0.0;0;1;0;0;1.2892223738062756;0.5832196452933152;0.4604365620736699;1.8110504774897682;0.4911323328785812
216291;925308;Junior Aguirre;2018_2019;1.4232558139534883;10.967441860465117;1.841860465116279;77.07774798927613;0.20930232558139533;0.20930232558139533;0.627906976744186;0.04186046511627907;0;1.0883720930232559;26;1.3813953488372093;4.3478260869565215;0.1255813953488372;2.386046511627907;2150.0;0;0;1;0;0.1255813953488372;0.0;1;0;0;0;1.213953488372093;1.0465116279069768;3.265116279069767;1.9674418604651163;0.16744186046511628
224652;925176;Hugo Ángeles;2018_2019;1.4108425865447418;7.024820378837361;1.7635532331809274;81.95836545875096;0.8817766165904637;0.17635532331809273;0.08817766165904636;1.2932723709993468;0;0.8817766165904637;24;1.3814500326583932;0.0;0.0;1.4108425865447418;3062.0;0;0;1;0;0.2645329849771391;0.0;0;0;1;1;0.5290659699542782;0.2351404310907903;0.5878510777269758;1.4402351404310907;0.11757021554539515
224669;378808;Wilder Cartagena;2018_2019;0.0;4.785067873303167;3.0542986425339365;84.1823056300268;0.916289592760181;0.0;0.0;0.7126696832579185;1;1.0180995475113122;23;2.239819004524887;0.0;0.0;0.5090497737556561;884.0;0;0;1;0;0.0;0.0;0;1;0;1;0.4072398190045249;0.20361990950226244;0.8144796380090498;1.6289592760180995;0.4072398190045249
224670;339177;Rodrigo Cuba;2018_2019;0.23614299770416528;7.674647425385372;1.475893735651033;72.73519163763066;3.5421449655624793;0.08855362413906198;0.20662512299114463;2.272876352902591;1;0.7379468678255166;26;1.4463758609380124;25.0;0.3246966218432273;0.8560183666775991;3049.0;0;0;1;0;0.41325024598228927;0.0;0;0;0;1;0.6789111183994752;0.41325024598228927;0.38373237126926857;1.1511971138078059;0.17710724827812396
224677;588144;Jhonny Vidales;2018_2019;0.537795040334628;8.8198386614879;0.5915745443680908;77.97494780793319;0.8873618165521362;0.0806692560501942;0.2957872721840454;0.3495667762175082;1;0.6991335524350164;26;1.5596056169704213;13.513513513513514;0.268897520167314;1.8553928891544667;3347.0;0;0;1;0;0.8873618165521362;100.0;1;0;0;0;0.9142515685688676;0.7798028084852107;2.151180161338512;1.2369285927696445;0.3226770242007768
224685;883391;Ederson Mogollón;2018_2019;0.0;2.591623036649215;4.476439790575917;72.25950782997764;2.1204188481675392;0.0;0.07853403141361257;6.125654450261781;0;0.6282722513089005;25;1.3350785340314137;16.666666666666664;0.07853403141361257;0.07853403141361257;1146.0;0;0;1;0;0.0;0.0;0;0;0;1;0.31413612565445026;0.07853403141361257;0.39267015706806285;0.549738219895288;0.15706806282722513
227771;312276;Marcos Ortiz;2018_2019;0.0;2.261306532663317;2.6231155778894473;85.5907780979827;1.5376884422110553;0.0;0.0;3.798994974874372;0;0.6331658291457286;25;2.170854271356784;50.0;0.09045226130653267;0.09045226130653267;995.0;0;0;1;0;0.18090452261306533;0.0;0;0;0;0;0.09045226130653267;0.09045226130653267;0.18090452261306533;0.45226130653266333;0.45226130653266333
235508;982178;Alexi Gómez;2018_2019;0.2700675168792198;6.211552888222055;1.1477869467366841;75.4639175257732;0.8102025506376593;0.0;0.2700675168792198;1.215303825956489;1;2.093023255813953;25;1.350337584396099;0.0;0.0;0.6076519129782445;1333.0;0;0;1;0;0.06751687921980495;0.0;0;0;1;1;0.7426856714178545;0.47261815453863465;0.8777194298574643;1.0127531882970742;0.2700675168792198
249923;883291;Farihd Jasaui;2018_2019;0.6983511154219204;5.412221144519884;2.1823472356935016;67.56440281030444;0.8147429679922406;0.0;0.08729388942774005;1.7749757516973812;0;1.2221144519883609;26;1.9786614936954412;0.0;0.0;0.8729388942774006;3093.0;0;0;1;0;0.0;0.0;0;0;0;0;0.4655674102812803;0.1454898157129001;1.7458777885548011;1.9204655674102813;0.20368574199806014
249977;883294;Carlos Uribe;2018_2019;0.2821316614420063;10.121473354231975;3.315047021943574;82.18435321456235;0.5995297805642633;0.03526645768025079;0.493730407523511;0.5642633228840126;0;1.5164576802507839;26;1.7633228840125392;6.8181818181818175;0.10579937304075236;1.34012539184953;2552.0;0;0;1;0;0.03526645768025079;100.0;0;1;0;0;0.7053291536050157;0.35266457680250785;0.2821316614420063;2.115987460815047;0.21159874608150472
250055;345779;Christofer Gonzales;2018_2019;1.7103040540540542;13.72043918918919;1.3302364864864866;82.73809523809523;0.9881756756756758;0.41807432432432434;0.3800675675675676;0.2660472972972973;1;0.5701013513513514;25;1.40625;8.860759493670885;0.2660472972972973;2.92652027027027;2368.0;0;0;1;0;0.2660472972972973;0.0;0;1;1;1;1.5202702702702704;1.102195945945946;2.0143581081081083;3.7246621621621623;0.2660472972972973
250482;805353;Joao Villamarín;2018_2019;0.18126888217522658;6.163141993957704;0.5438066465256798;78.87323943661971;0.6344410876132931;0.0;0.8157099697885196;0.7250755287009063;0;0.5438066465256798;26;2.2658610271903323;15.625;0.45317220543806647;1.0876132930513596;993.0;0;0;1;0;1.4501510574018126;0.0;1;0;1;0;0.8157099697885196;1.2688821752265862;0.9969788519637462;1.9939577039274925;0.45317220543806647
250737;805065;Rafael Guarderas;2018_2019;0.1875;9.674999999999999;3.0374999999999996;80.1948051948052;0.6375;0.0;0.1875;1.3499999999999999;0;1.0125;24;1.65;3.4482758620689653;0.0375;0.7875;2400.0;0;0;1;0;0.0;0.0;0;1;0;1;0.6;0.3;0.525;1.0875;0.3
250751;846375;Giordano Mendoza;2018_2019;0.0;4.2208774583963695;1.9062027231467475;78.81040892193309;0.680786686838124;0.0;0.5446293494704992;1.361573373676248;0;0.8169440242057489;24;2.4508320726172466;0.0;0.0;0.680786686838124;661.0;0;0;1;0;0.1361573373676248;0.0;0;1;0;0;0.1361573373676248;0.0;0.5446293494704992;0.5446293494704992;0.1361573373676248
250915;358194;Koichi Aparicio;2018_2019;0.0;3.4444444444444446;3.888888888888889;87.46438746438746;0.6666666666666666;0.0;0.4444444444444444;4.333333333333333;0;0.8888888888888888;26;0.4444444444444444;0.0;0.0;0.1111111111111111;810.0;0;0;1;0;0.2222222222222222;0.0;0;0;0;1;0.2222222222222222;0.0;0.0;0.1111111111111111;0.1111111111111111
250929;883298;Paulo Goyoneche;2018_2019;0.17877412031782064;9.245175936435867;6.103859250851305;77.8540237055521;1.021566401816118;0.1021566401816118;0.22985244040862654;2.2474460839954595;0;1.1492622020431327;25;1.9409761634506242;0.0;0.0;0.9449489216799091;3524.0;0;0;1;0;0.1021566401816118;0.0;0;1;0;0;0.5874006810442678;0.1021566401816118;0.5874006810442678;1.3024971623155503;0.3575482406356413
251688;831815;Mauricio Affonso;2018_2019;0.0;4.980237154150198;0.17786561264822134;62.5;2.8458498023715415;0.0;0.5335968379446641;1.0671936758893281;1;0.5335968379446641;26;2.3122529644268774;11.11111111111111;0.17786561264822134;0.3557312252964427;506.0;0;0;0;1;1.0671936758893281;0.0;1;0;0;1;0.8893280632411068;0.17786561264822134;0.5335968379446641;1.2450592885375495;0.0
260093;882838;David Díaz;2018_2019;0.4467353951890034;5.051546391752577;1.8556701030927834;75.38860103626943;0.9965635738831614;0.06872852233676975;0.034364261168384876;2.4742268041237114;0;0.41237113402061853;27;0.8934707903780068;16.666666666666664;0.034364261168384876;0.5841924398625429;2619.0;0;0;1;0;0.1718213058419244;0.0;0;0;0;1;0.1374570446735395;0.034364261168384876;0.274914089347079;0.8247422680412371;0.1374570446735395
260094;873704;Ángel Pérez;2018_2019;0.5113636363636364;5.113636363636364;1.7897727272727273;67.16417910447761;1.1505681818181819;0.1278409090909091;0.1278409090909091;1.7897727272727273;0;1.278409090909091;28;1.9176136363636365;0.0;0.0;0.7670454545454546;704.0;0;0;1;0;0.0;0.0;0;0;0;0;0.7670454545454546;0.1278409090909091;0.5113636363636364;0.5113636363636364;0.0
260103;805351;Omar Reyes;2018_2019;0.18292682926829268;6.951219512195122;1.2804878048780488;77.10144927536233;1.646341463414634;0.0;0.18292682926829268;1.920731707317073;0;1.4634146341463414;29;1.4634146341463414;18.181818181818183;0.18292682926829268;0.4573170731707317;984.0;0;0;1;0;0.0;0.0;0;0;0;1;0.4573170731707317;0.36585365853658536;0.823170731707317;1.2804878048780488;0.18292682926829268
260318;338883;Horacio Benincasa;2018_2019;0.12096774193548386;2.4596774193548385;3.508064516129032;78.60125260960335;3.185483870967742;0.0;0.12096774193548386;5.604838709677419;0;0.5241935483870968;24;1.2096774193548387;9.090909090909092;0.08064516129032258;0.3629032258064516;2232.0;0;0;1;0;0.12096774193548386;0.0;0;0;1;1;0.564516129032258;0.20161290322580644;0.24193548387096772;0.8467741935483871;0.24193548387096772
279380;883343;Aldair Salazar;2018_2019;0.36312849162011174;3.5474860335195535;2.346368715083799;69.71046770601336;1.3128491620111733;0.08379888268156425;0.111731843575419;3.826815642458101;1;0.3910614525139665;23;0.7262569832402235;0.0;0.0;0.4748603351955308;3222.0;0;0;1;0;0.0558659217877095;0.0;0;0;0;1;0.25139664804469275;0.111731843575419;0.446927374301676;0.6424581005586593;0.111731843575419
279387;339475;José Manzaneda;2018_2019;2.9008567931456546;10.795593635250917;0.8078335373317013;82.81430219146482;0.624235006119951;0.40391676866585063;0.6976744186046512;0.8078335373317013;1;0.7343941248470012;23;2.386780905752754;10.344827586206897;0.22031823745410037;2.423500611995104;2451.0;0;0;1;0;1.0281517747858018;100.0;1;0;0;1;0.6976744186046512;0.7343941248470012;1.5055079559363524;2.607099143206854;0.25703794369645044
30543;13527;Alberto Rodríguez;2018_2019;0.0;1.5555555555555556;3.3333333333333335;91.7948717948718;3.111111111111111;0.0;0.0;6.222222222222222;1;0.0;34;0.8888888888888888;0.0;0.0;0.0;810.0;0;0;1;0;0.0;0.0;0;0;1;0;0.0;0.0;0.0;0.8888888888888888;0.2222222222222222
30873;37269;Germán Denis;2018_2019;0.10033444816053512;7.424749163879598;0.20066889632107024;73.4375;2.508361204013378;0.0;0.3010033444816054;0.6020066889632107;1;0.0;36;1.806020066889632;11.76470588235294;0.20066889632107024;0.7023411371237458;897.0;1;0;0;0;0.0;50.0;1;0;0;1;0.802675585284281;0.6020066889632107;0.802675585284281;1.0033444816053512;0.3010033444816054
317056;820980;Jonathan Segura;2018_2019;0.0;2.4846625766871164;3.0828220858895703;71.91011235955057;2.9907975460122698;0.0;0.1380368098159509;4.7392638036809815;0;0.36809815950920244;27;2.0705521472392636;4.545454545454546;0.046012269938650305;0.2760736196319018;1956.0;0;1;0;0;0.0;0.0;0;0;0;1;0.6441717791411042;0.2300613496932515;0.09202453987730061;1.0122699386503067;0.2300613496932515
325696;805056;Javier Núñez;2018_2019;0.49792531120331945;7.7178423236514515;1.5352697095435683;79.59183673469387;0.5809128630705394;0.08298755186721991;0.33195020746887965;1.0788381742738589;0;1.5352697095435683;21;0.9128630705394191;7.142857142857142;0.12448132780082986;1.2033195020746887;2169.0;0;0;1;0;0.20746887966804978;0.0;1;0;1;1;1.0373443983402488;0.37344398340248963;1.0788381742738589;2.4896265560165975;0.12448132780082986
325726;846366;Adrián Ugarriza;2018_2019;0.09433962264150943;6.855345911949685;0.25157232704402516;72.58805513016846;2.2327044025157234;0.06289308176100629;0.44025157232704404;0.2830188679245283;1;0.5974842767295597;21;1.7610062893081762;9.722222222222223;0.22012578616352202;1.0062893081761006;2862.0;0;0;1;0;0.5660377358490566;0.0;1;0;0;1;0.9748427672955975;0.8490566037735849;1.540880503144654;2.547169811320755;0.09433962264150943
334104;805267;Patricio Arce;2018_2019;1.4110898661567877;16.520076481835563;2.5124282982791586;81.27883981542519;0.4818355640535373;0.4130019120458891;0.44741873804971316;0.5506692160611855;1;0.8260038240917782;25;0.6539196940726577;10.204081632653061;0.17208413001912046;2.9254302103250476;2615.0;0;0;1;0;0.44741873804971316;100.0;0;1;1;0;0.7915869980879541;0.44741873804971316;0.44741873804971316;1.2390057361376672;0.10325047801147227
335217;883397;Gerson Barreto;2018_2019;0.6983511154219204;5.412221144519884;2.5315227934044615;82.85714285714286;0.9602327837051406;0.0;0.08729388942774005;0.7856450048496605;0;1.571290009699321;22;2.5315227934044615;0.0;0.0;0.9602327837051406;1031.0;0;0;1;0;0.1745877788554801;0.0;0;1;1;1;0.4364694471387003;0.0;1.1348205625606207;2.880698351115422;0.2618816682832202
335677;874985;Renzo Garcés;2018_2019;0.0;3.410757946210269;3.190709046454768;90.23809523809524;2.310513447432763;0.0;0.11002444987775062;2.4205378973105134;0;0.22004889975550124;22;1.8704156479217604;0.0;0.0;0.22004889975550124;818.0;0;0;1;0;0.0;0.0;0;0;1;1;0.11002444987775062;0.11002444987775062;0.4400977995110025;1.8704156479217604;0.33007334963325186
347416;883732;Willy Pretel;2018_2019;0.41158536585365857;4.458841463414634;2.0922256097560976;68.68279569892472;1.920731707317073;0.0;0.1714939024390244;2.7782012195121952;0;1.0289634146341464;24;2.0922256097560976;7.6923076923076925;0.03429878048780488;0.5144817073170732;2624.0;0;0;1;0;0.0;0.0;0;0;0;1;0.24009146341463414;0.03429878048780488;0.20579268292682928;0.7888719512195123;0.27439024390243905
351561;831183;Carlo Diez;2018_2019;0.14162077104642015;5.169158143194335;2.4783634933123526;83.09572301425662;0.2832415420928403;0.0;0.4956726986624705;0.9205350118017309;1;0.9205350118017309;22;1.6994492525570417;0.0;0.0;0.42486231313926043;1271.0;0;0;1;0;0.0;0.0;0;1;0;1;0.21243115656963021;0.21243115656963021;0.6372934697088907;0.7789142407553108;0.14162077104642015
353038;805143;Jeremías Bogado;2018_2019;1.055374592833876;14.218241042345275;1.4951140065146578;81.51137197358767;0.7915309446254071;0.058631921824104226;0.7035830618892508;0.1758957654723127;0;0.5863192182410423;22;0.7035830618892508;13.793103448275861;0.3517915309446254;2.374592833876221;3070.0;0;0;0;0;0.14657980456026057;75.0;1;0;0;1;0.8208469055374592;1.0260586319218241;1.5830618892508141;3.547231270358306;0.058631921824104226
356379;847241;Diego Mayora;2018_2019;0.0;3.5483870967741935;0.48387096774193544;68.04123711340206;2.096774193548387;0.0;0.6451612903225806;0.48387096774193544;0;0.48387096774193544;26;1.6129032258064515;11.76470588235294;0.3225806451612903;1.2903225806451613;558.0;0;0;1;0;2.258064516129032;0.0;1;0;0;1;0.48387096774193544;1.6129032258064515;0.6451612903225806;1.7741935483870968;0.48387096774193544
356381;873703;Anthony Rosell;2018_2019;0.8740692780835222;6.584655228229201;1.9520880543865329;78.78787878787878;0.8449336354807381;0.17481385561670443;0.058271285205568145;2.1560375526060214;1;0.8157979928779541;23;1.7481385561670444;4.166666666666666;0.029135642602784072;1.3111039171252832;3089.0;0;0;1;0;0.029135642602784072;0.0;0;0;0;0;0.4370346390417611;0.20394949821948852;0.5827128520556815;1.3402395597280674;0.14567821301392037
357124;805366;Oshiro Takeuchi;2018_2019;0.22947475777664458;6.6547679755226925;0.6884242733299337;79.19354838709678;1.055583885772565;0.09178990311065784;0.18357980622131567;0.45894951555328917;0;0.2753697093319735;23;1.560428352881183;4.0;0.04589495155532892;1.1932687404385518;1961.0;0;0;1;0;0.13768485466598676;0.0;1;0;0;1;0.550739418663947;0.41305456399796026;1.7440081591024987;1.8357980622131567;0.04589495155532892
362579;830020;Ramón Córdoba;2018_2019;0.0;1.1177552897884084;2.276908923643054;84.80697384806973;1.9457221711131556;0.0;0.0;4.22263109475621;0;0.8693652253909844;28;2.359705611775529;0.0;0.0;0.0827966881324747;2174.0;0;1;0;0;0.04139834406623735;0.0;0;0;0;1;0.1655933762649494;0.04139834406623735;0.1655933762649494;0.9107635694572217;0.49678012879484823
368844;924924;Carlos Neyra;2018_2019;0.24759284731774414;4.415405777166438;1.6506189821182944;77.70083102493075;0.6189821182943603;0.12379642365887207;0.08253094910591471;1.8569463548830811;1;1.361760660247593;23;1.5268225584594222;12.5;0.08253094910591471;0.7015130674002751;2181.0;0;0;1;0;0.16506189821182943;0.0;0;0;0;1;0.33012379642365886;0.24759284731774414;0.9491059147180192;2.6822558459422283;0.33012379642365886
37999;18848;Daniel Chávez;2018_2019;0.0;6.199524940617577;0.42755344418052255;67.45283018867924;5.451306413301662;0.0;0.10688836104513064;0.9619952494061758;0;0.10688836104513064;30;1.3895486935866983;8.333333333333332;0.10688836104513064;0.3206650831353919;842.0;0;0;1;0;0.6413301662707838;0.0;1;0;1;1;0.8551068883610451;0.3206650831353919;0.10688836104513064;1.175771971496437;0.0
398023;836280;Alexis Rojas;2018_2019;0.7841239109390126;9.932236205227493;0.8712487899322362;81.42857142857143;0.17424975798644723;0.0;0.7841239109390126;0.26137463697967084;0;0.26137463697967084;22;1.6553727008712489;0.0;0.0;1.4811229428848016;1033.0;0;0;1;0;0.34849951597289447;0.0;1;0;1;1;1.0454985479186834;0.6969990319457889;1.4811229428848016;3.7463697967086156;0.08712487899322362
41301;26884;Wilmer Aguirre;2018_2019;0.1801801801801802;6.396396396396397;0.15015015015015015;76.0670731707317;1.021021021021021;0.0900900900900901;0.4504504504504505;0.3003003003003003;0;0.48048048048048053;35;1.021021021021021;12.5;0.24024024024024027;1.2612612612612615;2997.0;0;0;1;0;0.7807807807807808;0.0;1;0;0;1;0.6906906906906908;0.7807807807807808;0.8408408408408409;0.9909909909909911;0.030030030030030033
420949;836281;Flavio Ramírez;2018_2019;0.34438775510204084;5.280612244897959;1.6071428571428572;77.13310580204778;0.6887755102040817;0.0;0.11479591836734696;1.2627551020408165;0;1.3775510204081634;22;2.181122448979592;0.0;0.0;0.5739795918367347;784.0;0;0;1;0;0.11479591836734696;0.0;0;0;1;1;0.11479591836734696;0.0;0.6887755102040817;1.6071428571428572;0.11479591836734696
434562;883279;Ronaldo Andía;2018_2019;0.32315978456014366;4.976660682226212;1.5188509874326752;75.43859649122807;0.5816876122082586;0.06463195691202873;0.06463195691202873;1.2926391382405746;0;0.6786355475763016;20;1.5834829443447038;0.0;0.0;0.8725314183123878;2785.0;0;0;1;0;0.03231597845601437;0.0;0;0;0;0;0.0969479353680431;0.03231597845601437;0.710951526032316;0.710951526032316;0.16157989228007183
440020;874986;Frank Ysique;2018_2019;0.1512605042016807;13.008403361344538;2.722689075630252;93.89312977099237;0.45378151260504207;0.0;0.3025210084033614;0.6050420168067228;0;1.6638655462184875;22;1.0588235294117647;0.0;0.0;0.7563025210084034;595.0;0;0;1;0;0.0;0.0;0;1;1;1;0.1512605042016807;0.1512605042016807;0.9075630252100841;1.2100840336134455;0.3025210084033614
45474;11583;Luis Tejada;2018_2019;0.1509433962264151;8.830188679245284;1.0943396226415094;72.94469357249626;2.5660377358490565;0.1509433962264151;0.3018867924528302;1.509433962264151;0;0.2641509433962264;36;2.339622641509434;21.62162162162162;0.6037735849056604;1.7358490566037736;2385.0;0;0;0;0;1.2830188679245282;100.0;1;0;0;1;1.3962264150943395;1.0943396226415094;0.5660377358490566;1.0566037735849056;0.37735849056603776
473579;876928;Luis Garro;2018_2019;0.7852098047361862;4.038221852928958;0.9721645201495638;80.89887640449437;0.7478188616535106;0.03739094308267553;0.07478188616535106;1.8695471541337765;0;0.9721645201495638;21;1.9443290402991276;0.0;0.0;0.4860822600747819;2407.0;0;0;1;0;0.0;0.0;0;0;1;1;0.03739094308267553;0.0;0.9347735770668882;1.1217282924802658;0.41130037390943086
477383;883388;Jeferson Collazos;2018_2019;0.06143344709897611;6.389078498293515;0.4300341296928327;63.74622356495468;5.7133105802047774;0.06143344709897611;0.36860068259385664;0.49146757679180886;0;0.49146757679180886;27;1.720136518771331;8.0;0.24573378839590443;0.9215017064846416;1465.0;0;1;0;0;1.0443686006825939;0.0;1;0;0;1;1.5358361774744027;1.1672354948805461;0.7372013651877133;1.2901023890784982;0.12286689419795221
482452;922007;Jimmy Valoyes;2018_2019;0.0;2.2054665409990575;3.3930254476908575;81.49882903981265;2.9688972667295004;0.0;0.0;5.259189443920829;0;0.5089538171536286;31;1.4420358152686144;0.0;0.0;0.2544769085768143;1061.0;0;1;0;0;0.0;0.0;0;0;0;1;0.5937794533459001;0.08482563619227143;0.9330819981149858;1.4420358152686144;0.0
51225;35621;Hernán Rengifo;2018_2019;0.08260670032124827;5.245525470399265;0.41303350160624136;67.53246753246754;3.345571363010555;0.08260670032124827;0.4543368517668655;0.578246902248738;0;0.24782010096374482;35;0.9912804038549793;17.46031746031746;0.4543368517668655;1.3630105553005964;2179.0;0;0;1;0;0.8673703533731069;0.0;1;0;1;0;1.156493804497476;0.9912804038549793;0.08260670032124827;1.3217072051399723;0.08260670032124827
54594;790020;Diego Manicero;2018_2019;1.1688311688311688;10.769944341372913;2.1289424860853434;72.16216216216216;0.4174397031539889;0.12523191094619665;0.8348794063079777;0.3339517625231911;0;0.6679035250463822;33;0.9601113172541744;7.8125;0.20871985157699444;2.2959183673469385;2156.0;1;0;0;0;0.20871985157699444;0.0;0;1;1;1;1.12708719851577;0.7096474953617811;1.7115027829313543;1.7532467532467533;0.08348794063079777
54818;47379;Egidio Arévalo Ríos;2018_2019;0.0;6.125;3.875;78.32512315270937;3.25;0.0;0.125;2.875;0;0.375;36;1.0;0.0;0.0;0.625;720.0;0;0;0;1;0.0;0.0;0;1;1;1;0.25;0.125;0.375;1.875;0.375
56004;590448;Emiliano Ciucci;2018_2019;0.03260869565217391;6.0;4.532608695652174;72.10526315789474;3.0652173913043477;0.03260869565217391;0.45652173913043476;3.293478260869565;0;1.141304347826087;32;2.152173913043478;0.0;0.0;0.5543478260869565;2760.0;1;0;0;0;0.06521739130434782;0.0;0;1;0;1;0.7826086956521738;0.717391304347826;0.9130434782608695;2.0869565217391304;0.4891304347826087
581174;888479;Carlos Caraza;2018_2019;0.8068247541931752;7.521688837478311;2.2643146327356853;72.07278481012658;0.8068247541931752;0.10410641989589357;0.3383458646616541;0.9629843840370156;0;0.9369577790630421;32;1.7437825332562173;4.3478260869565215;0.05205320994794679;1.6657027183342972;3458.0;0;0;1;0;0.13013302486986697;0.0;0;0;1;1;0.5205320994794679;0.3383458646616541;1.9259687680740312;1.3013302486986698;0.18218623481781376
582317;931692;Alvaro Bravo;2018_2019;0.09814612868047984;2.355507088331516;2.453653217011996;73.9622641509434;0.49073064340239914;0.0;0.19629225736095968;2.5517993456924755;0;0.8833151581243185;21;0.8833151581243185;0.0;0.0;0.19629225736095968;917.0;0;0;1;0;0.0;0.0;0;0;0;1;0.19629225736095968;0.19629225736095968;0.09814612868047984;0.588876772082879;0.09814612868047984
582319;924932;Alejandro Ramos;2018_2019;0.439453125;5.4931640625;1.3623046875;77.63157894736842;0.9228515625;0.0439453125;0.17578125;2.5048828125;0;1.142578125;19;1.9775390625;0.0;0.0;0.52734375;2048.0;0;0;1;0;0.0439453125;0.0;0;0;0;1;0.4833984375;0.1318359375;0.791015625;0.791015625;0.3515625
582320;924878;Arón Torres;2018_2019;1.1612903225806452;6.967741935483871;0.1935483870967742;79.89276139410187;0.12903225806451613;0.1935483870967742;0.1935483870967742;0.25806451612903225;0;0.6451612903225806;21;0.6451612903225806;0.0;0.0;1.1612903225806452;1395.0;0;0;1;0;0.25806451612903225;0.0;1;0;0;1;0.45161290322580644;0.06451612903225806;0.9032258064516129;3.032258064516129;0.12903225806451613
59947;38516;Hervé Kambou;2018_2019;0.0;2.5070343275182894;2.7602701181767024;77.49790092359362;1.5194147439504784;0.0;0.025323579065841307;5.900393922341024;0;0.58244231851435;33;1.1902082160945413;16.666666666666664;0.025323579065841307;0.10129431626336523;3554.0;0;0;0;0;0.0;0.0;0;0;0;1;0.07597073719752392;0.050647158131682614;0.22791221159257177;0.987619583567811;0.15194147439504785
63451;26176;Damián Ísmodes;2018_2019;0.38555691554467564;6.664626682986536;0.7160342717258262;82.45614035087719;0.5507955936352509;0.0;0.605875152998776;0.9363525091799266;0;0.6609547123623011;29;2.423500611995104;5.405405405405405;0.11015911872705018;0.9363525091799266;1634.0;0;0;1;0;0.0;100.0;1;0;0;1;0.9914320685434517;0.44063647490820074;1.8727050183598533;2.864137086903305;0.5507955936352509
68910;45882;José Carlos Fernández;2018_2019;0.0;3.654182709135457;0.2520126006300315;66.6086956521739;3.7486874343717185;0.03150157507875394;0.3150157507875394;1.2915645782289116;0;0.18900945047252363;35;1.9530976548827441;11.11111111111111;0.2520126006300315;0.5985299264963249;2857.0;0;0;1;0;0.7875393769688485;0.0;1;0;0;1;1.03955197759888;0.9135456772838643;0.03150157507875394;2.583129156457823;0.28351417570878545
72677;33993;Jesús Chávez;2018_2019;0.17852082742986683;7.548880702748654;0.7140833097194673;75.02702702702703;2.8563332388778693;0.153017852082743;0.306035704165486;1.0966279399263248;0;0.48455653159535284;32;1.7597052989515445;11.11111111111111;0.17852082742986683;0.7395862850665912;3529.0;0;0;1;0;1.3006517427033155;0.0;0;1;0;1;0.7905922357608388;0.5100595069424767;0.9946160385378294;3.1623689430433553;0.38254463020685747
73609;33578;Rolando Bogado;2018_2019;0.0;2.6172300981461287;4.220283533260632;76.8;2.7153762268266086;0.03271537622682661;0.09814612868047982;5.463467829880043;0;0.8505997818974919;34;1.3740458015267176;4.166666666666666;0.03271537622682661;0.29443838604143946;2751.0;0;0;0;0;0.06543075245365322;0.0;0;0;0;0;0.42529989094874593;0.2617230098146129;0.13086150490730644;1.0468920392584515;0.2617230098146129
73705;249599;Donald Millán;2018_2019;1.0084797092671107;13.62810417928528;2.725620835857056;75.06476683937824;1.499091459721381;0.1362810417928528;0.46335554209569957;1.1720169594185341;0;1.3355542095699575;32;1.5263476680799515;20.967741935483872;0.3543307086614173;2.5620835857056328;3302.0;0;1;0;0;0.08176862507571168;100.0;0;1;0;1;0.6541490006056935;0.5723803755299818;1.6353725015142337;2.8891580860084796;0.32707450030284674
73780;38171;Carlos Preciado;2018_2019;0.06885998469778118;5.990818668706963;0.20657995409334354;75.3731343283582;2.272379495026779;0.06885998469778118;0.5508798775822494;0.7574598316755929;0;0.20657995409334354;33;2.4100994644223412;8.51063829787234;0.2754399387911247;1.3083397092578424;1307.0;0;1;0;0;0.2754399387911247;0.0;1;0;0;1;1.6526396327467483;1.0328997704667178;0.5508798775822494;1.7903596021423107;0.20657995409334354
76717;249305;Pablo Míguez;2018_2019;0.0;7.307073954983922;2.315112540192926;83.11787072243347;2.4959807073954985;0.1085209003215434;0.2170418006430868;1.5192926045016077;0;1.4107717041800643;31;2.5321543408360125;0.0;0.0;1.0490353697749195;2488.0;0;0;0;1;0.07234726688102894;0.0;0;0;1;0;0.6511254019292604;0.1085209003215434;0.3617363344051447;0.9043408360128617;0.3255627009646302
82315;44904;Willy Rivas;2018_2019;0.6081081081081081;4.986486486486487;4.256756756756757;78.77551020408163;0.972972972972973;0.0;0.24324324324324326;2.067567567567568;0;0.24324324324324326;33;1.5810810810810811;0.0;0.0;0.7297297297297298;740.0;0;0;1;0;0.0;0.0;0;0;0;1;0.6081081081081081;0.0;1.2162162162162162;0.972972972972973;0.3648648648648649
82562;38023;Víctor Balta;2018_2019;0.0;1.3896457765667576;3.3514986376021803;80.49738219895288;2.656675749318801;0.0;0.0;6.498637602179837;0;0.36784741144414174;32;1.1852861035422344;0.0;0.0;0.08174386920980926;2202.0;0;0;1;0;0.04087193460490463;0.0;0;0;1;1;0.28610354223433243;0.16348773841961853;0.04087193460490463;0.5722070844686649;0.20435967302452318
82567;47397;Gary Correa;2018_2019;1.863474603688127;10.569395017793596;2.6496279521190558;76.79738562091504;0.7570365577483016;0.26205111614364285;0.9317373018440634;0.5532190229699127;1;0.9317373018440634;28;0.9026205111614365;8.235294117647058;0.20381753477838888;2.096408929149143;3091.0;0;0;1;0;0.20381753477838888;0.0;1;0;0;1;0.8152701391135555;0.7279197670656746;0.34940148819152383;0.9608540925266905;0.14558395341313493
82570;924643;John Fajardo;2018_2019;0.026178010471204185;1.9371727748691099;3.4293193717277486;75.14033680834001;1.6492146596858637;0.0;0.13089005235602094;5.837696335078534;0;0.47120418848167533;29;0.36649214659685864;0.0;0.0;0.18324607329842932;3438.0;0;0;1;0;0.026178010471204185;0.0;0;0;1;1;0.2617801047120419;0.07853403141361257;0.5759162303664921;0.36649214659685864;0.10471204188481674
82577;38024;Julio Landauri;2018_2019;1.0867178924259056;9.582875960482987;1.0867178924259056;79.19463087248322;0.4445664105378705;0.1481888035126235;0.5433589462129528;0.4445664105378705;0;1.7288693743139407;32;1.0867178924259056;2.380952380952381;0.04939626783754117;2.2722283205268936;1822.0;0;0;1;0;0.34577387486278816;0.0;1;0;0;0;0.8397365532381998;0.6915477497255763;1.3830954994511526;1.0373216245883645;0.1481888035126235
82584;883313;Nelinho Quina;2018_2019;0.02557544757033248;2.941176470588235;3.043478260869565;81.98887343532685;1.918158567774936;0.02557544757033248;0.05115089514066496;4.705882352941177;1;0.35805626598465473;31;1.8414322250639386;0.0;0.0;0.20460358056265984;3519.0;0;0;1;0;0.05115089514066496;0.0;0;0;0;1;0.05115089514066496;0.02557544757033248;0.690537084398977;0.5370843989769821;0.3069053708439898
84326;107328;Johnnier Montaño;2018_2019;1.0817307692307692;12.201923076923077;1.5576923076923077;75.47709923664122;0.6923076923076923;0.21634615384615385;0.25961538461538464;0.7355769230769231;0;0.30288461538461536;35;1.9903846153846154;12.5;0.21634615384615385;2.855769230769231;2080.0;0;1;0;0;0.08653846153846154;0.0;0;1;0;1;0.9086538461538461;0.5625;1.0384615384615385;3.375;0.5192307692307693
84349;47413;Luis Trujillo;2018_2019;1.6869728209934394;8.856607310215557;3.120899718837863;83.42420937840785;0.42174320524835984;0.21087160262417992;0.8013120899718837;0.9278350515463917;0;0.5482661668228679;27;0.5904404873477038;1.5384615384615385;0.04217432052483599;1.9821930646672914;2134.0;0;0;1;0;0.12652296157450796;0.0;0;0;0;0;1.0121836925960637;0.9278350515463917;0.8856607310215557;0.6747891283973758;0.0
94440;125113;Sidney Faiffer;2018_2019;0.7982261640798226;10.57649667405765;2.7937915742793793;74.1444866920152;2.1951219512195124;0.3991130820399113;0.3991130820399113;1.9955654101995566;0;0.5986696230598669;38;2.9933481152993346;0.0;0.0;1.796008869179601;451.0;0;0;1;0;0.0;0.0;0;1;0;1;1.796008869179601;0.7982261640798226;1.1973392461197339;1.9955654101995566;0.7982261640798226
94450;994148;Carlos Olascuaga;2018_2019;0.2713178294573643;7.054263565891473;1.124031007751938;73.502722323049;0.6976744186046512;0.11627906976744186;0.38759689922480617;0.5426356589147286;0;0.8914728682170543;25;2.093023255813953;12.244897959183673;0.23255813953488372;1.2015503875968991;2322.0;0;0;1;0;0.38759689922480617;0.0;1;0;0;0;0.8527131782945736;0.6589147286821705;1.4728682170542635;2.2093023255813953;0.38759689922480617
94480;130393;Jean Tragodara;2018_2019;0.069713400464756;5.507358636715724;3.206816421378776;84.48275862068965;1.254841208365608;0.0;0.139426800929512;1.603408210689388;0;1.254841208365608;32;1.882261812548412;16.666666666666664;0.209140201394268;0.487993803253292;1291.0;0;0;1;0;0.069713400464756;0.0;0;1;0;0;0.836560805577072;0.278853601859024;0.418280402788536;0.836560805577072;0.069713400464756
94741;169925;Diego Minaya;2018_2019;0.03954305799648506;3.875219683655536;3.084358523725835;72.54335260115607;1.937609841827768;0.0;0.03954305799648506;2.570298769771529;0;1.1467486818980668;28;1.384007029876977;0.0;0.0;0.15817223198594024;2276.0;0;0;1;0;0.03954305799648506;0.0;0;0;0;1;0.15817223198594024;0.03954305799648506;0.19771528998242532;0.39543057996485065;0.19771528998242532
94766;46983;Renzo Sheput;2018_2019;0.9414225941422595;9.414225941422595;3.389121338912134;76.08695652173914;0.1882845188284519;0.0;0.3765690376569038;0.3765690376569038;0;1.3179916317991633;37;0.7531380753138076;10.0;0.1882845188284519;0.9414225941422595;478.0;0;0;1;0;0.1882845188284519;0.0;0;1;0;1;0.5648535564853556;0.9414225941422595;1.882845188284519;1.5062761506276152;0.0
95852;123238;Luis Álvarez;2018_2019;0.0;4.6766743648960745;1.6628175519630486;83.33333333333334;1.2471131639722863;0.0;0.10392609699769054;1.558891454965358;0;1.351039260969977;28;1.9745958429561201;10.0;0.10392609699769054;0.9353348729792148;866.0;0;0;1;0;0.0;0.0;0;1;0;0;0.7274826789838338;0.20785219399538107;0.20785219399538107;0.9353348729792148;0.20785219399538107
99520;805425;Milton Benítez;2018_2019;1.1521418020679468;11.654357459379616;1.3737075332348596;70.09063444108762;0.4431314623338257;0.17725258493353027;1.1078286558345642;0.17725258493353027;0;1.1964549483013294;32;2.259970457902511;8.737864077669903;0.39881831610044316;1.7282127031019203;2031.0;0;0;0;0;0.22156573116691286;0.0;0;1;1;1;2.0384047267355982;1.4180206794682422;2.8360413589364843;1.3737075332348596;0.4431314623338257
100197;162603;Juan Morales;2019_2020;0.14162077104642015;6.549960660896931;1.947285601888277;85.91093117408907;1.8056648308418568;0.0;0.07081038552321008;1.0267505900865461;0;1.4516129032258065;30;2.3013375295043272;0.0;0.0;0.7435090479937058;2542.0;0;0;1;0;0.0;0.0;0;1;0;1;0.21243115656963021;0.07081038552321008;1.0267505900865461;1.8410700236034618;0.24783634933123525
100501;247951;Jaime Vásquez;2019_2020;0.08450704225352113;4.056338028169014;0.7605633802816901;79.94505494505495;1.1830985915492958;0.0;0.08450704225352113;1.7746478873239435;0;1.0985915492957745;28;1.5211267605633803;0.0;0.0;0.16901408450704225;1065.0;0;0;1;0;0.0;0.0;0;0;0;1;0.2535211267605634;0.0;0.8450704225352113;1.436619718309859;0.4225352112676056
102810;248291;Mario Velarde;2019_2020;2.191780821917808;20.958904109589042;1.9178082191780823;80.3763440860215;0.4109589041095891;0.4109589041095891;0.8219178082191781;0.0;0;0.4109589041095891;28;0.8219178082191781;11.76470588235294;0.273972602739726;3.0136986301369864;657.0;0;0;1;0;0.4109589041095891;0.0;0;1;0;1;0.684931506849315;0.8219178082191781;3.0136986301369864;1.9178082191780823;0.0
103817;311524;Iván Santillán;2019_2020;0.39560439560439564;2.175824175824176;0.7912087912087913;71.85185185185186;0.19780219780219782;0.0;0.0;0.5934065934065934;1;0.7912087912087913;28;1.3846153846153846;16.666666666666664;0.19780219780219782;0.19780219780219782;455.0;0;0;1;0;0.19780219780219782;0.0;0;0;0;1;0.989010989010989;0.19780219780219782;0.989010989010989;0.989010989010989;0.0
106283;220935;Edson Aubert;2019_2020;1.3396946564885497;14.049618320610687;9.240458015267176;85.16096579476861;0.2748091603053435;0.06870229007633588;0.24045801526717558;0.8587786259541985;1;2.198473282442748;30;2.0267175572519083;4.444444444444445;0.06870229007633588;2.267175572519084;2620.0;0;0;1;0;0.10305343511450382;0.0;0;1;1;1;0.7557251908396947;0.549618320610687;0.549618320610687;0.6183206106870229;0.30916030534351147
120964;578352;Mauro Guevgeozián;2019_2020;0.0;2.6799007444168734;0.4466501240694789;58.2089552238806;2.791563275434243;0.11166253101736973;0.3349875930521092;1.6749379652605458;0;0.4466501240694789;33;1.6749379652605458;20.0;0.6699751861042184;0.6699751861042184;806.0;0;0;0;0;0.5583126550868486;100.0;1;0;0;1;1.6749379652605458;1.3399503722084367;0.11166253101736973;1.8982630272952854;0.3349875930521092
124747;789238;Johan Arango;2019_2020;1.5384615384615385;9.45054945054945;0.7692307692307693;71.5430861723447;0.5494505494505495;0.10989010989010989;0.6593406593406593;0.27472527472527475;0;1.098901098901099;28;2.967032967032967;7.6923076923076925;0.21978021978021978;2.142857142857143;1638.0;0;1;0;0;0.43956043956043955;100.0;1;0;0;1;1.208791208791209;0.989010989010989;1.6483516483516485;2.5824175824175826;0.32967032967032966
125481;789932;Sebastián Gularte;2019_2020;0.04065040650406504;5.4471544715447155;0.16260162601626016;71.11597374179432;4.837398373983739;0.04065040650406504;0.36585365853658536;1.3008130081300813;0;0.44715447154471544;29;2.073170731707317;13.186813186813188;0.4878048780487805;0.9349593495934959;2214.0;0;0;0;1;1.2195121951219512;100.0;1;0;0;1;1.6260162601626016;1.7073170731707317;0.44715447154471544;1.7886178861788617;0.2032520325203252
133737;992484;Mario Ceballos;2019_2020;0.09240246406570841;5.26694045174538;0.36960985626283366;72.72727272727273;3.141683778234086;0.09240246406570841;1.108829568788501;0.6468172484599589;0;0.27720739219712526;28;1.570841889117043;11.11111111111111;0.46201232032854206;0.9240246406570841;974.0;0;0;1;0;1.2936344969199178;0.0;1;0;0;0;1.7556468172484598;1.2936344969199178;0.36960985626283366;0.9240246406570841;0.09240246406570841
142476;339159;Josimar Atoche;2019_2020;0.16885553470919326;7.485928705440901;2.25140712945591;84.3980343980344;1.575984990619137;0.11257035647279551;0.16885553470919326;1.125703564727955;0;1.125703564727955;29;1.9699812382739212;16.666666666666664;0.11257035647279551;0.9005628517823641;1599.0;0;0;1;0;0.11257035647279551;0.0;0;1;0;1;0.28142589118198874;0.22514071294559101;0.45028142589118203;0.7317073170731707;0.5065666041275798
146822;339169;Tarek Carranza;2019_2020;0.15693112467306017;8.081952920662598;6.041848299912816;81.16169544740973;0.6277244986922407;0.07846556233653008;0.5492589363557105;0.6669572798605057;0;1.0592850915431562;27;1.1769834350479513;1.6666666666666667;0.03923278116826504;1.3339145597210114;2294.0;0;0;1;0;0.0;0.0;0;1;0;0;1.2946817785527465;0.5100261551874455;0.8631211857018309;0.7454228421970358;0.15693112467306017
147482;180055;Cristian Lasso;2019_2020;0.31386224934612034;6.748038360941587;0.4707933740191805;75.8893280632411;1.4516129032258065;0.15693112467306017;0.23539668700959024;0.3530950305143854;0;0.5884917175239757;28;2.040104620749782;9.30232558139535;0.15693112467306017;0.902353966870096;2294.0;0;1;0;0;0.7454228421970358;0.0;1;0;0;1;0.902353966870096;0.5492589363557105;1.843940714908457;2.1185701830863124;0.1961639058413252
159778;146615;Federico Rodríguez;2019_2020;0.07159904534606205;4.5823389021479715;0.35799522673031026;70.0;2.5775656324582337;0.21479713603818615;0.1431980906921241;0.8591885441527446;1;1.1455847255369929;28;2.1479713603818618;21.052631578947366;0.5727923627684964;1.0739856801909309;1257.0;0;0;0;1;0.5011933174224343;100.0;1;0;0;1;1.431980906921241;1.1455847255369929;0.6443914081145584;2.2911694510739857;0.35799522673031026
160317;248215;Óscar Guerra;2019_2020;0.0;1.8232044198895028;3.4806629834254146;80.72916666666666;1.6574585635359116;0.0;0.0;3.6464088397790055;0;1.3259668508287292;34;0.994475138121547;0.0;0.0;0.16574585635359115;543.0;0;0;1;0;0.16574585635359115;0.0;0;0;0;0;0.16574585635359115;0.0;0.0;0.8287292817679558;0.3314917127071823
168974;842529;Claudio Torrejón;2019_2020;0.0560398505603985;5.0996264009962635;1.6251556662515567;75.51789077212806;2.2976338729763386;0.0;0.112079701120797;1.5691158156911582;0;1.5691158156911582;26;2.2976338729763386;14.285714285714285;0.0560398505603985;0.448318804483188;1606.0;0;0;1;0;0.0560398505603985;0.0;0;1;0;0;0.16811955168119552;0.112079701120797;0.224159402241594;1.6251556662515567;0.28019925280199254
169992;786311;Ernest Nungaray;2019_2020;0.43548387096774194;8.129032258064516;3.4354838709677415;86.00867678958785;1.4032258064516128;0.04838709677419355;0.24193548387096772;0.7258064516129031;0;1.0161290322580645;27;1.0161290322580645;12.121212121212121;0.1935483870967742;1.4516129032258063;1860.0;0;0;0;0;0.04838709677419355;0.0;0;1;0;0;1.0161290322580645;0.3387096774193548;0.24193548387096772;0.8709677419354839;0.14516129032258063
170616;176289;Ángel Romero;2019_2020;0.0;4.30401366353544;1.7677198975234842;82.10332103321034;2.3825789923142615;0.0;0.07685738684884715;2.0751494449188725;0;1.1528608027327072;28;2.8437233134073443;0.0;0.0;0.3842869342442357;1171.0;0;0;1;0;0.07685738684884715;0.0;0;1;1;0;0.3842869342442357;0.23057216054654142;0.6148590947907772;1.9982920580700256;0.7685738684884714
172630;147516;Benjamín Ubierna;2019_2020;0.0;6.033519553072626;2.4421388667198722;76.59574468085107;3.7350359138068634;0.0;0.0;1.5083798882681565;0;0.7901037509976058;27;3.160415003990423;0.0;0.0;0.7182761372705506;1253.0;0;0;1;0;0.14365522745411013;0.0;0;0;0;1;0.4309656823623304;0.07182761372705507;0.28731045490822027;1.2210694333599361;0.5746209098164405
178893;590310;Víctor Cedrón;2019_2020;1.0969239698200812;11.648287869994196;2.61172373766686;78.6593707250342;1.4103308183401044;0.1044689495066744;0.4178757980266976;0.3134068485200232;0;1.1491584445734184;25;2.141613464886825;0.0;0.0;1.4625652930934416;1723.0;0;0;1;0;0.0522344747533372;0.0;0;1;0;1;1.044689495066744;0.4701102727800348;1.3580963435867672;3.6041787579802667;0.2089378990133488
180911;789965;João Ortiz;2019_2020;1.2053571428571428;7.767857142857142;3.482142857142857;74.26470588235294;0.9375;0.06696428571428571;0.4017857142857143;1.0714285714285714;0;1.0044642857142856;28;1.9419642857142856;0.0;0.0;1.0044642857142856;1344.0;0;0;1;0;0.0;0.0;0;0;0;0;0.9375;0.26785714285714285;1.1383928571428572;2.075892857142857;0.33482142857142855
187161;560054;Hansell Riojas;2019_2020;0.08712487899322362;3.180058083252662;3.5721200387221685;75.72706935123043;2.0038722168441434;0.08712487899322362;0.08712487899322362;3.61568247821878;0;0.5227492739593417;27;1.5682478218780251;0.0;0.0;0.4356243949661181;2066.0;0;0;1;0;0.0;0.0;0;0;1;1;0.26137463697967084;0.13068731848983542;0.30493707647628265;0.7405614714424008;0.4356243949661181
189283;220921;Carlos Ascues;2019_2020;0.0;6.1455525606469;1.8598382749326146;78.36538461538461;1.3746630727762803;0.08086253369272237;0.08086253369272237;2.0215633423180592;1;1.536388140161725;27;2.0215633423180592;11.11111111111111;0.08086253369272237;0.6469002695417789;1113.0;0;0;1;0;0.16172506738544473;0.0;0;0;0;1;0.40431266846361186;0.2425876010781671;1.2129380053908356;0.7277628032345013;0.16172506738544473
195892;147517;Josué Rodríguez;2019_2020;0.31070195627157654;4.453394706559264;4.76409666283084;59.82532751091703;0.7249712313003452;0.0;0.10356731875719218;2.796317606444189;0;0.8285385500575374;26;2.6927502876869966;0.0;0.0;0.5178365937859609;869.0;0;0;1;0;0.0;0.0;0;0;0;1;0.31070195627157654;0.0;0.10356731875719218;0.7249712313003452;0.4142692750287687
202223;162713;Delio Ojeda;2019_2020;0.061813186813186816;2.3798076923076925;3.090659340659341;77.89291882556131;2.2252747252747254;0.0;0.061813186813186816;4.17239010989011;0;0.4945054945054945;33;1.2671703296703296;8.571428571428571;0.09271978021978022;0.3090659340659341;2912.0;0;0;0;0;0.09271978021978022;0.0;0;0;0;1;0.7726648351648352;0.24725274725274726;0.21634615384615385;0.3399725274725275;0.0
208714;832001;Arley Rodríguez;2019_2020;0.10404624277456648;6.4508670520231215;0.20809248554913296;84.59821428571429;1.7687861271676302;0.10404624277456648;0.15606936416184972;0.10404624277456648;0;0.6242774566473989;26;1.976878612716763;6.666666666666667;0.05202312138728324;0.6763005780346821;1730.0;0;1;0;0;0.6242774566473989;0.0;1;0;0;1;0.4682080924855492;0.15606936416184972;1.2485549132947977;4.213872832369942;0.2601156069364162
211417;18305;José Canova;2019_2020;0.0;2.169811320754717;2.452830188679245;84.91048593350384;1.6981132075471699;0.0;0.0;2.7358490566037736;0;0.2830188679245283;26;0.6603773584905661;0.0;0.0;0.37735849056603776;954.0;0;0;1;0;0.0;0.0;0;0;0;0;0.0;0.0;0.09433962264150944;0.2830188679245283;0.2830188679245283
214624;345787;Josimar Vargas;2019_2020;0.0;4.318181818181818;2.3636363636363638;74.77064220183486;1.3636363636363635;0.09090909090909091;0.09090909090909091;1.4545454545454546;0;0.9545454545454546;29;1.3636363636363635;0.0;0.0;0.7727272727272727;1980.0;0;0;1;0;0.0;0.0;0;1;0;1;0.22727272727272727;0.09090909090909091;0.3181818181818182;2.590909090909091;0.22727272727272727
214810;339527;Cord Cleque;2019_2020;0.8538899430740038;5.863377609108159;2.390891840607211;77.81885397412199;0.5123339658444023;0.05692599620493359;0.22770398481973436;2.2770398481973433;0;0.967741935483871;32;1.252371916508539;10.0;0.05692599620493359;0.4554079696394687;1581.0;0;0;1;0;0.3415559772296015;0.0;0;0;0;1;0.17077798861480076;0.17077798861480076;0.4554079696394687;1.1954459203036054;0.22770398481973436
214813;345769;Cristian Dávila;2019_2020;0.0;1.7682619647355162;3.2191435768261965;79.36046511627907;1.9496221662468511;0.04534005037783375;0.04534005037783375;3.083123425692695;0;0.544080604534005;28;1.3602015113350125;0.0;0.0;0.181360201511335;1985.0;0;0;1;0;0.0906801007556675;0.0;0;0;0;1;0.22670025188916876;0.0906801007556675;0.181360201511335;0.22670025188916876;0.22670025188916876
216280;312274;Christian Adrianzén;2019_2020;1.1194029850746268;7.5;1.2313432835820894;77.63157894736842;0.11194029850746269;0.33582089552238803;0.44776119402985076;0.0;0;0.22388059701492538;25;1.007462686567164;0.0;0.0;1.2313432835820894;804.0;0;0;1;0;0.7835820895522387;0.0;1;0;0;1;0.44776119402985076;0.33582089552238803;2.2388059701492535;1.6791044776119401;0.11194029850746269
216291;925308;Junior Aguirre;2019_2020;1.5358361774744027;11.014139444173574;1.5358361774744027;82.34536082474226;0.39492930277913213;0.0;0.5704534373476353;0.21940516821062897;0;1.2286689419795223;27;1.272549975621648;5.357142857142857;0.13164310092637738;2.5012189176011703;2051.0;0;0;1;0;0.26328620185275475;0.0;1;0;0;0;1.053144807411019;0.8337396392003901;4.388103364212579;3.5104826913700635;0.3510482691370064
224652;925176;Hugo Ángeles;2019_2020;0.9702602230483272;7.260223048327138;2.107806691449814;79.06976744186046;1.1710037174721188;0.06691449814126393;0.20074349442379183;1.8736059479553904;0;0.9702602230483272;25;1.5055762081784387;5.555555555555555;0.03345724907063197;0.9702602230483272;2690.0;0;0;1;0;0.16728624535315986;0.0;0;0;0;1;0.20074349442379183;0.20074349442379183;0.6022304832713754;1.5055762081784387;0.3011152416356877
224683;1022066;Neil Marcos;2019_2020;0.21101992966002345;9.495896834701055;4.7479484173505275;87.68718801996673;0.9495896834701055;0.10550996483001172;0.21101992966002345;0.5275498241500586;0;0.9495896834701055;27;2.5322391559202813;0.0;0.0;0.9495896834701055;853.0;0;0;1;0;0.0;0.0;0;1;0;1;0.4220398593200469;0.31652989449003516;0.5275498241500586;3.4818288393903867;0.4220398593200469
224685;883391;Ederson Mogollón;2019_2020;0.07487520798668885;1.8344425956738768;3.182196339434276;72.07792207792207;1.684692179700499;0.0;0.07487520798668885;5.091514143094842;0;0.5615640599001663;26;1.5349417637271214;11.11111111111111;0.03743760399334443;0.22462562396006655;2404.0;0;0;1;0;0.03743760399334443;0.0;0;0;0;1;0.18718801996672213;0.07487520798668885;0.2995008319467554;0.5241264559068219;0.18718801996672213
226951;311418;Nicolás Raguso;2019_2020;0.6219151036525172;5.863770977295163;3.642645607107601;79.94505494505495;0.6219151036525172;0.17769002961500494;0.17769002961500494;2.309970384995064;0;1.4215202369200395;27;1.6880552813425467;0.0;0.0;0.8884501480750246;1013.0;0;0;0;1;0.0;0.0;0;0;0;0;0.5330700888450147;0.4442250740375123;0.4442250740375123;0.08884501480750247;0.35538005923000987
235508;982178;Alexi Gómez;2019_2020;0.8028545941123997;10.437109723461194;2.167707404103479;76.3671875;0.8028545941123997;0.08028545941123996;0.5619982158786797;0.9634255129348795;1;1.0437109723461195;26;1.7662801070472791;0.0;0.0;1.4451382694023194;1121.0;0;0;1;0;0.4817127564674398;0.0;0;0;1;0;0.8831400535236396;0.7225691347011597;0.9634255129348795;2.007136485280999;0.8831400535236396
249977;883294;Carlos Uribe;2019_2020;0.2658788774002954;12.363367799113737;4.519940915805022;86.83035714285714;1.329394387001477;0.0;0.2658788774002954;0.6646971935007385;0;1.4623338257016247;27;1.5952732644017726;12.5;0.1329394387001477;0.7976366322008863;677.0;0;0;1;0;0.0;0.0;0;1;0;1;0.5317577548005908;0.2658788774002954;0.0;2.3929098966026587;0.5317577548005908
249978;590480;Niger Vega;2019_2020;0.9608540925266904;9.288256227758007;0.6405693950177936;77.6923076923077;0.800711743772242;0.1601423487544484;0.1601423487544484;0.800711743772242;0;1.9217081850533808;25;2.882562277580071;18.181818181818183;0.3202846975088968;1.601423487544484;562.0;0;0;1;0;0.0;50.0;0;1;0;1;0.9608540925266904;0.6405693950177936;2.5622775800711746;1.7615658362989324;0.6405693950177936
250004;312270;Édinson Chávez;2019_2020;0.364741641337386;8.115501519756839;1.641337386018237;81.81818181818183;0.9118541033434651;0.0;0.182370820668693;1.641337386018237;0;3.1914893617021276;25;2.0972644376899696;25.0;0.0911854103343465;0.364741641337386;987.0;0;0;1;0;0.0911854103343465;0.0;0;0;1;1;0.0;0.182370820668693;0.6382978723404256;1.2765957446808511;0.0
250437;589448;Jean Pierre Archimbaud;2019_2020;0.05379557680812911;7.477585176329947;2.904961147638972;82.12005108556832;2.044231918708906;0.0;0.3227734608487747;1.1297071129707112;0;0.8069336521219367;24;2.0980274955170355;7.5;0.16138673042438734;0.7531380753138075;1673.0;0;0;1;0;0.05379557680812911;0.0;0;1;0;0;1.1297071129707112;0.6993424985056784;0.484160191273162;0.968320382546324;0.3227734608487747
250482;805353;Joao Villamarín;2019_2020;0.5172413793103449;6.310344827586207;0.5172413793103449;68.98148148148148;1.4482758620689655;0.20689655172413796;0.10344827586206898;1.2413793103448276;0;0.8275862068965518;27;2.896551724137931;20.0;0.3103448275862069;1.0344827586206897;870.0;0;0;1;0;0.5172413793103449;0.0;1;0;0;1;0.7241379310344828;0.7241379310344828;1.8620689655172415;3.103448275862069;0.3103448275862069
250737;805065;Rafael Guarderas;2019_2020;0.3044949250845819;8.438859352344128;1.8269695505074917;78.08988764044943;1.0874818753020783;0.0;0.3914934751087482;0.7829869502174964;1;1.3919768003866604;25;1.2179797003383277;0.0;0.0;0.9134847752537458;2069.0;0;0;1;0;0.17399710004833255;0.0;0;1;0;1;0.3479942000966651;0.17399710004833255;0.5219913001449976;1.2179797003383277;0.43499275012083133
250915;358194;Koichi Aparicio;2019_2020;0.0;2.142857142857143;3.0;79.3859649122807;1.2857142857142858;0.0;0.14285714285714285;5.857142857142857;0;0.42857142857142855;27;1.4285714285714286;0.0;0.0;0.14285714285714285;630.0;0;0;1;0;0.0;0.0;0;0;0;0;0.2857142857142857;0.0;0.0;0.14285714285714285;0.5714285714285714
250929;883298;Paulo Goyoneche;2019_2020;0.0;7.205240174672489;4.061135371179039;86.71875;1.0480349344978166;0.0;0.13100436681222707;1.703056768558952;0;1.3100436681222707;26;2.096069868995633;0.0;0.0;0.3930131004366812;687.0;0;0;1;0;0.0;0.0;0;1;0;0;0.26200873362445415;0.13100436681222707;0.26200873362445415;0.9170305676855894;0.6550218340611353
252209;368422;Adrián Balboa;2019_2020;0.13081395348837208;5.101744186046512;0.26162790697674415;57.49999999999999;6.148255813953488;0.13081395348837208;0.13081395348837208;0.7848837209302325;1;0.9156976744186046;25;1.569767441860465;15.789473684210526;0.39244186046511625;0.7848837209302325;688.0;0;0;0;1;1.0465116279069766;100.0;1;0;0;1;1.1773255813953487;1.1773255813953487;0.6540697674418604;0.9156976744186046;0.13081395348837208
260093;882838;David Díaz;2019_2020;0.5709342560553633;4.411764705882353;1.920415224913495;68.13953488372093;0.6228373702422145;0.051903114186851215;0.10380622837370243;1.920415224913495;0;0.6747404844290658;28;1.4013840830449829;0.0;0.0;0.7785467128027682;1734.0;0;0;1;0;0.051903114186851215;0.0;0;0;0;1;0.051903114186851215;0.0;0.31141868512110726;0.726643598615917;0.15570934256055363
260318;338883;Horacio Benincasa;2019_2020;0.09868421052631579;3.4539473684210527;1.973684210526316;75.18248175182481;1.7763157894736843;0.0;0.0;3.75;0;0.39473684210526316;25;1.0855263157894737;0.0;0.0;0.493421052631579;912.0;0;0;1;0;0.2960526315789474;0.0;0;0;1;1;0.09868421052631579;0.09868421052631579;0.19736842105263158;0.986842105263158;0.09868421052631579
267721;789878;Joel Amoroso;2019_2020;0.7725321888412017;7.982832618025751;0.6437768240343348;69.36936936936937;2.3175965665236054;0.0;0.6437768240343348;0.5150214592274678;1;0.9012875536480687;31;1.0300429184549356;0.0;0.0;0.7725321888412017;699.0;1;0;0;0;0.0;0.0;0;1;0;1;0.6437768240343348;0.38626609442060084;2.060085836909871;1.9313304721030042;0.38626609442060084
268806;924877;Mario Tajima;2019_2020;0.6146841206602163;6.7103016505406945;1.1269208878770631;76.17328519855594;0.5122367672168469;0.10244735344336937;0.30734206033010814;0.4097894137734775;0;2.305065452475811;26;1.63915765509391;0.0;0.0;1.5879339783722255;1757.0;0;0;1;0;0.05122367672168469;0.0;1;0;0;1;0.4097894137734775;0.4610130904951622;2.100170745589072;1.3830392714854867;0.20489470688673875
271676;590468;Jeremy Rostaing;2019_2020;0.15789473684210528;7.5;2.447368421052632;75.31760435571688;1.5789473684210527;0.0;0.07894736842105264;2.9210526315789473;0;1.5;24;1.973684210526316;12.5;0.07894736842105264;0.7894736842105263;1140.0;0;0;1;0;0.2368421052631579;0.0;0;0;0;1;0.39473684210526316;0.15789473684210528;0.4736842105263158;1.0263157894736843;0.31578947368421056
279387;339475;José Manzaneda;2019_2020;1.5714285714285714;7.0;0.8571428571428571;78.65168539325843;0.5714285714285714;0.0;0.42857142857142855;0.0;0;0.7142857142857143;24;3.142857142857143;9.090909090909092;0.14285714285714285;1.5714285714285714;630.0;0;0;1;0;0.2857142857142857;0.0;1;0;0;1;0.5714285714285714;0.5714285714285714;1.2857142857142858;2.2857142857142856;0.5714285714285714
284162;790029;Alexander Succar;2019_2020;0.31746031746031744;7.6190476190476195;0.0;73.48484848484848;1.5873015873015874;0.15873015873015872;0.9523809523809524;0.31746031746031744;1;0.9523809523809524;23;1.1111111111111112;6.666666666666667;0.15873015873015872;0.9523809523809524;567.0;0;0;1;0;0.31746031746031744;100.0;1;0;1;1;0.7936507936507937;0.6349206349206349;1.746031746031746;0.7936507936507937;0.4761904761904762
292729;384658;Alexis Cossio;2019_2020;1.0;5.0;1.5714285714285714;78.32167832167832;0.5714285714285714;0.07142857142857142;0.14285714285714285;1.1428571428571428;0;0.8571428571428571;24;1.1428571428571428;0.0;0.0;0.9285714285714286;1260.0;0;0;1;0;0.35714285714285715;0.0;0;0;0;0;0.5;0.0;0.35714285714285715;1.6428571428571428;0.0
30543;13527;Alberto Rodríguez;2019_2020;0.0;2.024825446082234;3.351435221101629;90.01560062402496;3.1419705197827774;0.0;0.0;5.096974398758728;1;0.13964313421256788;35;1.186966640806827;0.0;0.0;0.06982156710628394;1289.0;0;0;1;0;0.0;0.0;0;0;1;1;0.0;0.0;0.06982156710628394;1.4662529092319627;0.13964313421256788
325696;805056;Javier Núñez;2019_2020;0.620333141872487;9.460080413555428;1.7576105686387133;81.92567567567568;0.36186099942561745;0.10338885697874785;0.2584721424468696;0.2584721424468696;0;1.2923607122343481;22;1.1889718552556001;12.121212121212121;0.2067777139574957;1.395749569213096;1741.0;0;0;1;0;0.051694428489373924;100.0;1;0;0;0;0.7754164273406088;0.672027570361861;1.240666283744974;1.395749569213096;0.2067777139574957
330169;805451;Jarlín Quintero;2019_2020;0.12974531475252282;5.53580009610764;0.5622296972609322;76.63551401869158;1.7731859682844786;0.17299375300336375;0.5189812590100913;0.5189812590100913;0;0.25949062950504564;25;2.4219125420470924;13.114754098360656;0.3459875060067275;0.9082172032676598;2081.0;0;1;0;0;0.6054781355117731;100.0;1;0;0;1;1.2109562710235462;0.9082172032676598;2.075925036040365;1.7731859682844786;0.21624219125420469
330690;805068;Enmanuel Páucar;2019_2020;0.280811232449298;5.7566302652106085;1.8954758190327614;86.15702479338843;0.421216848673947;0.0702028081123245;0.280811232449298;0.0702028081123245;0;0.702028081123245;22;1.3338533541341655;0.0;0.0;0.421216848673947;1282.0;0;0;1;0;0.0;0.0;0;1;1;1;0.140405616224649;0.2106084243369735;0.842433697347894;0.6318252730109205;0.2106084243369735
330691;339481;Aldair Perleche;2019_2020;0.5930807248764415;6.746293245469523;2.224052718286656;76.57430730478589;0.8896210873146623;0.0;0.0;1.3344316309719935;0;0.8154859967051071;24;1.3344316309719935;33.33333333333333;0.07413509060955518;0.7413509060955519;1214.0;0;0;1;0;0.07413509060955518;0.0;0;0;0;0;0.07413509060955518;0.14827018121911037;0.37067545304777594;0.9637561779242174;0.22240527182866557
331818;805332;Miguel Carranza;2019_2020;1.232273838630807;10.87041564792176;0.8361858190709047;76.5696784073507;0.4841075794621027;0.08801955990220049;0.22004889975550124;0.30806845965770174;0;0.5721271393643031;23;1.628361858190709;14.285714285714285;0.17603911980440098;1.9364303178484108;2045.0;0;0;1;0;0.044009779951100246;0.0;1;0;0;1;0.6161369193154035;0.3960880195599022;3.3007334963325183;2.9486552567237165;0.13202933985330073
333025;805261;Nilson Loyola;2019_2020;0.1290785227680172;9.196844747221228;1.3553244890641807;83.06264501160094;1.5812119039082109;0.0322696306920043;0.1290785227680172;1.9684474722122625;1;0.419505198996056;24;1.0326281821441377;6.666666666666667;0.0645392613840086;0.7099318752240947;2789.0;0;0;1;0;0.0645392613840086;0.0;0;0;0;1;0.5485837217640732;0.29042667622803875;0.6776622445320903;1.4521333811401937;0.1290785227680172
334104;805267;Patricio Arce;2019_2020;1.0050761421319796;11.786802030456853;2.1928934010152283;81.07569721115537;0.18274111675126903;0.27411167512690354;0.27411167512690354;0.36548223350253806;0;1.8274111675126903;26;0.7309644670050761;5.88235294117647;0.09137055837563451;2.3756345177664975;985.0;0;0;1;0;0.09137055837563451;0.0;0;1;1;1;0.45685279187817257;0.8223350253807107;1.3705583756345177;1.1878172588832487;0.09137055837563451
335217;883397;Gerson Barreto;2019_2020;0.11228945726762321;10.218340611353712;2.301933873986276;80.18018018018019;1.291328758577667;0.0;0.11228945726762321;0.6175920149719277;1;2.245789145352464;23;2.863381160324392;8.333333333333332;0.056144728633811605;0.6175920149719277;1603.0;0;0;1;0;0.0;0.0;0;1;0;1;0.44915782907049284;0.11228945726762321;1.4597629444791018;2.133499688084841;0.33686837180286966
335720;876943;Aurelio Gonzales-Vigil;2019_2020;0.7531380753138075;8.786610878661088;0.8786610878661087;76.95852534562212;0.7531380753138075;0.12552301255230125;0.37656903765690375;0.6276150627615062;0;1.2552301255230125;23;2.6359832635983262;11.76470588235294;0.2510460251046025;1.1297071129707112;717.0;0;0;1;0;1.6317991631799162;0.0;1;0;0;1;1.2552301255230125;0.502092050209205;1.7573221757322175;1.3807531380753137;0.37656903765690375
338977;883406;Yordi Vílchez;2019_2020;0.14046039797112758;4.6000780335544285;4.98634412797503;66.97872340425532;2.2473663675380413;0.07023019898556379;0.07023019898556379;3.1954740538431525;0;0.8427623878267655;24;1.5801794771751854;0.0;0.0;0.21069059695669137;2563.0;0;0;1;0;0.10534529847834569;0.0;0;0;0;1;0.45649629340616465;0.24580569644947328;0.49161139289894656;0.45649629340616465;0.351150994927819
351561;831183;Carlo Diez;2019_2020;0.0;5.55984555984556;2.606177606177606;84.0;0.694980694980695;0.0;0.5212355212355212;0.8687258687258688;0;0.8687258687258688;23;1.0424710424710424;0.0;0.0;1.0424710424710424;518.0;0;0;1;0;0.0;0.0;0;1;1;0;0.0;0.3474903474903475;1.2162162162162162;0.694980694980695;0.17374517374517376
353196;886579;Ángelo Pizzorno;2019_2020;0.0;2.075892857142857;3.080357142857143;77.03252032520325;2.611607142857143;0.0;0.06696428571428571;6.227678571428571;0;0.4017857142857143;27;0.8705357142857143;0.0;0.0;0.06696428571428571;1344.0;0;0;0;1;0.0;0.0;0;0;0;1;0.26785714285714285;0.13392857142857142;0.5357142857142857;0.5357142857142857;0.13392857142857142
357124;805366;Oshiro Takeuchi;2019_2020;0.1195219123505976;7.051792828685259;0.8366533864541832;75.74257425742574;1.6733067729083664;0.0;0.597609561752988;1.3147410358565736;0;0.2390438247011952;24;2.151394422310757;13.043478260869565;0.3585657370517928;0.597609561752988;753.0;0;0;1;0;0.8366533864541832;0.0;1;0;0;0;1.3147410358565736;0.8366533864541832;1.6733067729083664;1.4342629482071712;0.1195219123505976
375353;1131302;Cristian Mejía;2019_2020;0.18357980622131567;7.20550739418664;1.0096889342172362;79.73640856672158;1.147373788883223;0.0;0.41305456399796026;0.36715961244263134;0;0.9637939826619072;26;2.11116777154513;2.631578947368421;0.04589495155532892;1.3768485466598674;1961.0;0;0;1;0;0.5048444671086181;0.0;0;1;0;0;0.8720040795512494;0.45894951555328917;1.0096889342172362;1.101478837327894;0.18357980622131567
383611;831182;Arly Benites;2019_2020;0.6623735050597976;10.763569457221712;0.24839006439742412;77.3936170212766;0.3311867525298988;0.0;0.24839006439742412;0.3311867525298988;0;0.6623735050597976;22;0.9935602575896965;0.0;0.0;1.2419503219871206;1087.0;0;0;1;0;0.5795768169273229;0.0;1;0;0;1;0.5795768169273229;0.4139834406623735;2.3183072677092915;1.8215271389144434;0.0
390609;868711;Eduardo Rabanal;2019_2020;0.8892548373816386;5.261424454508028;1.4820913956360644;76.21550591327201;0.9633594071634418;0.03705228489090161;0.18526142445450805;1.1115685467270482;1;0.7410456978180322;22;1.3709345409633595;5.0;0.03705228489090161;0.5928365582544257;2429.0;0;0;1;0;0.03705228489090161;0.0;0;0;0;1;0.3334705640181145;0.22231370934540964;0.9263071222725402;1.1115685467270482;0.29641827912721286
420869;883338;José Guidino;2019_2020;0.1863354037267081;2.049689440993789;1.1180124223602486;58.08823529411765;0.9316770186335405;0.0;0.1863354037267081;3.1677018633540377;0;0.3726708074534162;23;1.4906832298136647;0.0;0.0;0.3726708074534162;483.0;0;0;1;0;0.0;0.0;0;0;1;1;0.1863354037267081;0.0;0.5590062111801243;0.5590062111801243;0.3726708074534162
422934;876931;Erinson Ramírez;2019_2020;0.7912087912087913;9.098901098901099;0.5934065934065934;71.08433734939759;0.19780219780219782;0.0;0.19780219780219782;0.0;0;0.5934065934065934;21;0.39560439560439564;0.0;0.0;1.3846153846153846;455.0;0;0;1;0;0.19780219780219782;0.0;0;1;0;1;2.175824175824176;0.5934065934065934;0.989010989010989;2.175824175824176;0.0
434192;883768;David Dioses;2019_2020;0.07954043305346885;10.300486080424216;2.5850640742377373;83.69659982563208;0.6760936809544852;0.07954043305346885;0.1988510826336721;1.034025629695095;0;0.9147149801148917;23;1.6305788775961112;5.0;0.039770216526734424;1.3521873619089704;2263.0;0;0;1;0;0.1590808661069377;0.0;0;1;0;1;0.3579319487406098;0.23862129916040653;0.7158638974812196;0.7954043305346884;0.27839151568714093
434562;883279;Ronaldo Andía;2019_2020;0.2102803738317757;5.887850467289719;0.8411214953271028;82.75058275058275;0.6308411214953271;0.07009345794392523;0.0;0.8411214953271028;0;1.0514018691588785;21;1.7523364485981308;0.0;0.0;0.5607476635514018;1284.0;0;0;1;0;0.14018691588785046;0.0;0;0;0;0;0.0;0.0;0.35046728971962615;0.7710280373831775;0.14018691588785046
440005;892548;Franco Boló;2019_2020;1.1428571428571428;10.0;2.2857142857142856;77.82608695652173;0.42857142857142855;0.42857142857142855;0.7142857142857143;0.0;0;1.2857142857142858;25;1.8571428571428572;4.761904761904762;0.14285714285714285;1.4285714285714286;630.0;1;0;0;0;0.14285714285714285;0.0;1;0;0;1;1.7142857142857142;0.5714285714285714;1.5714285714285714;1.7142857142857142;0.2857142857142857
443987;883743;Junior Huerto;2019_2020;0.6803023566029347;5.282347710093375;1.9208537127612273;77.89473684210526;0.8803912850155625;0.1200533570475767;0.32014228546020457;2.9212983548243665;1;0.7603379279679858;20;1.3606047132058694;0.0;0.0;0.8003557136505114;2249.0;0;0;1;0;0.20008892841262785;0.0;0;0;0;1;0.44019564250778126;0.4001778568252557;0.6402845709204091;0.8003557136505114;0.280124499777679
44603;26874;Manuel Corrales;2019_2020;0.8114464915719326;8.925911407291258;1.9051352410819287;76.87443541102078;1.5876127009016072;0.10584084672677381;0.24696197569580555;2.5401803214425716;0;0.6703253626029008;36;1.164249313994512;7.142857142857142;0.10584084672677381;0.8820070560564485;2551.0;0;0;1;0;0.07056056448451588;0.0;0;0;0;0;0.9172873382987063;0.31752254018032144;0.4939239513916111;0.6703253626029008;0.1764014112112897
447934;882837;Roberto Villamarín;2019_2020;0.3435114503816794;2.7480916030534353;1.3740458015267176;64.90066225165563;1.8893129770992367;0.0;0.0;1.717557251908397;0;1.202290076335878;21;2.404580152671756;50.0;0.3435114503816794;0.1717557251908397;524.0;0;0;1;0;0.1717557251908397;0.0;0;0;0;1;0.3435114503816794;0.3435114503816794;1.0305343511450382;1.202290076335878;0.3435114503816794
453044;846808;Daniel Cabrera;2019_2020;0.2871729419272495;16.598596043395023;2.1825143586470963;83.47578347578347;0.574345883854499;0.0574345883854499;0.1148691767708998;0.574345883854499;1;1.723037651563497;21;0.7466496490108487;28.57142857142857;0.2297383535417996;1.0912571793235482;1567.0;0;0;1;0;0.0574345883854499;0.0;0;1;0;1;0.4020421186981493;0.2871729419272495;1.8953414167198468;1.3784301212507977;0.1723037651563497
458461;1020999;José Rivera;2019_2020;0.3437301082113304;8.421387651177595;0.4010184595798854;80.95238095238095;0.8593252705283259;0.2864417568427753;0.3437301082113304;0.05728835136855506;0;0.5728835136855506;22;1.6040738383195416;8.16326530612245;0.22915340547422025;2.0050922978994272;1571.0;0;0;1;0;0.4010184595798854;0.0;1;0;0;1;1.4894971355824316;0.973901973265436;1.947803946530872;1.6040738383195416;0.22915340547422025
470023;873706;Brayan Guevara;2019_2020;0.49518569463548834;4.828060522696012;0.8665749656121046;76.8;0.3713892709766162;0.24759284731774417;0.49518569463548834;0.0;0;1.237964236588721;21;0.8665749656121046;0.0;0.0;0.9903713892709767;727.0;0;0;1;0;0.0;0.0;0;0;0;1;0.24759284731774417;0.6189821182943605;1.8569463548830811;0.9903713892709767;0.24759284731774417
473579;876928;Luis Garro;2019_2020;0.44031311154598823;7.1330724070450096;0.8365949119373777;80.53977272727273;1.2328767123287672;0.08806262230919765;0.13209393346379647;1.9373776908023483;0;1.4530332681017613;22;2.24559686888454;5.0;0.04403131115459882;0.7045009784735812;2044.0;0;0;1;0;0.04403131115459882;0.0;0;0;0;1;0.39628180039138944;0.3522504892367906;1.2328767123287672;1.1007827788649707;0.3522504892367906
477378;883396;Carlos Cabello;2019_2020;0.3356956359567326;6.9824692279000375;1.3763521074226035;75.12846865364851;0.5706825811264453;0.06713912719134651;0.06713912719134651;1.9134651249533756;1;1.2085042894442373;21;1.8127564341663558;31.25;0.1678478179783663;0.7720999627004849;2681.0;0;0;1;0;0.06713912719134651;0.0;0;0;0;1;0.10070869078701977;0.36926519955240583;1.5441999254009697;1.2756434166355837;0.26855650876538606
477383;883388;Jeferson Collazos;2019_2020;0.07601351351351351;5.39695945945946;0.22804054054054054;72.16494845360825;3.3445945945945947;0.22804054054054054;0.9121621621621622;0.4560810810810811;0;0.15202702702702703;28;1.748310810810811;14.583333333333334;0.5320945945945946;1.2162162162162162;1184.0;0;1;0;0;1.4442567567567568;100.0;1;0;1;1;1.5962837837837838;1.1402027027027029;0.6841216216216216;1.0641891891891893;0.15202702702702703
482452;922007;Jimmy Valoyes;2019_2020;0.07287449392712551;4.117408906882591;5.611336032388664;75.68218298555377;2.5141700404858303;0.0;0.07287449392712551;5.465587044534414;0;0.2550607287449393;32;1.8947368421052633;4.0;0.03643724696356276;0.4008097165991903;2470.0;0;1;0;0;0.0;0.0;0;0;0;0;0.6923076923076924;0.14574898785425103;1.6032388663967612;0.9473684210526316;0.3643724696356275
483715;883812;Renato Espinosa;2019_2020;0.2714932126696833;4.886877828054299;0.746606334841629;72.66435986159169;1.7647058823529413;0.13574660633484165;0.20361990950226244;0.8144796380090498;0;0.6787330316742082;20;1.7647058823529413;13.333333333333334;0.2714932126696833;0.6108597285067874;1326.0;0;0;1;0;1.2895927601809956;100.0;1;0;1;1;0.8144796380090498;1.0180995475113124;0.5429864253393666;1.0180995475113124;0.06787330316742082
486265;882839;Jorge Murrugarra;2019_2020;0.12649332396345747;5.692199578355587;2.8460997891777935;79.6943231441048;1.5811665495432186;0.0;0.0;1.201686577652846;0;1.3914265635980323;22;2.7828531271960646;0.0;0.0;0.3794799718903724;1423.0;0;0;1;0;0.0;0.0;0;1;0;1;0.3162333099086437;0.06324666198172874;0.1897399859451862;1.201686577652846;0.25298664792691494
490717;924783;Jairo Concha;2019_2020;0.07092198581560284;12.198581560283689;2.765957446808511;85.48644338118022;0.5673758865248227;0.07092198581560284;0.6382978723404256;0.3546099290780142;0;1.9148936170212767;20;0.851063829787234;0.0;0.0;1.773049645390071;1269.0;0;0;1;0;0.2127659574468085;0.0;0;1;1;1;0.28368794326241137;0.49645390070921985;1.702127659574468;3.7588652482269502;0.0
501586;877910;Fabio Rojas;2019_2020;0.056568196103079824;1.8101822752985544;2.262727844123193;76.37614678899082;1.8667504714016343;0.0;0.0;3.33752357008171;0;1.2445003142677562;19;1.7536140791954746;0.0;0.0;0.2262727844123193;1591.0;0;0;1;0;0.0;0.0;0;0;1;1;0.16970458830923948;0.056568196103079824;0.056568196103079824;0.9050911376492772;0.33940917661847897
501653;874983;Flavio Gómez;2019_2020;0.12569832402234637;11.689944134078212;0.7541899441340782;83.33333333333334;0.6284916201117319;0.3770949720670391;0.5027932960893855;0.25139664804469275;0;1.3826815642458101;22;2.011173184357542;0.0;0.0;1.8854748603351954;716.0;0;0;1;0;0.5027932960893855;0.0;1;0;1;1;1.5083798882681565;0.6284916201117319;1.5083798882681565;2.2625698324022347;0.25139664804469275
51225;35621;Hernán Rengifo;2019_2020;0.0;5.676923076923077;0.34615384615384615;66.66666666666666;4.153846153846154;0.13846153846153847;0.13846153846153847;0.6923076923076923;0;0.34615384615384615;36;1.1076923076923078;7.894736842105263;0.20769230769230768;1.5923076923076922;1300.0;0;0;1;0;0.9692307692307692;0.0;1;0;0;0;1.523076923076923;0.9692307692307692;0.20769230769230768;1.9384615384615385;0.20769230769230768
515413;874981;Jesús Mendieta;2019_2020;0.2295918367346939;4.017857142857143;3.3290816326530615;62.0817843866171;1.4923469387755104;0.0;0.4591836734693878;2.7551020408163267;0;1.0331632653061225;21;0.9183673469387756;0.0;0.0;0.6887755102040817;784.0;0;0;1;0;0.0;0.0;0;0;1;1;0.34438775510204084;0.2295918367346939;0.34438775510204084;0.8035714285714286;0.11479591836734696
52358;19110;Alexander Sánchez;2019_2020;0.9769335142469472;11.356852103120762;1.0990502035278156;78.57142857142857;0.3663500678426052;0.0;0.1221166892808684;0.8548168249660788;0;0.4884667571234736;35;2.3202170963364996;33.33333333333333;0.2442333785617368;2.198100407055631;737.0;0;0;1;0;0.1221166892808684;0.0;0;1;0;1;0.1221166892808684;0.4884667571234736;3.419267299864315;1.7096336499321576;0.4884667571234736
54594;790020;Diego Manicero;2019_2020;1.6994492525570417;7.081038552321007;1.1329661683713612;67.0103092783505;0.4956726986624705;0.07081038552321008;0.7789142407553108;0.6372934697088907;0;0.8497246262785209;34;0.4956726986624705;2.857142857142857;0.07081038552321008;1.982690794649882;1271.0;1;0;0;0;0.21243115656963021;0.0;0;1;0;1;1.0621557828481512;0.6372934697088907;1.2037765538945713;1.2037765538945713;0.0
54934;868724;Pier Larrauri;2019_2020;0.2107728337236534;10.433255269320844;1.2646370023419204;81.59509202453987;1.4754098360655739;0.0;1.5807962529274004;0.1053864168618267;0;0.9484777517564402;25;2.2131147540983607;11.11111111111111;0.6323185011709602;1.053864168618267;854.0;0;0;1;0;0.1053864168618267;66.66666666666666;0;1;0;1;1.8969555035128804;2.2131147540983607;3.161592505854801;2.423887587822014;0.6323185011709602
56004;590448;Emiliano Ciucci;2019_2020;0.03923278116826504;4.66870095902354;2.589363557105493;67.86743515850145;2.1185701830863124;0.03923278116826504;0.3530950305143854;1.883173496076722;0;1.4123801220575416;33;2.079337401918047;3.7735849056603774;0.07846556233653008;0.4707933740191805;2294.0;1;0;0;0;0.0;0.0;0;1;0;1;1.1377506538796862;0.5884917175239757;0.6669572798605057;1.7654751525719268;0.3530950305143854
563397;922874;Anthony Osorio;2019_2020;0.08866995073891625;5.054187192118226;0.6206896551724137;77.98165137614679;2.216748768472906;0.0;0.2660098522167488;0.8866995073891625;0;0.6206896551724137;21;2.039408866995074;10.0;0.1773399014778325;1.064039408866995;1015.0;0;0;1;0;0.08866995073891625;0.0;1;0;1;1;0.9753694581280787;0.5320197044334976;0.70935960591133;1.3300492610837438;0.2660098522167488
582303;924782;Jesús Pretell;2019_2020;0.0;3.7333333333333334;1.0666666666666667;83.60655737704919;1.8666666666666667;0.0;0.0;0.6666666666666666;1;0.9333333333333333;20;2.933333333333333;0.0;0.0;0.13333333333333333;675.0;0;0;1;0;0.0;0.0;0;1;1;1;0.13333333333333333;0.0;0.26666666666666666;1.6;0.26666666666666666
582318;924923;Jhon Vega;2019_2020;0.0;3.9282250242483028;1.483996120271581;83.7772397094431;0.3491755577109602;0.0;0.08729388942774005;1.3967022308438408;0;1.7458777885548011;24;1.1348205625606207;0.0;0.0;0.2618816682832202;1031.0;0;0;1;0;0.08729388942774005;0.0;0;1;0;1;0.2618816682832202;0.1745877788554801;0.3491755577109602;0.6110572259941804;0.3491755577109602
59947;38516;Hervé Kambou;2019_2020;0.04113345521023766;2.838208409506399;3.414076782449726;83.6923076923077;1.7687385740402195;0.04113345521023766;0.0;2.221206581352834;0;0.4936014625228519;34;2.0155393053016453;12.5;0.04113345521023766;0.28793418647166363;2188.0;0;0;0;0;0.0;0.0;0;0;1;1;0.24680073126142596;0.08226691042047532;0.4524680073126143;1.0283363802559415;0.370201096892139
601307;941867;Mario Ramírez;2019_2020;1.3968957871396896;11.773835920177383;2.694013303769401;80.96330275229357;0.9478935698447893;0.0;0.19955654101995565;0.44900221729490025;0;1.147450110864745;29;1.3968957871396896;13.793103448275861;0.19955654101995565;2.1951219512195124;1804.0;0;1;0;0;0.0;0.0;0;1;0;0;0.6984478935698448;0.5487804878048781;2.444567627494457;3.7416851441241685;0.14966740576496673
63183;24651;Humberto Mendoza;2019_2020;0.0;2.25;6.0;78.07881773399015;1.75;0.08333333333333333;0.08333333333333333;3.9166666666666665;0;0.3333333333333333;34;1.25;11.11111111111111;0.08333333333333333;0.16666666666666666;1080.0;0;1;0;0;0.0;0.0;0;0;0;1;0.3333333333333333;0.3333333333333333;0.0;0.16666666666666666;0.16666666666666666
63451;26176;Damián Ísmodes;2019_2020;0.8860759493670886;5.189873417721519;0.12658227848101264;81.04575163398692;0.7594936708860759;0.0;0.2531645569620253;0.37974683544303794;0;0.8860759493670886;30;2.7848101265822782;0.0;0.0;1.1392405063291138;711.0;0;0;1;0;0.12658227848101264;0.0;1;0;0;0;0.37974683544303794;0.37974683544303794;2.6582278481012658;3.7974683544303796;0.2531645569620253
641820;933730;Brandon Palacios;2019_2020;0.7208237986270023;8.34096109839817;1.1327231121281465;76.22641509433963;1.1327231121281465;0.0;0.30892448512585813;0.41189931350114417;0;1.7505720823798627;21;1.6475972540045767;15.0;0.30892448512585813;1.2356979405034325;874.0;0;0;1;0;0.41189931350114417;0.0;1;0;1;1;0.8237986270022883;0.9267734553775745;1.3386727688787186;2.471395881006865;0.30892448512585813
653365;804780;Camilo Jiménez;2019_2020;0.052847915443335294;2.4838520258367587;3.065179095713447;73.58156028368793;1.4797416324133883;0.0;0.052847915443335294;5.28479154433353;0;0.6870229007633588;22;1.1098062243100413;16.666666666666664;0.052847915443335294;0.3170874926600118;1703.0;0;0;1;0;0.0;0.0;0;0;0;1;0.21139166177334118;0.052847915443335294;0.3170874926600118;0.5284791544333529;0.21139166177334118
653482;975238;Carlos Canales;2019_2020;0.0;8.01750772399588;2.085478887744593;85.4978354978355;0.9732234809474768;0.04634397528321318;0.13903192584963953;0.6024716786817713;0;1.575695159629248;27;1.3439752832131822;5.88235294117647;0.04634397528321318;0.6488156539649845;1942.0;0;0;1;0;0.0;0.0;0;1;0;0;0.4634397528321318;0.1853759011328527;1.529351184346035;2.270854788877446;0.04634397528321318
653484;975241;Erick Perleche;2019_2020;0.1829268292682927;7.926829268292684;1.0365853658536586;81.93018480492813;0.426829268292683;0.0;0.24390243902439027;0.6097560975609757;0;1.2195121951219514;18;1.3414634146341464;0.0;0.0;0.7926829268292683;1476.0;0;0;1;0;0.24390243902439027;0.0;0;0;0;0;0.426829268292683;0.426829268292683;0.7317073170731708;1.0365853658536586;0.24390243902439027
653691;976161;Pedro Casique;2019_2020;0.0;6.022304832713755;0.16728624535315986;81.35593220338984;0.3345724907063197;0.0;0.16728624535315986;0.16728624535315986;0;0.16728624535315986;18;1.1710037174721188;16.666666666666664;0.16728624535315986;1.003717472118959;538.0;0;0;1;0;0.3345724907063197;0.0;1;0;0;1;0.3345724907063197;0.5018587360594795;0.5018587360594795;1.8401486988847584;0.0
656061;977086;Cristian Carbajal;2019_2020;0.1814516129032258;4.627016129032258;2.631048387096774;76.74418604651163;0.907258064516129;0.0907258064516129;0.0907258064516129;2.3588709677419355;0;1.1794354838709677;19;1.4516129032258065;16.666666666666664;0.0907258064516129;0.7258064516129032;992.0;0;0;1;0;0.0907258064516129;0.0;0;0;1;1;0.2721774193548387;0.1814516129032258;0.5443548387096774;1.2701612903225807;0.1814516129032258
68542;83700;Germán Pacheco;2019_2020;0.8638272345530894;13.605278944211157;2.2675464907018594;77.27272727272727;0.21595680863827235;0.3779244151169766;1.349730053989202;0.16196760647870426;0;0.8638272345530894;28;0.647870425914817;8.333333333333332;0.3239352129574085;2.1055788842231555;1667.0;1;0;0;0;0.16196760647870426;0.0;0;1;1;1;1.295740851829634;1.241751649670066;1.0797840431913617;1.295740851829634;0.10797840431913618
68910;45882;José Carlos Fernández;2019_2020;0.0;4.5723962743437765;0.3048264182895851;61.14864864864865;7.0110076206604575;0.0;0.4572396274343777;1.066892464013548;0;0.6096528365791702;36;2.3624047417442844;20.833333333333336;0.3810330228619814;0.9144792548687554;1181.0;0;0;1;0;0.6858594411515665;100.0;1;0;0;0;0.838272650296359;0.533446232006774;0.07620660457239628;2.133784928027096;0.533446232006774
72659;33985;Adán Balbín;2019_2020;0.0;3.791436464088398;5.283149171270718;62.465753424657535;1.8646408839779005;0.0;0.18646408839779005;5.780386740331492;0;0.3729281767955801;32;0.4972375690607735;18.75;0.18646408839779005;0.12430939226519337;1448.0;0;0;1;0;0.18646408839779005;0.0;0;0;0;0;0.31077348066298344;0.4972375690607735;0.0;0.4350828729281768;0.062154696132596686
72673;883342;Adrián Zela;2019_2020;0.0625;3.6875;4.375;74.23014586709886;3.9375;0.0625;0.0625;4.125;0;1.0;30;1.6875;5.88235294117647;0.0625;0.125;1440.0;0;0;1;0;0.125;0.0;0;0;0;1;0.5;0.5;0.0;0.4375;0.4375
72680;13532;Luis Ramírez;2019_2020;0.47619047619047616;12.0;2.1904761904761907;82.32104121475055;1.6666666666666667;0.19047619047619047;0.47619047619047616;0.42857142857142855;0;1.0476190476190477;34;2.0476190476190474;6.896551724137931;0.09523809523809523;1.7142857142857142;1890.0;0;0;1;0;0.19047619047619047;0.0;0;1;1;1;0.5238095238095238;0.38095238095238093;1.0;2.0;0.38095238095238093
72684;960217;Júnior Ross;2019_2020;1.4537444933920705;8.325991189427313;0.7929515418502203;68.50828729281768;0.6607929515418502;0.2643171806167401;0.3303964757709251;0.06607929515418502;0;0.7929515418502203;33;0.7929515418502203;10.714285714285714;0.19823788546255508;2.1145374449339207;1362.0;0;0;1;0;0.4625550660792952;0.0;1;0;0;1;0.5286343612334802;0.9911894273127754;1.4537444933920705;2.1145374449339207;0.19823788546255508
72969;34016;Josepmir Ballón;2019_2020;0.07042253521126761;9.929577464788732;2.183098591549296;86.01864181091877;0.6338028169014085;0.07042253521126761;0.28169014084507044;0.6338028169014085;1;0.8450704225352114;31;0.5633802816901409;6.25;0.07042253521126761;0.6338028169014085;1278.0;0;0;1;0;0.07042253521126761;0.0;0;1;0;1;0.4225352112676057;0.4225352112676057;1.4788732394366197;0.21126760563380284;0.0
72971;26172;Jair Céspedes;2019_2020;0.6327543424317618;7.369727047146402;1.41439205955335;81.56732891832229;0.8933002481389578;0.0;0.11166253101736973;1.0794044665012408;0;1.0794044665012408;35;0.967741935483871;0.0;0.0;0.5955334987593052;2418.0;0;0;1;0;0.03722084367245657;0.0;0;0;1;1;0.18610421836228289;0.1488833746898263;1.1910669975186103;1.1538461538461537;0.26054590570719605
73705;249599;Donald Millán;2019_2020;0.3828429634881248;15.186104218362283;2.488479262672811;79.97086671522214;0.9252038284296349;0.28713222261609356;0.5742644452321871;0.8933002481389578;1;1.2761432116270826;33;1.4037575327897909;29.87012987012987;0.7337823466855725;2.520382842963488;2821.0;0;1;0;0;0.06380716058135413;100.0;0;1;1;1;0.6699751861042184;1.2123360510457284;2.0737327188940093;3.2222616093583833;0.25522864232541653
73780;38171;Carlos Preciado;2019_2020;0.6607236497115888;8.589407446250656;1.274252753015207;78.95595432300163;1.038280020975354;0.18877818563188253;1.038280020975354;0.3303618248557944;0;0.5663345568956476;34;1.7461982170949133;6.172839506172839;0.23597273203985317;1.7461982170949133;1907.0;0;1;0;0;0.2831672784478238;0.0;1;0;0;0;1.934976402726796;0.8495018353434713;2.076560041950708;2.3597273203985316;0.18877818563188253
74521;73331;Dahwling Leudo;2019_2020;0.09259259259259259;8.37962962962963;2.5925925925925926;84.61538461538461;2.1296296296296293;0.046296296296296294;0.09259259259259259;1.4351851851851851;0;0.7407407407407407;29;1.8055555555555554;4.0;0.046296296296296294;0.9259259259259258;1944.0;0;1;0;0;0.046296296296296294;0.0;0;1;1;0;0.7407407407407407;0.32407407407407407;0.23148148148148145;1.111111111111111;0.13888888888888887
76717;249305;Pablo Míguez;2019_2020;0.0;5.405147759771211;1.9304099142040039;82.06018518518519;1.8446139180171592;0.0;0.17159199237368924;1.801715919923737;1;1.11534795042898;32;1.7588179218303146;9.375;0.12869399428026693;0.7721639656816016;2098.0;0;0;0;1;0.0;0.0;0;0;0;1;0.686367969494757;0.5147759771210677;0.5147759771210677;0.7721639656816016;0.12869399428026693
78023;123245;Arquímedes Figuera;2019_2020;0.036855036855036855;6.2653562653562656;3.796068796068796;83.07560137457045;1.4004914004914004;0.036855036855036855;0.11056511056511056;1.6584766584766586;0;1.031941031941032;29;1.8796068796068797;0.0;0.0;0.515970515970516;2442.0;0;0;0;0;0.0;0.0;0;1;0;1;0.773955773955774;0.40540540540540543;0.7002457002457002;2.3955773955773956;0.257985257985258
82566;38020;Giancarlo Carmona;2019_2020;0.5479452054794521;7.625570776255708;2.0091324200913245;78.17969661610267;1.5068493150684932;0.13698630136986303;0.09132420091324202;1.2785388127853883;0;0.36529680365296807;33;1.3698630136986303;5.263157894736842;0.04566210045662101;0.6392694063926941;1971.0;0;0;1;0;0.09132420091324202;0.0;0;0;1;0;0.5479452054794521;0.22831050228310504;0.5936073059360731;0.7762557077625571;0.22831050228310504
82567;47397;Gary Correa;2019_2020;0.4;7.466666666666667;1.2;72.11538461538461;0.8;0.0;0.26666666666666666;0.9333333333333333;0;1.0666666666666667;29;0.9333333333333333;16.666666666666664;0.26666666666666666;1.4666666666666666;675.0;0;0;1;0;0.0;0.0;1;0;1;1;0.5333333333333333;0.8;0.26666666666666666;1.0666666666666667;0.26666666666666666
82570;924643;John Fajardo;2019_2020;0.0;3.0241051862673487;4.0759678597516436;84.29054054054053;1.3805697589481374;0.0;0.06574141709276844;3.550036523009496;0;0.19722425127830534;30;0.19722425127830534;0.0;0.0;0.13148283418553688;1369.0;0;0;1;0;0.0;0.0;0;0;0;0;0.26296566837107377;0.06574141709276844;0.3944485025566107;0.3944485025566107;0.06574141709276844
82585;38017;Jesús Rabanal;2019_2020;0.055487053020961775;3.5511713933415536;4.161528976572133;73.49042709867453;2.49691738594328;0.0;0.0;3.8286066584463625;0;0.9432799013563502;34;1.1097410604192355;33.33333333333333;0.11097410604192355;0.11097410604192355;1622.0;0;0;1;0;0.16646115906288533;0.0;0;0;0;1;0.2219482120838471;0.11097410604192355;0.499383477188656;0.7768187422934648;0.3884093711467324
82589;133862;Írven Ávila;2019_2020;0.26973026973026976;9.710289710289711;0.5394605394605395;78.70370370370371;1.8881118881118881;0.17982017982017984;0.6293706293706294;0.17982017982017984;1;0.26973026973026976;28;1.3486513486513487;8.333333333333332;0.17982017982017984;1.6183816183816184;1001.0;0;0;1;0;0.8091908091908092;0.0;1;0;0;1;0.8991008991008992;0.6293706293706294;0.4495504495504496;1.6183816183816184;0.0
84349;47413;Luis Trujillo;2019_2020;0.9944751381215469;12.265193370165745;5.027624309392265;82.61437908496731;0.7734806629834253;0.0;0.5524861878453038;0.9944751381215469;0;0.6077348066298343;28;1.43646408839779;0.0;0.0;1.6574585635359114;1629.0;0;0;1;0;0.0;0.0;0;0;0;0;0.9944751381215469;0.38674033149171266;1.2154696132596685;0.7734806629834253;0.2762430939226519
84506;47439;Christian Ramos;2019_2020;0.0;3.6160714285714284;3.4654017857142856;78.34254143646409;2.310267857142857;0.0;0.10044642857142858;4.017857142857142;1;0.10044642857142858;30;1.4564732142857142;0.0;0.0;0.2511160714285714;1792.0;0;0;1;0;0.05022321428571429;0.0;0;0;0;1;0.20089285714285715;0.05022321428571429;0.3515625;1.0546875;0.3515625
88042;805231;Lampros Kontogiannis;2019_2020;0.0;2.2802481902792144;1.814891416752844;75.61643835616438;2.6525336091003107;0.0;0.0;5.258531540847984;0;0.6049638055842813;30;0.8841778697001035;0.0;0.0;0.04653567735263703;1934.0;0;0;0;0;0.13960703205791108;0.0;0;0;0;1;0.1861427094105481;0.04653567735263703;0.04653567735263703;0.5118924508790073;0.04653567735263703
89576;819124;Jonathan Ávila;2019_2020;0.0;1.753958587088916;2.5213154689403168;83.04093567251462;2.4116930572472595;0.0;0.0;4.38489646772229;0;0.6577344701583435;27;1.9732034104750305;0.0;0.0;0.0;821.0;0;1;0;0;0.10962241169305725;0.0;0;0;0;1;0.10962241169305725;0.0;0.10962241169305725;0.5481120584652862;0.5481120584652862
90083;974455;Víctor Aquino;2019_2020;0.3879310344827586;7.758620689655172;0.5818965517241379;63.114754098360656;6.400862068965517;0.0;0.3879310344827586;0.5818965517241379;0;0.7758620689655172;33;2.3275862068965516;0.0;0.0;1.7456896551724137;464.0;0;0;0;0;0.3879310344827586;0.0;1;0;0;1;2.133620689655172;0.1939655172413793;0.3879310344827586;1.939655172413793;0.0
92150;877603;Luis Perea;2019_2020;0.0;3.393763596809282;1.501087744742567;68.04123711340206;6.330674401740391;0.0;0.19579405366207395;3.4590282813633064;0;0.5221174764321972;32;2.6758520667150107;13.333333333333334;0.1305293691080493;0.5221174764321972;1379.0;0;1;0;0;0.1305293691080493;0.0;1;0;0;1;0.45685279187817257;0.3263234227701233;0.6526468455402465;1.2400290065264683;0.3263234227701233
94364;946014;Miguel Curiel;2019_2020;0.4629629629629629;5.185185185185185;0.5555555555555555;63.95939086294417;3.888888888888889;0.0;0.8333333333333333;0.9259259259259258;0;0.37037037037037035;31;1.759259259259259;12.195121951219512;0.4629629629629629;1.0185185185185184;972.0;0;0;1;0;1.0185185185185184;100.0;1;0;0;1;1.6666666666666665;1.2962962962962963;0.4629629629629629;1.8518518518518516;0.18518518518518517
94735;311734;Marcos Delgado;2019_2020;0.39473684210526316;4.381578947368421;5.723684210526316;68.47237269772481;2.2894736842105265;0.0;0.07894736842105264;4.973684210526316;0;1.7763157894736843;31;2.486842105263158;4.166666666666666;0.03947368421052632;0.4736842105263158;2280.0;0;0;1;0;0.11842105263157895;0.0;0;0;0;0;0.5526315789473685;0.31578947368421056;0.39473684210526316;0.7894736842105263;0.39473684210526316
94761;883299;Janio Pósito;2019_2020;0.08547008547008547;6.410256410256411;0.3418803418803419;71.10266159695817;2.64957264957265;0.08547008547008547;0.3418803418803419;0.6837606837606838;0;1.1111111111111112;29;1.3675213675213675;6.666666666666667;0.17094017094017094;1.1111111111111112;1053.0;0;0;1;0;0.6837606837606838;0.0;1;0;1;0;1.3675213675213675;0.8547008547008548;0.4273504273504274;2.8205128205128207;0.08547008547008547
94877;106371;Jersson Vásquez;2019_2020;0.5325443786982248;5.893491124260355;2.2011834319526624;79.09371781668384;1.3846153846153846;0.14201183431952663;0.14201183431952663;1.5266272189349113;0;1.029585798816568;33;1.349112426035503;14.285714285714285;0.14201183431952663;0.8520710059171597;2535.0;0;0;1;0;0.2485207100591716;50.0;0;0;1;1;0.6035502958579881;0.2485207100591716;0.6035502958579881;1.4911242603550294;0.17751479289940827
95852;123238;Luis Álvarez;2019_2020;0.0;4.775510204081633;1.9836734693877551;81.89473684210526;1.0285714285714287;0.0;0.07346938775510205;1.9836734693877551;0;1.542857142857143;29;1.910204081632653;0.0;0.0;0.6612244897959184;1225.0;0;0;1;0;0.0;0.0;0;1;0;1;0.7346938775510204;0.22040816326530613;0.8816326530612245;0.9551020408163265;0.2938775510204082
100497;46980;Alejandro González;2020_2021;0.0;2.3601398601398604;3.618881118881119;77.0909090909091;2.3601398601398604;0.0;0.0;3.618881118881119;1;0.47202797202797203;32;0.47202797202797203;0.0;0.0;0.0;572.0;0;0;0;1;0.0;0.0;0;0;0;1;0.0;0.0;0.3146853146853147;0.7867132867132868;0.15734265734265734
106283;220935;Edson Aubert;2020_2021;0.7171314741035857;12.621513944223107;5.952191235059761;81.49425287356323;0.9322709163346613;0.07171314741035857;0.2868525896414343;0.7888446215139442;0;1.792828685258964;31;2.151394422310757;0.0;0.0;1.0756972111553784;1255.0;0;0;1;0;0.0;0.0;0;1;1;0;0.8605577689243028;0.6454183266932271;0.35856573705179284;0.7171314741035857;0.14342629482071714
108331;47449;Luis García;2020_2021;1.7348130841121496;14.929906542056075;3.6273364485981308;73.29255861365954;1.2616822429906542;0.31542056074766356;0.47313084112149534;0.052570093457943924;0;1.314252336448598;32;1.6296728971962617;14.285714285714285;0.31542056074766356;2.996495327102804;1712.0;0;0;1;0;0.2628504672897196;100.0;0;1;0;1;1.0514018691588785;0.6834112149532711;0.9462616822429907;3.574766355140187;0.3679906542056075
119365;882851;Joazhiño Arroé;2020_2021;1.5073891625615763;15.60591133004926;4.433497536945812;76.83823529411765;0.2660098522167488;0.0;0.8866995073891625;0.08866995073891625;0;0.6206896551724137;28;0.7980295566502462;8.88888888888889;0.354679802955665;2.394088669950739;1015.0;0;0;1;0;0.08866995073891625;0.0;0;1;1;1;1.5073891625615763;1.5960591133004924;1.5960591133004924;2.482758620689655;0.08866995073891625
120964;578352;Mauro Guevgeozián;2020_2021;0.12340036563071298;4.442413162705668;0.7815356489945156;66.18705035971223;1.7276051188299817;0.2056672760511883;0.5347349177330896;1.3162705667276051;0;0.2056672760511883;34;1.480804387568556;18.51851851851852;0.617001828153565;0.9460694698354662;2188.0;0;0;0;0;1.0283363802559415;85.71428571428571;1;0;0;1;1.480804387568556;1.3162705667276051;0.16453382084095064;0.8226691042047533;0.3290676416819013
140003;339523;Anier Figueroa;2020_2021;0.0;2.001482579688658;2.535211267605634;75.75757575757575;1.7346182357301705;0.0;0.0;4.069681245366938;0;0.4670126019273536;32;1.0674573758339512;0.0;0.0;0.06671608598962195;1349.0;0;1;0;0;0.06671608598962195;0.0;0;0;0;1;0.1334321719792439;0.06671608598962195;0.3335804299481097;0.8673091178650852;0.20014825796886582
146822;339169;Tarek Carranza;2020_2021;0.07234726688102894;8.247588424437298;4.991961414790997;79.15993537964458;2.315112540192926;0.0;0.14469453376205788;1.4469453376205788;0;1.012861736334405;28;1.3745980707395498;12.5;0.14469453376205788;0.7958199356913183;1244.0;0;0;1;0;0.0;100.0;0;1;0;1;0.7234726688102894;0.28938906752411575;0.5787781350482315;0.5787781350482315;0.14469453376205788
155041;123904;Othoniel Arce;2020_2021;0.4287983059820011;11.57755426151403;0.8099523557437799;77.95620437956204;1.9057702488088937;0.09528851244044469;0.3335097935415564;0.6670195870831128;0;0.5717310746426681;30;1.4769719428268926;18.571428571428573;0.6193753308628904;2.096347273689783;1889.0;0;0;0;0;1.095817893065114;100.0;1;0;1;0;1.4293276866066704;1.5722604552673374;0.9528851244044468;1.0005293806246691;0.14293276866066704
169992;786311;Ernest Nungaray;2020_2021;0.37447988904299584;7.115117891816921;2.4341192787794728;75.42087542087542;1.5603328710124826;0.12482662968099861;0.4368932038834952;1.3730929264909848;0;1.3730929264909848;28;1.3730929264909848;4.0;0.06241331484049931;0.9361997226074896;1442.0;0;0;0;0;0.06241331484049931;0.0;0;1;0;1;0.8737864077669903;0.24965325936199723;0.12482662968099861;0.8737864077669903;0.37447988904299584
176400;220931;Jorge Bazán;2020_2021;0.4572396274343777;16.079593564775614;0.838272650296359;85.90163934426229;0.6858594411515665;0.15241320914479256;0.9906858594411516;0.3810330228619814;0;0.3048264182895851;29;1.066892464013548;0.0;0.0;1.7527519051651144;1181.0;0;0;1;0;0.07620660457239628;0.0;1;0;0;0;0.4572396274343777;0.22861981371718884;0.9144792548687554;1.4479254868755294;0.0
187161;560054;Hansell Riojas;2020_2021;0.20571428571428574;5.04;6.12;74.96757457846952;2.16;0.051428571428571435;0.10285714285714287;4.062857142857143;0;0.7714285714285715;28;0.7714285714285715;9.090909090909092;0.051428571428571435;0.36000000000000004;1750.0;0;0;1;0;0.0;0.0;0;0;0;1;0.20571428571428574;0.2571428571428572;0.2571428571428572;0.6171428571428572;0.2571428571428572
189283;220921;Carlos Ascues;2020_2021;0.096051227321238;8.692636072572038;2.0170757737459977;80.62130177514793;0.816435432230523;0.144076840981857;0.576307363927428;0.8644610458911419;0;0.576307363927428;28;2.305229455709712;8.51063829787234;0.192102454642476;1.0565635005336178;1874.0;0;0;1;0;0.576307363927428;0.0;0;0;1;0;0.576307363927428;1.104589114194237;0.9124866595517609;1.152614727854856;0.288153681963714
194999;248059;Raziel García;2020_2021;1.4600231749710313;18.146002317497103;3.962920046349942;79.8804780876494;0.7300115874855156;0.3128621089223639;0.3128621089223639;0.0;0;0.7300115874855156;26;1.3557358053302433;0.0;0.0;2.9200463499420626;863.0;0;0;1;0;0.0;0.0;0;1;0;1;0.5214368482039398;0.7300115874855156;2.190034762456547;0.7300115874855156;0.2085747392815759
195858;826377;Yhirbis Córdova;2020_2021;0.4225352112676056;6.197183098591549;3.192488262910798;71.67630057803468;0.704225352112676;0.0;0.18779342723004694;1.6901408450704225;0;0.704225352112676;29;1.6901408450704225;9.090909090909092;0.046948356807511735;0.704225352112676;1917.0;0;0;1;0;0.0;0.0;0;0;0;1;0.14084507042253522;0.18779342723004694;0.32863849765258213;1.8309859154929577;0.32863849765258213
196037;340077;Pablo Lavandeira;2020_2021;0.12534818941504178;6.267409470752089;0.6267409470752089;71.14093959731544;0.37604456824512533;0.25069637883008355;0.7520891364902507;0.6267409470752089;0;0.5013927576601671;30;1.2534818941504178;15.789473684210526;0.37604456824512533;1.8802228412256268;718.0;0;0;0;1;0.25069637883008355;100.0;0;1;1;1;0.7520891364902507;0.8774373259052924;0.6267409470752089;1.2534818941504178;0.25069637883008355
201043;358202;Gianmarco Gambetta;2020_2021;0.0;2.633228840125392;4.7962382445141065;74.16267942583733;2.9153605015673985;0.0;0.09404388714733543;5.36050156739812;0;0.658307210031348;29;2.0689655172413794;0.0;0.0;0.0;957.0;0;0;1;0;0.0;0.0;0;0;0;1;0.09404388714733543;0.09404388714733543;0.2821316614420063;0.5642633228840126;0.2821316614420063
202906;339657;Felipe Rodríguez;2020_2021;2.216748768472906;9.753694581280788;1.463054187192118;75.8815232722144;0.354679802955665;0.31034482758620685;0.31034482758620685;0.2660098522167488;0;1.41871921182266;30;1.064039408866995;19.51219512195122;0.354679802955665;2.482758620689655;2030.0;0;0;0;1;0.08866995073891625;62.5;1;0;0;1;0.5320197044334976;0.9753694581280787;1.9507389162561575;2.083743842364532;0.22167487684729062
207246;249403;Martín Pérez Guedes;2020_2021;0.7730061349693251;12.478527607361963;3.754601226993865;83.5030549898167;0.9938650306748467;0.22085889570552147;0.5521472392638037;0.44171779141104295;0;0.33128834355828224;28;1.1042944785276074;12.5;0.33128834355828224;1.325153374233129;815.0;1;0;0;0;0.11042944785276074;100.0;0;1;0;1;1.2147239263803682;0.8834355828220859;1.9877300613496933;1.8773006134969326;0.44171779141104295
208714;832001;Arley Rodríguez;2020_2021;0.2869287991498406;7.029755579171095;0.5738575982996812;76.0;1.5781083953241233;0.04782146652497343;0.5260361317747078;1.3390010626992561;1;0.6695005313496281;27;1.434643995749203;11.428571428571429;0.19128586609989373;1.1477151965993624;1882.0;0;1;0;0;0.38257173219978746;0.0;1;0;0;1;0.6695005313496281;0.4782146652497343;0.6695005313496281;3.2518597236981934;0.1434643995749203
212434;830663;Alejandro Hohberg;2020_2021;1.6611452910553715;12.437292948414576;2.0018930430667297;77.43142144638404;0.5537150970184571;0.29815428300993846;0.7240889730241363;0.2555608140085187;1;0.38334122101277807;28;1.2352106010411736;15.476190476190476;0.5537150970184571;1.8741126360624705;2113.0;0;0;1;0;0.6389020350212967;85.71428571428571;1;0;1;1;1.4907714150496925;1.362991008045433;0.8518693800283956;2.0870799810695693;0.12778040700425936
214719;220929;Carlos Beltrán;2020_2021;0.06896551724137931;5.448275862068965;5.379310344827586;82.67716535433071;2.8275862068965516;0.0;0.06896551724137931;2.0689655172413794;0;0.4827586206896552;29;1.5862068965517242;7.6923076923076925;0.06896551724137931;0.13793103448275862;1305.0;1;0;0;0;0.0;0.0;0;1;1;1;0.6896551724137931;0.13793103448275862;0.6206896551724138;1.8620689655172413;0.3448275862068966
216800;324943;Patricio Rubio;2020_2021;0.13024602026049203;11.070911722141823;1.3024602026049203;73.59307359307358;1.6931982633863965;0.13024602026049203;0.7814761215629522;0.5209840810419681;1;1.1722141823444283;31;1.1722141823444283;10.0;0.26049204052098407;1.4327062228654124;691.0;0;0;0;0;0.5209840810419681;0.0;1;0;0;1;1.0419681620839363;0.7814761215629522;0.5209840810419681;2.0839363241678726;0.13024602026049203
224670;339177;Rodrigo Cuba;2020_2021;0.6876790830945559;5.587392550143266;2.0630372492836675;73.44632768361582;3.1805157593123212;0.25787965616045844;0.08595988538681949;2.0630372492836675;0;0.7736389684813754;28;1.1174785100286533;18.181818181818183;0.17191977077363899;1.6332378223495703;1047.0;0;0;1;0;0.25787965616045844;0.0;0;0;0;1;0.6017191977077364;0.25787965616045844;0.34383954154727797;0.6876790830945559;0.08595988538681949
235508;982178;Alexi Gómez;2020_2021;1.2042818911685995;11.239964317573595;2.408563782337199;75.7469244288225;0.5619982158786797;0.0;0.32114183764495985;0.8831400535236396;0;0.8028545941123997;27;2.8902765388046388;7.142857142857142;0.08028545941123996;1.2042818911685995;1121.0;0;0;1;0;0.32114183764495985;100.0;0;0;1;0;0.6422836752899197;0.16057091882247992;1.3648528099910793;2.167707404103479;0.7225691347011597
250004;312270;Édinson Chávez;2020_2021;0.1784534038334435;7.911434236615995;2.6768010575016525;77.8125;0.5948446794448117;0.059484467944481166;0.0;1.427627230667548;0;0.9517514871116987;26;1.8440185062789163;0.0;0.0;0.8922670191672175;1513.0;0;0;1;0;0.0;0.0;0;0;0;0;0.4163912756113682;0.059484467944481166;0.8922670191672175;0.9517514871116987;0.11896893588896233
250482;805353;Joao Villamarín;2020_2021;0.6862745098039216;6.372549019607844;0.8823529411764707;75.82938388625593;1.0784313725490198;0.19607843137254904;0.7843137254901962;0.4901960784313726;0;0.4901960784313726;28;3.1372549019607847;11.538461538461538;0.29411764705882354;1.2745098039215688;918.0;0;0;1;0;2.3529411764705883;0.0;1;0;0;0;0.6862745098039216;1.0784313725490198;0.7843137254901962;2.1568627450980395;0.3921568627450981
250915;358194;Koichi Aparicio;2020_2021;0.0;1.8947368421052633;3.9009287925696596;71.25256673511294;2.061919504643963;0.0;0.05572755417956657;3.7337461300309602;0;0.6130030959752323;28;1.3931888544891642;12.5;0.05572755417956657;0.1671826625386997;1615.0;0;0;1;0;0.0;0.0;0;0;0;1;0.2786377708978328;0.11145510835913314;0.11145510835913314;0.6687306501547988;0.11145510835913314
267638;790008;Marcos Riquelme;2020_2021;0.12517385257301808;4.130737134909596;0.37552155771905427;64.1025641025641;3.5048678720445063;0.0;0.7510431154381085;0.6258692628650904;1;0.5006954102920723;32;1.1265646731571628;15.0;0.7510431154381085;0.8762169680111266;719.0;1;0;0;0;1.0013908205841446;0.0;1;0;0;1;2.3783031988873433;1.877607788595271;0.7510431154381085;0.7510431154381085;0.12517385257301808
271676;590468;Jeremy Rostaing;2020_2021;0.3472668810289389;5.035369774919614;2.662379421221865;72.34513274336283;1.215434083601286;0.0;0.17363344051446944;2.6045016077170415;0;1.157556270096463;25;2.02572347266881;7.142857142857142;0.05787781350482315;0.4630225080385852;1555.0;0;0;1;0;0.05787781350482315;0.0;0;0;0;1;0.3472668810289389;0.28938906752411575;0.2315112540192926;1.5048231511254018;0.40514469453376206
275266;339171;Ítalo Regalado;2020_2021;0.3210463733650416;6.741973840665874;0.1070154577883472;67.12328767123287;2.4613555291319855;0.0;0.1070154577883472;0.8561236623067776;0;1.3912009512485135;24;2.4613555291319855;6.666666666666667;0.1070154577883472;1.177170035671819;841.0;0;0;1;0;0.6420927467300832;0.0;1;0;0;1;0.6420927467300832;0.8561236623067776;0.4280618311533888;1.9262782401902496;0.2140309155766944
279380;883343;Aldair Salazar;2020_2021;0.5263157894736842;4.802631578947369;3.355263157894737;75.4071661237785;0.7894736842105263;0.0;0.0;1.7105263157894737;0;0.7894736842105263;25;1.4473684210526316;0.0;0.0;0.39473684210526316;1368.0;0;0;1;0;0.06578947368421052;0.0;0;0;1;1;0.32894736842105265;0.13157894736842105;0.06578947368421052;1.1842105263157896;0.46052631578947373
279387;339475;José Manzaneda;2020_2021;1.9328859060402683;13.04697986577181;1.087248322147651;80.78078078078079;0.4832214765100671;0.0;0.7248322147651006;0.12080536912751677;1;0.3624161073825503;25;1.570469798657718;5.555555555555555;0.12080536912751677;2.174496644295302;745.0;0;0;1;0;0.4832214765100671;100.0;1;0;0;1;0.7248322147651006;0.7248322147651006;1.6912751677852347;2.416107382550335;0.4832214765100671
292729;384658;Alexis Cossio;2020_2021;1.0895883777239708;6.246973365617433;1.0532687651331718;77.363184079602;0.9079903147699757;0.18159806295399514;0.4358353510895884;1.5980629539951572;0;0.9079903147699757;25;1.7070217917675543;3.0303030303030303;0.03631961259079903;1.0895883777239708;2478.0;0;0;1;0;0.29055690072639223;0.0;0;0;0;0;0.4358353510895884;0.32687651331719125;0.4721549636803874;1.5617433414043582;0.29055690072639223
30543;13527;Alberto Rodríguez;2020_2021;0.0;2.1660649819494586;4.44043321299639;82.15102974828376;3.0324909747292423;0.0;0.0;3.8989169675090256;0;0.21660649819494587;36;1.624548736462094;0.0;0.0;0.10830324909747294;831.0;0;0;1;0;0.0;0.0;0;0;1;1;0.21660649819494587;0.0;0.43321299638989175;1.5162454873646212;0.21660649819494587
320749;385418;Joaquín Aguirre;2020_2021;0.7056694813027745;7.762364294330519;2.768395657418577;72.09985315712188;0.5971049457177322;0.10856453558504223;0.3256936067551267;1.8455971049457178;0;1.0856453558504222;24;1.8455971049457178;7.6923076923076925;0.05428226779252111;1.0313630880579012;1658.0;0;0;1;0;0.05428226779252111;0.0;0;0;0;1;0.27141133896260555;0.10856453558504223;0.7056694813027745;1.0856453558504222;0.27141133896260555
325591;875662;Kevin Ruiz;2020_2021;0.29379760609358;6.267682263329706;0.58759521218716;69.9074074074074;1.5669205658324266;0.09793253536452666;0.58759521218716;0.09793253536452666;0;0.29379760609358;25;2.7421109902067466;14.285714285714285;0.19586507072905332;0.88139281828074;919.0;0;0;1;0;0.6855277475516867;0.0;1;0;0;1;0.39173014145810664;0.39173014145810664;1.9586507072905333;2.9379760609358;0.09793253536452666
325726;846366;Adrián Ugarriza;2020_2021;0.0;6.29126213592233;0.17475728155339806;73.8255033557047;2.621359223300971;0.0;0.34951456310679613;0.8737864077669902;0;0.6990291262135923;23;2.4466019417475726;0.0;0.0;0.0;515.0;0;0;1;0;0.8737864077669902;0.0;1;0;0;1;0.8737864077669902;0.34951456310679613;1.7475728155339805;1.7475728155339805;0.34951456310679613
330169;805451;Jarlín Quintero;2020_2021;0.14586709886547813;6.053484602917342;0.5105348460291734;76.23762376237624;2.0421393841166937;0.0;0.2188006482982172;0.9481361426256079;0;0.2188006482982172;26;2.9173419773095626;34.48275862068966;0.7293354943273906;0.8752025931928687;1234.0;0;1;0;0;0.4376012965964344;100.0;1;0;0;1;0.7293354943273906;1.166936790923825;2.1880064829821717;2.0421393841166937;0.3646677471636953
330690;805068;Enmanuel Páucar;2020_2021;0.0;4.060150375939849;3.3834586466165413;85.65400843881856;0.8458646616541353;0.0;0.0;1.1842105263157894;0;0.5075187969924811;23;1.5225563909774436;0.0;0.0;0.16917293233082706;532.0;0;0;1;0;0.0;0.0;0;1;1;1;0.16917293233082706;0.0;0.6766917293233082;1.8609022556390977;0.5075187969924811
338977;883406;Yordi Vílchez;2020_2021;0.0;2.4120603015075375;3.7688442211055273;71.42857142857143;2.5628140703517586;0.0;0.1507537688442211;3.015075376884422;1;0.9045226130653266;25;2.2613065326633164;14.285714285714285;0.1507537688442211;0.3015075376884422;597.0;0;0;1;0;0.0;0.0;0;0;0;0;0.6030150753768844;0.3015075376884422;0.0;0.3015075376884422;0.3015075376884422
352344;876926;Francisco Duclós;2020_2021;0.0;6.737967914438502;4.331550802139037;85.01170960187353;1.2032085561497325;0.0;0.0;2.6470588235294117;0;0.24064171122994651;24;2.286096256684492;0.0;0.0;0.0;748.0;0;0;1;0;0.0;0.0;0;0;1;1;0.0;0.0;0.24064171122994651;0.9625668449197861;0.24064171122994651
357124;805366;Oshiro Takeuchi;2020_2021;0.14492753623188406;6.3768115942028984;0.14492753623188406;84.27672955974843;0.43478260869565216;0.0;0.2898550724637681;0.8695652173913043;0;0.7246376811594203;25;1.5942028985507246;11.11111111111111;0.2898550724637681;0.43478260869565216;621.0;0;0;1;0;0.2898550724637681;0.0;1;0;0;1;1.7391304347826086;0.5797101449275363;1.4492753623188406;1.8840579710144927;0.2898550724637681
35805;20820;Rinaldo Cruzado;2020_2021;1.618705035971223;13.273381294964029;3.884892086330935;77.65042979942693;0.8093525179856115;0.0;0.0;0.3237410071942446;0;2.9136690647482015;35;2.5899280575539567;0.0;0.0;2.1043165467625897;556.0;0;0;1;0;0.1618705035971223;0.0;0;1;1;1;0.6474820143884892;0.0;0.4856115107913669;1.4568345323741008;0.4856115107913669
366028;826376;Axel Sánchez;2020_2021;0.0684931506849315;6.164383561643835;3.219178082191781;84.83412322274881;0.7534246575342466;0.0684931506849315;0.0;1.2328767123287672;0;1.6438356164383563;23;1.7123287671232876;14.285714285714285;0.0684931506849315;0.547945205479452;1314.0;0;0;1;0;0.0;0.0;0;1;0;1;0.3424657534246575;0.136986301369863;0.7534246575342466;0.9589041095890412;0.0684931506849315
368844;924924;Carlos Neyra;2020_2021;0.7081967213114755;7.731147540983607;2.478688524590164;80.46511627906978;0.4721311475409837;0.11803278688524592;0.0;1.1803278688524592;0;1.1213114754098361;25;1.9475409836065576;0.0;0.0;0.8262295081967214;1525.0;0;0;1;0;0.05901639344262296;0.0;0;0;1;0;0.17704918032786887;0.05901639344262296;0.4131147540983607;1.8295081967213116;0.35409836065573774
375178;805270;Paolo Fuentes;2020_2021;0.1020408163265306;1.7346938775510203;2.8571428571428568;83.48416289592761;2.8571428571428568;0.0;0.3061224489795918;4.081632653061225;0;0.4081632653061224;24;2.2448979591836733;14.285714285714285;0.1020408163265306;0.0;882.0;0;0;1;0;0.0;0.0;0;0;1;0;0.1020408163265306;0.3061224489795918;0.3061224489795918;0.6122448979591836;0.4081632653061224
375364;805259;Mario Palomino;2020_2021;0.0;9.370932754880695;3.1236442516268985;77.84810126582279;0.7809110629067246;0.0;0.19522776572668116;1.7570498915401302;0;1.5618221258134493;26;2.3427331887201737;0.0;0.0;0.9761388286334057;461.0;0;0;1;0;0.0;0.0;0;1;0;1;0.5856832971800434;0.5856832971800434;0.3904555314533623;3.5140997830802605;0.19522776572668116
390609;868711;Eduardo Rabanal;2020_2021;0.9246575342465754;9.246575342465754;3.5445205479452055;74.80916030534351;1.386986301369863;0.0;0.0;1.0787671232876712;0;0.7705479452054794;23;1.2328767123287672;0.0;0.0;0.4623287671232877;584.0;0;0;1;0;0.0;0.0;0;0;1;0;0.4623287671232877;0.0;0.1541095890410959;1.0787671232876712;0.3082191780821918
398023;836280;Alexis Rojas;2020_2021;0.44226044226044225;6.744471744471745;0.3316953316953317;74.68879668049793;0.44226044226044225;0.0;0.3316953316953317;0.9950859950859952;0;0.6633906633906634;24;0.8845208845208845;0.0;0.0;1.2162162162162162;814.0;0;0;1;0;0.22113022113022113;0.0;1;0;1;1;0.5528255528255528;0.3316953316953317;1.9901719901719903;3.316953316953317;0.0
409092;926640;Gonzalo Rizzo;2020_2021;0.04648760330578512;2.5568181818181817;3.5330578512396693;66.7687595712098;2.7427685950413223;0.0;0.04648760330578512;4.1838842975206605;0;0.9297520661157024;24;1.2086776859504131;25.0;0.09297520661157024;0.1859504132231405;1936.0;0;0;0;1;0.04648760330578512;0.0;0;0;0;1;0.1859504132231405;0.13946280991735535;0.5113636363636364;0.9762396694214875;0.1859504132231405
422855;883329;Luis Benites;2020_2021;0.944386149003148;7.08289611752361;2.36096537250787;79.5673076923077;0.944386149003148;0.0;0.1888772298006296;1.794333683105981;0;2.4554039874081846;23;1.3221406086044072;0.0;0.0;0.5666316894018888;953.0;0;0;1;0;0.0;0.0;1;0;0;1;0.0944386149003148;0.0944386149003148;0.944386149003148;1.6998950682056664;0.1888772298006296
422934;876931;Erinson Ramírez;2020_2021;2.1072088724584104;6.598890942698706;1.21996303142329;71.2468193384224;0.44362292051756;0.277264325323475;0.720887245841035;0.44362292051756;0;0.6654343807763401;22;0.831792975970425;12.280701754385964;0.38817005545286504;2.3844731977818854;1623.0;0;0;1;0;0.11090573012939;0.0;0;1;0;1;1.44177449168207;0.99815157116451;0.831792975970425;1.1090573012939;0.0
433698;887125;José Bolívar;2020_2021;0.6308411214953271;5.940420560747664;2.94392523364486;77.24867724867724;0.8936915887850467;0.052570093457943924;0.052570093457943924;2.207943925233645;0;0.9988317757009346;20;1.6822429906542056;0.0;0.0;0.9462616822429907;1712.0;0;0;1;0;0.10514018691588785;0.0;0;0;0;1;0.15771028037383178;0.2102803738317757;0.9462616822429907;0.6308411214953271;0.2102803738317757
434192;883768;David Dioses;2020_2021;0.5863192182410424;7.255700325732899;1.5390879478827362;80.99838969404188;0.8061889250814332;0.0732899022801303;0.36644951140065146;0.8061889250814332;0;1.0260586319218241;24;1.6123778501628665;0.0;0.0;1.1726384364820848;1228.0;0;0;1;0;0.2931596091205212;0.0;0;1;0;1;0.0732899022801303;0.4397394136807818;0.5130293159609121;0.8061889250814332;0.5130293159609121
439631;876929;Kevin Quevedo;2020_2021;0.6967213114754098;7.950819672131148;0.49180327868852464;80.03629764065336;0.45081967213114754;0.20491803278688525;0.5737704918032788;0.0819672131147541;1;0.45081967213114754;23;1.3934426229508197;25.757575757575758;0.6967213114754098;1.3524590163934427;2196.0;0;0;1;0;0.45081967213114754;0.0;1;0;0;1;0.778688524590164;1.3524590163934427;1.639344262295082;2.377049180327869;0.24590163934426232
441758;879621;José Luján;2020_2021;0.04928806133625411;2.9572836801752467;4.879518072289157;79.57351290684625;2.217962760131435;0.0;0.04928806133625411;4.288061336254107;1;0.39430449069003287;23;1.1829134720700987;0.0;0.0;0.09857612267250822;1826.0;0;0;1;0;0.04928806133625411;0.0;0;0;0;1;0.29572836801752467;0.09857612267250822;0.09857612267250822;0.5421686746987953;0.09857612267250822
44603;26874;Manuel Corrales;2020_2021;0.7731958762886598;8.65979381443299;2.319587628865979;66.23376623376623;2.319587628865979;0.0;0.15463917525773196;1.2371134020618557;0;1.0824742268041236;37;2.1649484536082473;0.0;0.0;0.30927835051546393;582.0;0;0;1;0;0.0;0.0;0;0;0;1;0.0;0.30927835051546393;0.15463917525773196;0.9278350515463918;0.15463917525773196
453044;846808;Daniel Cabrera;2020_2021;1.0327868852459017;19.62295081967213;2.360655737704918;85.01118568232661;0.14754098360655737;0.14754098360655737;0.29508196721311475;0.4426229508196721;0;2.0655737704918034;22;1.7704918032786885;9.090909090909092;0.14754098360655737;2.0655737704918034;610.0;0;0;1;0;0.14754098360655737;0.0;0;1;1;0;0.7377049180327869;0.5901639344262295;1.4754098360655739;1.3278688524590163;0.29508196721311475
483713;882860;Luis Carranza;2020_2021;0.8812729498164015;7.711138310893513;1.211750305997552;74.2489270386266;0.8812729498164015;0.22031823745410037;0.5507955936352509;0.11015911872705018;0;0.11015911872705018;21;2.2031823745410035;2.941176470588235;0.11015911872705018;1.5422276621787026;817.0;0;0;1;0;0.44063647490820074;0.0;1;0;1;1;1.6523867809057529;1.5422276621787026;1.6523867809057529;3.1946144430844554;0.33047735618115054
483714;883296;Kevin Sandoval;2020_2021;1.119005328596803;11.030195381882772;1.119005328596803;81.5068493150685;0.719360568383659;0.07992895204262877;0.3996447602131439;0.5595026642984015;0;0.23978685612788633;23;1.438721136767318;18.181818181818183;0.3197158081705151;1.8383658969804617;1126.0;0;0;1;0;0.07992895204262877;0.0;1;0;1;1;0.719360568383659;0.6394316163410302;1.358792184724689;2.3179396092362343;0.07992895204262877
483715;883812;Renato Espinosa;2020_2021;0.12195121951219513;5.609756097560976;0.3658536585365854;70.44025157232704;3.048780487804878;0.0;0.9756097560975611;0.9756097560975611;0;0.48780487804878053;21;2.439024390243903;14.285714285714285;0.3658536585365854;0.853658536585366;738.0;0;0;1;0;0.24390243902439027;0.0;1;0;0;1;0.853658536585366;0.7317073170731708;0.3658536585365854;2.439024390243903;0.24390243902439027
486265;882839;Jorge Murrugarra;2020_2021;0.14492753623188406;6.038647342995169;3.768115942028986;79.15151515151516;1.5458937198067633;0.14492753623188406;0.1932367149758454;1.642512077294686;1;1.1594202898550725;23;3.140096618357488;0.0;0.0;0.5314009661835749;1863.0;0;0;1;0;0.04830917874396135;0.0;0;1;0;0;0.14492753623188406;0.04830917874396135;0.5314009661835749;1.5458937198067633;0.2898550724637681
486641;879628;Jordan Guivin;2020_2021;0.36960985626283366;10.580082135523613;4.204312114989733;82.63103802672148;0.6006160164271047;0.0;0.5082135523613963;0.8316221765913757;0;0.41581108829568786;22;1.570841889117043;13.725490196078432;0.32340862422997946;1.0626283367556468;1948.0;0;0;1;0;0.18480492813141683;0.0;0;1;0;1;0.9702258726899383;0.8778234086242299;0.8316221765913757;2.5410677618069815;0.23100616016427103
489993;875661;Jorge Toledo;2020_2021;0.6914212548015365;6.453265044814341;3.2266325224071704;77.05382436260622;0.9218950064020487;0.23047375160051217;0.0;1.9590268886043536;0;0.11523687580025609;24;1.382842509603073;0.0;0.0;1.0371318822023048;781.0;0;0;1;0;0.0;0.0;0;0;0;0;0.46094750320102434;0.0;1.152368758002561;0.5761843790012805;0.11523687580025609
491560;975540;Freddy Oncoy;2020_2021;0.1501251042535446;8.557130942452043;1.5012510425354462;80.76923076923077;1.3511259382819014;0.0;0.22518765638031693;0.9007506255212677;1;0.5254378648874062;19;1.5012510425354462;0.0;0.0;0.6755629691409507;1199.0;0;0;1;0;0.0;0.0;0;1;0;1;0.1501251042535446;0.0750625521267723;0.3002502085070892;0.45037531276063386;0.1501251042535446
492973;862216;Renzo Alfani;2020_2021;0.0;3.0918595967139657;4.637789395070948;62.893081761006286;4.570575056011949;0.06721433905899925;0.20164301717699776;6.654219566840926;0;0.1344286781179985;24;1.0082150858849888;9.523809523809524;0.1344286781179985;0.33607169529499625;1339.0;1;0;0;0;0.1344286781179985;0.0;0;0;0;1;0.806572068707991;0.4032860343539955;0.33607169529499625;1.1426437640029872;0.33607169529499625
494597;922869;Jesús Barco;2020_2021;0.13646702047005307;9.552691432903716;4.2304776345716455;77.65451664025356;1.501137225170584;0.20470053070507963;0.20470053070507963;1.2282031842304777;0;1.0235026535253982;23;2.797573919636088;5.88235294117647;0.06823351023502654;0.8188021228203185;1319.0;0;0;1;0;0.0;0.0;0;1;1;1;0.8188021228203185;0.13646702047005307;0.8188021228203185;1.637604245640637;0.6141015921152388
51225;35621;Hernán Rengifo;2020_2021;0.0;5.93974175035868;0.2582496413199426;64.28571428571429;5.810616929698709;0.1291248206599713;0.0;0.6456241032998565;0;0.0;37;1.4203730272596844;50.0;0.5164992826398852;0.9038737446197992;697.0;0;0;1;0;0.7747489239598279;100.0;1;0;0;1;0.2582496413199426;0.7747489239598279;0.1291248206599713;2.065997130559541;0.0
516242;914294;Edhu Oliva;2020_2021;1.7758985200845665;18.32980972515856;4.439746300211416;84.43935926773455;0.6976744186046512;0.38054968287526425;0.38054968287526425;0.3171247357293869;1;0.8245243128964059;24;1.331923890063425;15.0;0.19027484143763213;3.234672304439746;1419.0;0;0;1;0;0.19027484143763213;50.0;0;1;1;1;0.3171247357293869;0.5708245243128964;1.1416490486257929;2.093023255813953;0.2536997885835095
528367;893067;Marco Saravia;2020_2021;0.0;2.023205221174764;3.197969543147208;75.0965250965251;2.3495286439448875;0.0;0.0;4.372733865119652;0;0.19579405366207395;21;1.1094996374184192;12.5;0.06526468455402465;0.0;1379.0;0;0;1;0;0.0;0.0;0;0;0;1;0.3915881073241479;0.1305293691080493;0.06526468455402465;1.2400290065264683;0.3263234227701233
537255;895364;Gaspar Gentile;2020_2021;0.3825136612021858;7.26775956284153;0.9836065573770492;70.04608294930875;0.4918032786885246;0.1092896174863388;0.4918032786885246;0.27322404371584696;0;0.8743169398907104;25;1.9125683060109289;6.382978723404255;0.16393442622950818;0.819672131147541;1647.0;1;0;0;0;0.7103825136612022;0.0;1;0;0;1;0.819672131147541;1.256830601092896;2.0765027322404372;2.6775956284153004;0.16393442622950818
53847;31175;Hernán Barcos;2020_2021;0.1713197969543147;7.423857868020304;0.9708121827411167;67.74941995359629;1.970177664974619;0.14276649746192893;0.5425126903553299;0.9422588832487309;1;0.656725888324873;36;1.8274111675126903;10.091743119266056;0.31408629441624364;1.1135786802030456;3152.0;1;0;0;0;0.5996192893401014;75.0;1;0;0;1;1.1421319796954315;1.427664974619289;0.8565989847715735;1.456218274111675;0.31408629441624364
54594;790020;Diego Manicero;2020_2021;1.5;10.272727272727273;2.5454545454545454;70.99023709902372;0.4090909090909091;0.36363636363636365;0.6818181818181818;0.18181818181818182;0;0.5454545454545454;35;1.0909090909090908;10.16949152542373;0.2727272727272727;2.1818181818181817;1980.0;1;0;0;0;0.045454545454545456;100.0;0;1;0;1;0.9545454545454546;1.0454545454545454;0.7272727272727273;2.5;0.13636363636363635
581201;924791;Yorkman Tello;2020_2021;0.0;7.245164662833246;4.469419759539989;87.76785714285714;0.47046523784631467;0.0;0.1411395713538944;0.6586513329848406;0;1.2702561421850496;30;1.8818609513852587;18.181818181818183;0.09409304756926293;0.6116048092002091;1913.0;0;0;1;0;0.0;0.0;0;1;1;1;0.2822791427077888;0.09409304756926293;0.3293256664924203;1.0350235232618923;0.3293256664924203
582098;924787;Jefferson Portales;2020_2021;0.0;2.7247706422018347;4.871559633027523;81.80212014134275;2.311926605504587;0.0;0.0;5.614678899082569;1;0.5779816513761468;22;0.41284403669724773;0.0;0.0;0.1651376146788991;1090.0;0;0;1;0;0.3302752293577982;0.0;0;0;0;1;0.41284403669724773;0.08256880733944955;0.1651376146788991;0.8256880733944955;0.1651376146788991
582319;924932;Alejandro Ramos;2020_2021;0.8737864077669902;5.708737864077669;1.4563106796116503;72.89156626506023;0.5825242718446602;0.11650485436893203;0.11650485436893203;1.6893203883495145;1;0.7572815533980582;21;1.9805825242718444;11.11111111111111;0.058252427184466014;0.7572815533980582;1545.0;0;0;1;0;0.0;0.0;0;0;0;1;0.17475728155339804;0.23300970873786406;1.0485436893203883;0.6407766990291262;0.23300970873786406
582617;925154;Sandro Rengifo;2020_2021;0.801526717557252;5.83969465648855;0.8587786259541985;69.27374301675978;0.22900763358778628;0.05725190839694657;0.22900763358778628;0.1717557251908397;0;1.202290076335878;24;2.00381679389313;0.0;0.0;1.8320610687022902;1572.0;0;0;1;0;0.400763358778626;0.0;1;0;0;1;0.8587786259541985;0.1717557251908397;2.404580152671756;3.148854961832061;0.05725190839694657
59947;38516;Hervé Kambou;2020_2021;0.0;2.576687116564417;3.2208588957055215;85.04672897196261;1.2883435582822085;0.0;0.09202453987730061;3.8650306748466257;0;0.460122699386503;35;1.7484662576687116;0.0;0.0;0.18404907975460122;978.0;0;0;0;0;0.0;0.0;0;0;0;0;0.18404907975460122;0.0;0.18404907975460122;0.36809815950920244;0.2760736196319018
610248;943995;Fabio Pereyra;2020_2021;0.0;1.7;4.8;71.8840579710145;3.2;0.0;0.0;7.0;1;0.5;30;0.5;0.0;0.0;0.0;900.0;1;0;0;0;0.1;0.0;0;0;0;1;0.1;0.1;0.1;0.5;0.1
63273;40927;Reimond Manco;2020_2021;0.9047900650502662;11.017149615612064;2.448255470136014;73.11522048364154;0.3725606150206978;0.1596688350088705;0.21289178001182732;0.1596688350088705;0;0.26611472501478417;29;0.6918982850384389;4.166666666666666;0.05322294500295683;2.5014784151389713;1691.0;0;0;1;0;0.21289178001182732;0.0;0;1;0;1;0.638675340035482;0.42578356002365464;2.448255470136014;3.0869308101714963;0.10644589000591366
63451;26176;Damián Ísmodes;2020_2021;0.6072874493927126;5.222672064777329;0.7287449392712552;77.41935483870968;0.7287449392712552;0.12145748987854252;0.6072874493927126;0.12145748987854252;0;0.4858299595141701;31;3.1578947368421058;13.333333333333334;0.24291497975708504;1.4574898785425103;741.0;0;0;1;0;0.6072874493927126;100.0;1;0;0;1;0.8502024291497977;0.3643724696356276;2.064777327935223;4.493927125506073;0.24291497975708504
653364;973682;Ricardo Lagos;2020_2021;1.0887096774193548;9.117943548387096;2.4495967741935485;74.74048442906575;1.40625;0.04536290322580645;0.3629032258064516;0.7711693548387096;1;0.9526209677419355;24;1.5423387096774193;11.904761904761903;0.22681451612903225;1.4516129032258065;1984.0;0;0;1;0;0.1814516129032258;60.0;0;0;0;1;0.8165322580645161;0.7258064516129032;0.9526209677419355;1.7691532258064517;0.13608870967741934
653365;804780;Camilo Jiménez;2020_2021;0.0;2.8;3.8;72.38805970149254;0.8;0.0;0.0;2.8;0;0.6;23;1.6;0.0;0.0;0.0;450.0;0;0;1;0;0.0;0.0;0;0;0;1;0.4;0.0;0.0;0.2;0.8
664863;957298;Joseph Vega;2020_2021;0.10650887573964496;6.071005917159763;1.4911242603550294;75.26132404181185;1.1715976331360947;0.10650887573964496;0.10650887573964496;1.5976331360946745;0;1.2781065088757395;25;1.4911242603550294;0.0;0.0;0.21301775147928992;845.0;0;0;1;0;0.21301775147928992;0.0;0;0;0;0;0.0;0.0;0.7455621301775147;0.6390532544378698;0.21301775147928992
72659;33985;Adán Balbín;2020_2021;0.0;4.668874172185431;5.264900662251656;73.63896848137536;1.490066225165563;0.0;0.2980132450331126;3.8741721854304636;0;0.19867549668874174;33;0.695364238410596;0.0;0.0;0.2980132450331126;906.0;0;0;1;0;0.09933774834437087;0.0;0;0;0;1;0.5960264900662252;0.09933774834437087;0.09933774834437087;0.19867549668874174;0.2980132450331126
72672;33989;Renzo Revoredo;2020_2021;0.2364273204903678;6.698774080560421;2.4430823117338005;83.3969465648855;1.6549912434325744;0.0;0.0788091068301226;3.152364273204904;0;0.5516637478108581;34;1.4973730297723293;0.0;0.0;0.394045534150613;1142.0;0;0;1;0;0.0788091068301226;0.0;0;0;1;1;0.6304728546409808;0.0788091068301226;0.3152364273204904;0.6304728546409808;0.2364273204903678
72984;34033;Roberto Ovelar;2020_2021;0.0;8.261474269819193;1.376912378303199;72.09821428571429;2.878998609179416;0.12517385257301808;0.7510431154381085;1.2517385257301807;0;0.5006954102920723;34;1.689847009735744;10.0;0.37552155771905427;1.502086230876217;1438.0;0;0;0;0;0.5006954102920723;100.0;1;0;0;1;1.627260083449235;1.376912378303199;1.9401947148817802;2.941585535465925;0.3129346314325452
73705;249599;Donald Millán;2020_2021;0.7449560269011899;15.737196068287636;3.2591826176927055;79.96306555863343;0.8846352819451629;0.04655975168132437;0.4190377651319193;0.6983962752198655;0;1.0708742886704605;34;2.002069322296948;10.256410256410255;0.18623900672529747;1.4899120538023798;1933.0;0;1;0;0;0.09311950336264874;100.0;0;1;1;1;0.8380755302638386;0.5587170201758924;0.7915157785825142;2.3279875840662183;0.09311950336264874
738715;1016979;Javier Trauco;2020_2021;0.7950530035335689;13.197879858657243;2.385159010600707;79.6774193548387;0.0;0.31802120141342755;0.15901060070671377;0.15901060070671377;0;1.1130742049469964;29;1.7491166077738516;40.0;0.6360424028268551;2.385159010600707;566.0;0;0;1;0;0.15901060070671377;0.0;1;0;0;1;0.6360424028268551;0.7950530035335689;2.385159010600707;1.7491166077738516;0.47703180212014135
738716;1016972;Álex Valera;2020_2021;0.28553299492385786;6.738578680203045;1.199238578680203;74.94780793319416;3.6548223350253806;0.22842639593908629;0.45685279187817257;0.39974619289340096;1;0.22842639593908629;24;1.9987309644670048;13.432835820895523;0.5139593908629441;0.7994923857868019;1576.0;0;0;1;0;1.199238578680203;100.0;1;0;0;1;1.6560913705583755;1.713197969543147;1.0279187817258881;1.5989847715736039;0.22842639593908629
76605;107591;Gonzalo Godoy;2020_2021;0.04072398190045248;1.9547511312217194;2.9728506787330313;84.29073856975381;1.2217194570135745;0.0;0.08144796380090497;2.7285067873303164;0;0.7737556561085972;32;1.343891402714932;0.0;0.0;0.04072398190045248;2210.0;0;0;0;1;0.12217194570135746;0.0;0;0;0;1;0.20361990950226244;0.12217194570135746;0.04072398190045248;0.6515837104072397;0.24434389140271492
76717;249305;Pablo Míguez;2020_2021;0.09819967266775777;4.369885433715221;2.700490998363339;83.89473684210526;2.8968903436988542;0.049099836333878884;0.19639934533551553;2.995090016366612;1;0.5891980360065466;33;1.0801963993453354;0.0;0.0;0.19639934533551553;1833.0;0;0;0;1;0.0;0.0;0;0;1;0;0.39279869067103107;0.2945990180032733;0.2945990180032733;1.1783960720130933;0.3436988543371522
76942;108190;Jonathan Lacerda;2020_2021;0.0;1.2650602409638554;2.3493975903614457;73.7410071942446;0.7228915662650602;0.0;0.09036144578313253;3.6144578313253013;1;0.18072289156626506;33;1.1746987951807228;0.0;0.0;0.09036144578313253;996.0;0;0;0;1;0.0;0.0;0;0;0;1;0.09036144578313253;0.09036144578313253;0.09036144578313253;0.2710843373493976;0.45180722891566266
82589;133862;Írven Ávila;2020_2021;0.30050083472454087;11.419031719532553;0.5258764607679466;78.08219178082192;2.404006677796327;0.15025041736227043;0.5258764607679466;0.5258764607679466;1;0.30050083472454087;29;1.7278797996661102;13.513513513513514;0.3756260434056761;1.4273789649415691;1198.0;0;0;1;0;2.2537562604340566;0.0;1;0;1;0;1.2771285475792988;0.9766277128547579;1.0517529215358932;2.1786310517529213;0.15025041736227043
84349;47413;Luis Trujillo;2020_2021;1.2752043596730245;6.376021798365122;3.2861035422343323;75.85616438356165;0.88283378746594;0.0;0.39237057220708443;1.8637602179836512;0;0.49046321525885556;29;1.1280653950953679;9.090909090909092;0.14713896457765668;1.422343324250681;1835.0;0;0;1;0;0.049046321525885554;0.0;0;0;0;1;0.6376021798365122;0.5885558583106267;0.6376021798365122;0.7847411444141689;0.049046321525885554
89576;819124;Jonathan Ávila;2020_2021;0.0;2.357473035439137;3.258859784283513;80.76923076923077;2.288135593220339;0.06933744221879815;0.06933744221879815;4.576271186440678;0;0.7627118644067796;28;1.5254237288135593;25.0;0.20801232665639444;0.1386748844375963;1298.0;0;1;0;0;0.1386748844375963;0.0;0;0;0;1;0.34668721109399075;0.4160246533127889;0.0;0.8320493066255777;0.6240369799691834
90506;33798;Enzo Gutiérrez;2020_2021;0.0;4.670553935860058;0.20991253644314867;72.65193370165746;2.0991253644314867;0.0;0.41982507288629733;0.5772594752186588;1;0.1574344023323615;34;1.3119533527696792;30.952380952380953;0.6822157434402332;0.7871720116618075;1715.0;1;0;0;0;0.629737609329446;87.5;1;0;0;1;0.8396501457725947;0.944606413994169;0.26239067055393583;1.4693877551020407;0.10495626822157433
90674;147293;Luis Cardoza;2020_2021;0.1111111111111111;0.7777777777777778;1.3333333333333333;76.73469387755102;3.0;0.0;0.1111111111111111;4.222222222222222;0;0.2222222222222222;35;1.5555555555555556;0.0;0.0;0.1111111111111111;810.0;0;1;0;0;0.2222222222222222;0.0;0;0;0;1;0.3333333333333333;0.1111111111111111;0.1111111111111111;0.6666666666666666;0.3333333333333333
94328;34031;Mauricio Montes;2020_2021;0.13670886075949368;6.2886075949367095;0.36455696202531646;64.8471615720524;5.605063291139241;0.04556962025316456;0.36455696202531646;1.2759493670886077;0;0.18227848101265823;38;1.8227848101265824;15.686274509803921;0.36455696202531646;1.5037974683544304;1975.0;0;0;1;0;0.6379746835443039;0.0;1;0;0;0;1.1848101265822786;0.7746835443037975;0.41012658227848103;1.7772151898734179;0.2278481012658228
94364;946014;Miguel Curiel;2020_2021;0.17077798861480076;5.123339658444023;0.42694497153700195;64.88888888888889;4.44022770398482;0.25616698292220114;0.5977229601518027;1.2808349146110058;0;0.08538899430740038;32;3.2447817836812147;10.81081081081081;0.3415559772296015;0.9392789373814042;1054.0;0;0;1;0;0.5977229601518027;0.0;1;0;0;1;1.0246679316888045;1.537001897533207;0.5123339658444023;1.537001897533207;0.17077798861480076
94450;994148;Carlos Olascuaga;2020_2021;0.13856812933025403;7.759815242494226;0.4157043879907621;78.57142857142857;0.6928406466512702;0.27713625866050806;0.6235565819861432;0.6928406466512702;0;0.8314087759815242;27;2.4249422632794455;15.555555555555555;0.48498845265588914;1.1085450346420322;1299.0;0;0;1;0;0.3464203233256351;0.0;1;0;1;1;1.3163972286374133;1.1778290993071594;0.8314087759815242;2.6327944572748265;0.3464203233256351
94451;1120309;Jeickson Reyes;2020_2021;0.3333333333333333;5.095238095238095;2.3333333333333335;84.8032564450475;1.3333333333333333;0.09523809523809523;0.0;2.0952380952380953;0;0.23809523809523808;32;0.6666666666666666;0.0;0.0;0.6190476190476191;1890.0;0;0;1;0;0.19047619047619047;0.0;0;0;1;1;0.09523809523809523;0.0;0.3333333333333333;0.8571428571428571;0.19047619047619047
94735;311734;Marcos Delgado;2020_2021;0.14634146341463417;4.024390243902439;5.560975609756098;67.11798839458413;2.1951219512195124;0.0;0.21951219512195122;3.2926829268292686;0;1.6097560975609757;32;1.3170731707317074;0.0;0.0;0.5121951219512195;1230.0;0;0;1;0;0.14634146341463417;0.0;0;0;0;0;0.5121951219512195;0.07317073170731708;0.21951219512195122;0.8048780487804879;0.14634146341463417
94761;883299;Janio Pósito;2020_2021;0.0;8.125;0.625;74.84276729559748;1.09375;0.15625;0.3125;0.625;0;0.46875;30;2.03125;22.22222222222222;0.625;1.40625;576.0;0;0;1;0;1.09375;66.66666666666666;1;0;0;0;1.25;1.25;0.46875;3.125;0.0
94820;125100;Jesús Arismendi;2020_2021;0.28276481149012567;4.968581687612208;1.9389587073608616;80.54474708171206;1.1310592459605027;0.04039497307001795;0.0807899461400359;2.0197486535008977;0;0.7675044883303411;33;1.3734290843806103;13.333333333333334;0.0807899461400359;0.40394973070017953;2228.0;0;0;1;0;0.0807899461400359;0.0;0;0;0;1;0.2423698384201077;0.28276481149012567;0.28276481149012567;0.40394973070017953;0.2423698384201077
95852;123238;Luis Álvarez;2020_2021;0.07544006705783737;8.0720871751886;2.187761944677284;81.49532710280374;0.8298407376362111;0.0;0.3017602682313495;0.6789606035205364;0;0.9807208717518859;30;1.2824811399832354;8.333333333333332;0.07544006705783737;0.9807208717518859;1193.0;0;0;1;0;0.0;0.0;0;1;0;0;0.3772003352891869;0.22632020117351215;0.22632020117351215;0.5280804694048616;0.15088013411567475
96309;897009;Alexis Blanco;2020_2021;0.0;4.021571648690292;0.0;59.86842105263158;3.8828967642526964;0.0;0.1386748844375963;0.9707241910631741;0;1.1093990755007703;32;1.5254237288135593;33.33333333333333;0.2773497688751926;0.6933744221879815;649.0;1;0;0;0;0.0;0.0;1;0;0;1;0.1386748844375963;0.5546995377503852;0.0;3.189522342064715;0.1386748844375963
99329;46971;Carlos Neumann;2020_2021;0.0;6.92942254812099;0.41246562786434465;67.28624535315984;4.4546287809349225;0.08249312557286893;0.7424381301558204;1.4848762603116408;0;0.16498625114573787;34;1.237396883593034;7.894736842105263;0.24747937671860679;1.237396883593034;1091.0;0;0;0;0;0.9899175068744271;0.0;1;0;0;0;1.6498625114573786;0.7424381301558204;0.24747937671860679;2.1448212648945923;0.16498625114573787
100197;162603;Juan Morales;2021_2022;0.13646702047005307;3.275208491281274;2.7293404094010616;87.1589085072231;1.0917361637604246;0.0;0.06823351023502654;1.2282031842304777;0;0.5458680818802123;32;1.9787717968157696;0.0;0.0;0.47763457164518575;1319.0;0;0;1;0;0.0;0.0;0;1;0;1;0.0;0.0;0.40940106141015925;1.910538286580743;0.40940106141015925
100497;46980;Alejandro González;2021_2022;0.26627218934911245;2.7958579881656807;3.594674556213018;84.25925925925925;2.1301775147928996;0.06656804733727811;0.06656804733727811;3.661242603550296;0;0.3994082840236686;33;0.9319526627218935;0.0;0.0;0.26627218934911245;1352.0;0;0;0;1;0.0;0.0;0;0;1;1;0.1997041420118343;0.06656804733727811;0.0;0.9985207100591716;0.13313609467455623
106283;220935;Edson Aubert;2021_2022;0.6681514476614699;10.22271714922049;6.948775055679287;79.28571428571428;0.6681514476614699;0.06681514476614699;0.46770601336302897;0.9354120267260579;0;0.8017817371937639;32;1.670378619153675;16.666666666666664;0.26726057906458794;0.8685968819599109;1347.0;0;0;1;0;0.0;50.0;0;1;0;0;0.33407572383073497;0.8017817371937639;0.8017817371937639;0.9354120267260579;0.13363028953229397
111130;115187;Joyce Conde;2021_2022;0.0;4.886164623467601;0.6304728546409808;82.11382113821138;2.364273204903678;0.0;0.4728546409807356;0.788091068301226;0;0.0;29;1.576182136602452;10.0;0.1576182136602452;0.6304728546409808;571.0;0;0;1;0;0.3152364273204904;0.0;1;0;0;1;0.788091068301226;0.3152364273204904;0.788091068301226;1.4185639229422067;0.3152364273204904
119365;882851;Joazhiño Arroé;2021_2022;0.5513016845329249;11.577335375191424;1.653905053598775;83.51648351648352;0.13782542113323124;0.13782542113323124;0.41347626339969373;0.41347626339969373;0;0.5513016845329249;29;0.8269525267993875;0.0;0.0;0.8269525267993875;653.0;0;0;1;0;0.13782542113323124;0.0;0;1;0;0;1.2404287901990811;0.27565084226646247;0.8269525267993875;1.7917304747320062;0.13782542113323124
120964;578352;Mauro Guevgeozián;2021_2022;0.0;5.470588235294118;0.9705882352941176;65.35433070866141;1.676470588235294;0.1764705882352941;0.1764705882352941;2.1176470588235294;0;0.3529411764705882;35;2.2941176470588234;12.0;0.2647058823529412;0.9705882352941176;1020.0;0;0;0;0;0.6176470588235293;0.0;1;0;0;1;1.1470588235294117;0.8823529411764706;0.1764705882352941;1.0588235294117647;0.2647058823529412
123418;107388;Óscar Vílchez;2021_2022;0.12129380053908358;9.097035040431267;4.245283018867925;82.13333333333334;0.3638814016172507;0.0;0.24258760107816715;0.9703504043126686;0;1.3342318059299192;35;1.69811320754717;0.0;0.0;0.4851752021563343;742.0;0;0;1;0;0.0;0.0;0;1;0;1;0.7277628032345014;0.0;0.6064690026954178;2.183288409703504;0.0
124244;122618;Leonel Galeano;2021_2022;0.0650759219088937;2.3427331887201737;3.51409978308026;69.45996275605214;2.27765726681128;0.0650759219088937;0.32537960954446854;3.644251626898048;1;0.39045553145336226;29;1.1713665943600868;7.6923076923076925;0.0650759219088937;0.1301518438177874;1383.0;1;0;0;0;0.0;0.0;0;0;0;1;0.32537960954446854;0.19522776572668113;0.0650759219088937;0.2603036876355748;0.19522776572668113
126042;110856;Róger Torres;2021_2022;1.1275626423690204;15.170842824601365;4.305239179954442;73.92290249433107;0.7175398633257403;0.0;0.41002277904328016;0.20501138952164008;0;1.0250569476082003;29;1.0250569476082003;7.6923076923076925;0.10250569476082004;2.767653758542141;878.0;0;1;0;0;0.0;0.0;0;1;0;1;0.6150341685649202;0.3075170842824601;1.1275626423690204;1.8451025056947608;0.3075170842824601
127459;169935;Osnar Noronha;2021_2022;0.23195876288659795;8.041237113402062;0.7731958762886598;73.26388888888889;1.3144329896907216;0.07731958762886598;0.4639175257731959;1.4690721649484535;0;0.30927835051546393;29;2.0103092783505154;18.181818181818183;0.30927835051546393;0.8505154639175257;1164.0;0;0;1;0;0.4639175257731959;0.0;1;0;0;1;0.30927835051546393;0.9278350515463918;1.1597938144329896;1.5463917525773196;0.3865979381443299
140931;107596;John Narváez;2021_2022;0.0;3.0775646371976646;2.176814011676397;76.0;1.6513761467889907;0.0;0.0750625521267723;1.2760633861551292;0;0.6005004170141784;30;1.726438698915763;25.0;0.0750625521267723;0.6005004170141784;1199.0;0;0;0;0;0.0;0.0;0;0;1;1;0.1501251042535446;0.0750625521267723;0.6005004170141784;0.3002502085070892;0.1501251042535446
149527;249875;Facundo Curuchet;2021_2022;0.2757352941176471;5.68014705882353;0.11029411764705882;63.975155279503106;1.2683823529411764;0.2757352941176471;0.6066176470588236;0.16544117647058823;0;0.9375;31;1.3235294117647058;15.625;0.2757352941176471;1.3235294117647058;1632.0;1;0;0;0;0.6066176470588236;0.0;1;0;0;1;0.6066176470588236;0.5514705882352942;1.9852941176470589;1.3235294117647058;0.2757352941176471
149622;176285;Werner Schuler;2021_2022;0.043478260869565216;1.7391304347826086;3.9565217391304346;73.79310344827587;3.391304347826087;0.0;0.08695652173913043;6.260869565217392;0;0.17391304347826086;30;0.8260869565217391;0.0;0.0;0.17391304347826086;2070.0;0;0;1;0;0.13043478260869565;0.0;0;0;1;1;0.17391304347826086;0.13043478260869565;0.043478260869565216;0.391304347826087;0.17391304347826086
170616;176289;Ángel Romero;2021_2022;0.0628053035589672;7.096999302163294;2.3866015352407537;80.22690437601297;1.3817166782972785;0.0;0.0628053035589672;1.4445219818562456;0;0.6908583391486393;30;2.512212142358688;0.0;0.0;0.7536636427076064;1433.0;0;0;1;0;0.0628053035589672;0.0;0;1;1;1;0.3768318213538032;0.314026517794836;0.628053035589672;0.5652477320307048;0.4396371249127704
178104;340349;Gabriel Leyes;2021_2022;0.04872766648619383;4.4829453167298325;0.828370330265295;61.43187066974596;4.190579317812669;0.04872766648619383;0.43854899837574446;0.9745533297238765;0;0.38982133188955065;31;2.9236599891716297;22.916666666666664;0.5360043313481321;0.6334596643205198;1847.0;0;0;0;1;0.9258256632376828;33.33333333333333;1;0;0;1;0.584731997834326;1.3156469951272334;0.584731997834326;1.9003789929615593;0.292365998917163
178893;590310;Víctor Cedrón;2021_2022;1.003717472118959;12.964684014869889;2.007434944237918;74.60317460317461;1.5055762081784387;0.08364312267657993;1.003717472118959;0.08364312267657993;0;0.5855018587360594;27;1.6728624535315986;10.0;0.25092936802973975;1.338289962825279;1076.0;0;0;1;0;0.0;0.0;0;1;0;0;0.6691449814126395;0.8364312267657993;1.5892193308550187;2.5092936802973975;0.25092936802973975
180911;789965;João Ortiz;2021_2022;1.7647058823529413;4.0723981900452495;1.7647058823529413;71.06382978723404;1.3574660633484164;0.2714932126696833;0.2714932126696833;0.9502262443438915;0;0.5429864253393666;30;0.5429864253393666;0.0;0.0;1.6289592760180995;663.0;0;0;1;0;0.0;0.0;0;0;0;1;0.4072398190045249;0.0;1.0859728506787332;1.3574660633484164;0.0
189283;220921;Carlos Ascues;2021_2022;0.1466992665036675;5.134474327628362;2.7139364303178484;79.71360381861575;1.0268948655256724;0.07334963325183375;0.4400977995110025;1.1002444987775062;0;0.58679706601467;29;1.1002444987775062;10.0;0.1466992665036675;0.8068459657701712;1227.0;0;0;1;0;0.293398533007335;0.0;0;0;1;0;0.4400977995110025;0.58679706601467;0.293398533007335;1.2469437652811737;0.0
195858;826377;Yhirbis Córdova;2021_2022;1.0677966101694916;7.322033898305085;5.338983050847458;75.60975609756098;0.4576271186440678;0.0;0.15254237288135594;1.8305084745762712;0;0.3050847457627119;30;1.8305084745762712;33.33333333333333;0.15254237288135594;0.6101694915254238;590.0;0;0;1;0;0.15254237288135594;0.0;0;0;1;1;0.0;0.3050847457627119;0.15254237288135594;1.5254237288135595;0.6101694915254238
196037;340077;Pablo Lavandeira;2021_2022;1.901770416904626;13.517989720159909;3.032552826956025;66.24825662482566;1.0793832095945175;0.35979440319817246;0.8223872073101085;1.1307824100513992;1;0.8223872073101085;31;1.7989720159908624;13.432835820895523;0.46259280411193604;2.569960022844089;1751.0;0;0;0;1;0.15419760137064534;100.0;0;1;0;0;1.3363792118789264;1.2849800114220444;1.5933752141633353;3.2381496287835523;0.10279840091376356
207246;249403;Martín Pérez Guedes;2021_2022;1.5312632922160783;11.7524457677584;3.9430029774564015;80.2653399668325;0.6507868991918332;0.038281582305401955;0.5359421522756274;1.2632922160782645;1;0.4976605699702254;29;0.9187579753296469;12.727272727272727;0.2679710761378137;1.5312632922160783;2351.0;1;0;0;0;0.22968949383241172;50.0;0;1;0;1;0.6890684814972352;0.880476393024245;0.6507868991918332;1.1484474691620585;0.11484474691620586
214719;220929;Carlos Beltrán;2021_2022;0.1266713581984518;6.080225193525686;3.8634764250527796;73.64085667215815;4.5601688951442645;0.0;0.3166783954961295;2.976776917663617;0;0.9500351864883884;30;3.610133708655876;3.4482758620689653;0.0633356790992259;0.38001407459535536;1421.0;1;0;0;0;0.0633356790992259;0.0;0;1;0;0;1.0767065446868402;0.44334975369458124;0.19000703729767768;1.6467276565798732;0.5700211118930331
224670;339177;Rodrigo Cuba;2021_2022;0.49180327868852464;5.983606557377049;1.2295081967213115;73.92739273927393;1.7213114754098362;0.0819672131147541;0.0819672131147541;0.5737704918032788;0;0.4098360655737705;29;0.5737704918032788;7.142857142857142;0.0819672131147541;0.9016393442622951;1098.0;0;0;1;0;0.1639344262295082;0.0;0;0;0;1;0.7377049180327869;0.3278688524590164;0.24590163934426232;0.49180327868852464;0.0819672131147541
242546;1100345;Yonatan Murillo;2021_2022;0.1296362981634858;2.6575441123514585;3.4677709758732447;77.05544933078394;1.7176809506661865;0.0648181490817429;0.22686352178610011;3.8890889449045734;0;0.9074540871444005;28;1.1343176089305005;4.3478260869565215;0.03240907454087145;0.32409074540871446;2777.0;0;1;0;0;0.09722722362261434;0.0;0;0;0;1;0.3564998199495859;0.16204537270435723;0.291681670867843;0.48613611811307167;0.0648181490817429
248094;828836;Leandro Sosa;2021_2022;1.4006024096385543;12.379518072289157;1.1295180722891567;78.69507323568575;0.8132530120481928;0.18072289156626506;0.4066265060240964;0.2710843373493976;1;0.6325301204819277;27;0.9487951807228916;6.382978723404255;0.1355421686746988;2.033132530120482;1992.0;0;0;0;1;0.49698795180722893;0.0;0;0;0;0;0.9487951807228916;0.7680722891566265;1.0391566265060241;2.0783132530120483;0.0
249967;925232;Juan Barreda;2021_2022;0.0;1.6467276565798732;2.4700914848698097;71.3302752293578;1.9634060520760028;0.0;0.0633356790992259;3.103448275862069;0;0.5066854327938072;28;1.0767065446868402;20.0;0.0633356790992259;0.0633356790992259;1421.0;0;0;1;0;0.0;0.0;0;0;0;1;0.1266713581984518;0.1266713581984518;0.0633356790992259;0.44334975369458124;0.2533427163969036
249975;339843;Aldair Rodríguez;2021_2022;0.0;6.390532544378698;0.3994082840236686;73.94366197183099;2.396449704142012;0.13313609467455623;0.9319526627218935;0.665680473372781;1;0.13313609467455623;26;2.529585798816568;0.0;0.0;1.331360946745562;676.0;0;0;1;0;0.3994082840236686;0.0;1;0;0;1;1.331360946745562;0.5325443786982249;1.198224852071006;0.9319526627218935;0.5325443786982249
250004;312270;Édinson Chávez;2021_2022;0.47439759036144574;6.912650602409638;2.3042168674698793;72.00772200772201;0.338855421686747;0.0677710843373494;0.1355421686746988;1.897590361445783;0;1.0843373493975903;27;1.8298192771084336;33.33333333333333;0.1355421686746988;0.5421686746987951;1328.0;0;0;1;0;0.1355421686746988;0.0;0;0;0;1;0.0677710843373494;0.20331325301204817;0.9487951807228915;1.1521084337349397;0.6099397590361445
250437;589448;Jean Pierre Archimbaud;2021_2022;0.07582139848357203;8.264532434709352;3.3361415332771696;75.26132404181185;2.502106149957877;0.0;0.07582139848357203;1.4406065711878686;1;0.5307497893850043;26;2.350463352990733;0.0;0.0;0.37910699241786017;1187.0;0;0;1;0;0.15164279696714406;0.0;0;1;0;1;0.7582139848357203;0.2274641954507161;0.2274641954507161;1.4406065711878686;0.2274641954507161
260094;873704;Ángel Pérez;2021_2022;0.4945054945054945;6.131868131868132;2.4725274725274726;65.67164179104478;1.3846153846153846;0.19780219780219782;0.19780219780219782;2.2747252747252746;0;0.6923076923076923;31;1.6813186813186813;0.0;0.0;0.7912087912087913;910.0;0;0;1;0;0.0;0.0;0;0;1;1;0.2967032967032967;0.19780219780219782;0.989010989010989;0.8901098901098902;0.39560439560439564
260324;339163;Josué Estrada;2021_2022;1.4184782608695654;6.798913043478262;3.130434782608696;63.65054602184087;2.1032608695652177;0.04891304347826087;0.44021739130434784;2.0543478260869565;0;0.6358695652173914;26;1.4673913043478262;9.375;0.14673913043478262;1.3695652173913044;1840.0;0;0;1;0;0.04891304347826087;0.0;0;0;0;1;0.8315217391304348;0.29347826086956524;0.8315217391304348;0.9782608695652175;0.3423913043478261
267549;589438;Saúl Salas;2021_2022;0.7557251908396947;4.740458015267175;2.6106870229007635;68.06526806526807;1.9923664122137406;0.0;0.06870229007633588;3.50381679389313;0;0.6870229007633588;26;2.0610687022900764;0.0;0.0;0.2748091603053435;1310.0;0;0;1;0;0.0;0.0;0;0;0;1;0.20610687022900764;0.06870229007633588;0.6183206106870229;1.5801526717557253;0.3435114503816794
271676;590468;Jeremy Rostaing;2021_2022;0.5986696230598669;8.51441241685144;2.328159645232816;80.53097345132744;1.729490022172949;0.06651884700665188;0.0;1.4634146341463414;0;0.7317073170731707;26;2.5277161862527717;0.0;0.0;0.532150776053215;1353.0;0;0;1;0;0.19955654101995565;0.0;0;0;0;1;0.3325942350332594;0.3325942350332594;0.7317073170731707;1.4634146341463414;0.5986696230598669
288320;602184;Cristian Florez;2021_2022;0.20871985157699444;4.842300556586271;2.212430426716141;71.67325428194994;0.9183673469387755;0.0;0.16697588126159554;1.6280148423005565;0;0.6261595547309833;26;1.12708719851577;4.166666666666666;0.041743970315398886;0.6679035250463822;2156.0;0;1;0;0;0.08348794063079777;0.0;0;0;0;1;0.75139146567718;0.08348794063079777;0.37569573283859;0.9601113172541744;0.12523191094619665
292729;384658;Alexis Cossio;2021_2022;1.6794731064763997;4.742041712403952;0.6915477497255763;78.515625;1.2843029637760703;0.09879253567508234;0.39517014270032935;1.3830954994511526;0;0.296377607025247;26;1.185510428100988;0.0;0.0;1.185510428100988;911.0;0;0;1;0;0.19758507135016468;0.0;0;0;0;1;0.39517014270032935;0.39517014270032935;0.7903402854006587;2.074643249176729;0.296377607025247
312151;826380;Ray Sandoval;2021_2022;0.29768467475192945;6.449834619625138;0.8930540242557884;70.995670995671;0.8930540242557884;0.0;0.8930540242557884;0.5953693495038589;0;0.5953693495038589;26;1.8853362734288865;8.695652173913043;0.19845644983461963;0.4961411245865491;907.0;0;0;1;0;0.4961411245865491;0.0;1;0;0;1;0.6945975744211688;0.6945975744211688;1.1907386990077178;2.282249173098126;0.19845644983461963
320749;385418;Joaquín Aguirre;2021_2022;0.6747891283973758;7.928772258669166;2.530459231490159;65.94202898550725;1.7713214620431115;0.0;0.08434864104967198;1.8556701030927834;0;0.5060918462980318;25;1.6026241799437675;0.0;0.0;0.8434864104967197;1067.0;0;0;1;0;0.0;0.0;0;0;0;0;0.16869728209934395;0.2530459231490159;0.6747891283973758;1.1808809746954076;0.16869728209934395
325591;875662;Kevin Ruiz;2021_2022;0.2854877081681205;6.423473433782712;0.7137192704203014;74.48680351906158;4.068199841395717;0.07137192704203013;0.07137192704203013;0.2854877081681205;0;0.570975416336241;26;2.3552735923869945;0.0;0.0;0.49960348929421095;1261.0;0;0;1;0;0.2854877081681205;0.0;1;0;0;1;0.6423473433782713;0.2141157811260904;1.570182394924663;2.069785884218874;0.2141157811260904
325706;883389;Diego Ramírez;2021_2022;0.4787234042553192;7.819148936170213;1.4361702127659575;80.55555555555556;1.2765957446808511;0.0;0.7978723404255319;1.1170212765957448;0;0.6382978723404256;26;1.9148936170212767;9.090909090909092;0.1595744680851064;0.7978723404255319;564.0;0;0;1;0;0.1595744680851064;0.0;0;1;0;1;0.4787234042553192;0.4787234042553192;0.6382978723404256;2.7127659574468086;0.0
325711;790018;Elsar Rodas;2021_2022;0.6679035250463822;10.018552875695732;1.3358070500927643;75.2;1.50278293135436;0.0;0.3339517625231911;0.6679035250463822;0;0.5009276437847866;27;2.8385899814471243;0.0;0.0;0.8348794063079777;539.0;0;0;1;0;0.5009276437847866;0.0;0;0;0;1;1.0018552875695732;0.5009276437847866;0.8348794063079777;3.1725417439703154;0.6679035250463822
330691;339481;Aldair Perleche;2021_2022;0.41990668740279935;3.919129082426127;1.2597200622083982;69.62962962962963;0.6998444790046656;0.0;0.0;3.359253499222395;0;0.1399688958009331;26;2.0995334370139966;0.0;0.0;0.41990668740279935;643.0;0;0;1;0;0.0;0.0;0;0;0;1;0.0;0.1399688958009331;0.0;0.5598755832037324;0.1399688958009331
334104;805267;Patricio Arce;2021_2022;0.6174957118353345;11.963979416809606;2.469982847341338;79.01459854014598;0.5403087478559176;0.0;0.2315608919382504;0.4631217838765008;0;0.8490566037735849;28;0.6946826758147513;13.333333333333334;0.15437392795883362;1.620926243567753;1166.0;0;0;1;0;0.2315608919382504;100.0;0;1;0;1;0.30874785591766724;0.6174957118353345;0.9262435677530017;1.5437392795883362;0.07718696397941681
356381;873703;Anthony Rosell;2021_2022;1.2701612903225805;5.504032258064516;1.3306451612903225;71.57360406091371;0.7258064516129031;0.18145161290322578;0.36290322580645157;1.0887096774193548;0;0.9072580645161289;26;0.9677419354838709;5.0;0.06048387096774193;1.4516129032258063;1488.0;0;0;1;0;0.12096774193548386;0.0;0;0;1;1;0.6048387096774193;0.24193548387096772;0.30241935483870963;1.5725806451612903;0.06048387096774193
357124;805366;Oshiro Takeuchi;2021_2022;0.3896103896103896;5.064935064935065;0.3896103896103896;76.0;1.3636363636363635;0.0;0.7792207792207791;0.7792207792207791;0;0.1948051948051948;26;2.142857142857143;0.0;0.0;0.9740259740259739;462.0;0;0;1;0;0.7792207792207791;0.0;1;0;0;1;0.9740259740259739;0.3896103896103896;0.9740259740259739;2.142857142857143;0.1948051948051948
368844;924924;Carlos Neyra;2021_2022;0.3614457831325301;5.692771084337349;2.3493975903614457;74.27055702917772;0.45180722891566266;0.0;0.0;1.355421686746988;0;0.3614457831325301;26;1.8072289156626506;0.0;0.0;0.3614457831325301;996.0;0;0;1;0;0.18072289156626506;0.0;0;0;0;1;0.18072289156626506;0.09036144578313253;0.18072289156626506;2.1686746987951806;0.5421686746987951
375178;805270;Paolo Fuentes;2021_2022;0.0;2.681858019281332;5.442594215600351;79.60396039603961;2.8396143733567047;0.0;0.315512708150745;3.865030674846626;0;0.315512708150745;25;1.1042944785276074;0.0;0.0;0.23663453111305874;1141.0;0;0;1;0;0.07887817703768625;0.0;0;0;0;1;0.315512708150745;0.07887817703768625;0.39439088518843124;1.26205083260298;0.39439088518843124
375364;805259;Mario Palomino;2021_2022;0.8842794759825328;12.77292576419214;3.6353711790393017;71.82448036951502;0.6877729257641921;0.19650655021834063;0.8842794759825328;0.29475982532751094;0;0.5895196506550219;27;2.8493449781659392;8.823529411764707;0.29475982532751094;2.554585152838428;916.0;0;0;1;0;0.0;0.0;0;1;1;1;1.3755458515283843;1.0807860262008735;0.7860262008733625;3.3406113537117905;0.39301310043668125
390609;868711;Eduardo Rabanal;2021_2022;0.5366269165247018;4.829642248722317;2.2998296422487225;72.6457399103139;1.1499148211243613;0.07666098807495741;0.15332197614991483;1.2265758091993186;0;0.5366269165247018;24;0.6132879045996593;0.0;0.0;0.7666098807495741;1174.0;0;0;1;0;0.22998296422487224;0.0;0;0;0;1;0.22998296422487224;0.0;0.30664395229982966;0.6132879045996593;0.07666098807495741
420864;879629;Hideyoshi Arakaki;2021_2022;0.45180722891566266;5.5120481927710845;0.5421686746987951;63.76146788990825;0.8132530120481928;0.18072289156626506;0.2710843373493976;0.45180722891566266;0;0.7228915662650602;23;1.6265060240963856;14.285714285714285;0.18072289156626506;0.9036144578313253;996.0;0;0;1;0;0.2710843373493976;0.0;1;0;0;1;0.5421686746987951;0.45180722891566266;1.4457831325301205;1.2650602409638554;0.09036144578313253
425260;1016015;Jhon Marchán;2021_2022;0.5548705302096177;7.990135635018496;1.8865598027127004;83.89513108614233;0.33292231812577067;0.0;0.5548705302096177;0.11097410604192355;0;0.6658446362515413;22;1.8865598027127004;12.5;0.2219482120838471;0.5548705302096177;811.0;0;0;0;0;0.11097410604192355;0.0;0;1;1;1;0.7768187422934648;0.4438964241676942;1.3316892725030827;1.7755856966707768;0.2219482120838471
434955;883293;Leonel Solís;2021_2022;0.0;5.491525423728814;1.4491525423728815;84.98896247240619;0.4576271186440678;0.0;0.07627118644067797;1.2203389830508475;0;1.0677966101694916;24;2.135593220338983;16.666666666666664;0.07627118644067797;0.3050847457627119;1180.0;0;0;1;0;0.0;0.0;0;1;0;1;0.2288135593220339;0.15254237288135594;0.5338983050847458;0.9915254237288136;0.0
442677;896879;Luciano Recalde;2021_2022;0.04739336492890995;2.2274881516587675;3.838862559241706;71.38728323699422;2.9383886255924168;0.0;0.0;4.502369668246446;0;0.3791469194312796;25;0.995260663507109;12.5;0.04739336492890995;0.0947867298578199;1899.0;1;0;0;0;0.23696682464454974;0.0;0;0;0;1;0.1895734597156398;0.1895734597156398;0.14218009478672985;0.23696682464454974;0.1895734597156398
446662;883813;Eduardo Caballero;2021_2022;0.0;3.202846975088968;4.697508896797153;74.55012853470437;2.2419928825622772;0.0;0.0;4.1637010676156585;0;1.0676156583629892;24;2.1352313167259784;0.0;0.0;0.21352313167259784;843.0;0;0;1;0;0.0;0.0;0;0;0;1;0.0;0.10676156583629892;0.21352313167259784;1.0676156583629892;0.6405693950177935
458461;1020999;José Rivera;2021_2022;0.06488824801730353;6.8132660418168705;0.5839942321557318;85.28528528528528;0.5191059841384282;0.12977649603460706;0.3893294881038212;0.2595529920692141;0;0.32444124008651765;24;1.4924297043979813;9.67741935483871;0.1946647440519106;1.1679884643114635;1387.0;0;0;1;0;0.3893294881038212;0.0;1;0;0;0;0.7137707281903388;0.9084354722422494;1.6222062004325883;1.6222062004325883;0.12977649603460706
473579;876928;Luis Garro;2021_2022;0.5536028119507909;4.824253075571177;1.5817223198594026;74.7159090909091;1.4235500878734624;0.0;0.23725834797891038;1.9771528998242531;0;0.7908611599297013;24;1.1862917398945518;12.5;0.07908611599297012;0.23725834797891038;1138.0;0;0;1;0;0.0;0.0;0;0;0;1;0.15817223198594024;0.23725834797891038;0.8699472759226714;1.344463971880492;0.0
475116;883142;Diego Saffadi;2021_2022;0.19736842105263158;7.598684210526316;0.7894736842105263;74.28571428571429;1.480263157894737;0.2960526315789474;0.5921052631578948;0.8881578947368421;0;0.493421052631579;23;1.973684210526316;15.151515151515152;0.493421052631579;1.0855263157894737;912.0;0;0;1;0;0.493421052631579;0.0;1;0;0;1;1.1842105263157896;1.480263157894737;1.0855263157894737;4.934210526315789;0.493421052631579
477378;883396;Carlos Cabello;2021_2022;0.18181818181818182;6.818181818181818;1.2727272727272727;75.86206896551724;0.36363636363636365;0.09090909090909091;0.0;1.1818181818181819;0;0.6363636363636364;23;1.1818181818181819;0.0;0.0;0.6363636363636364;990.0;0;0;1;0;0.09090909090909091;0.0;0;0;1;1;0.18181818181818182;0.09090909090909091;1.2727272727272727;1.2727272727272727;0.45454545454545453
481192;876304;Luis Haquín;2021_2022;0.0;3.0344827586206895;3.2413793103448274;71.46666666666667;1.793103448275862;0.0;0.0;2.6206896551724137;0;0.13793103448275862;23;0.9655172413793104;25.0;0.06896551724137931;0.20689655172413793;1305.0;0;0;0;0;0.06896551724137931;0.0;0;0;0;1;0.13793103448275862;0.13793103448275862;0.4827586206896552;0.06896551724137931;0.13793103448275862
483715;883812;Renato Espinosa;2021_2022;0.0;4.479638009049774;0.30542986425339363;65.48223350253807;2.952488687782805;0.10180995475113122;0.10180995475113122;0.8144796380090498;0;0.916289592760181;22;1.832579185520362;33.33333333333333;0.5090497737556561;0.7126696832579185;884.0;0;0;1;0;0.7126696832579185;100.0;1;0;0;1;0.8144796380090498;0.6108597285067873;0.5090497737556561;1.3235294117647058;0.30542986425339363
486264;883339;Kevin Moreno;2021_2022;0.39258451472191935;4.809160305343512;3.435114503816794;71.5542521994135;0.9814612868047983;0.09814612868047984;0.09814612868047984;3.533260632497274;0;1.177753544165758;24;0.6870229007633588;0.0;0.0;0.49073064340239914;917.0;0;0;1;0;0.0;0.0;0;0;0;1;0.0;0.09814612868047984;0.09814612868047984;0.9814612868047983;0.39258451472191935
489993;875661;Jorge Toledo;2021_2022;0.5705229793977813;3.7083993660855783;1.1410459587955626;71.14427860696517;0.8557844690966719;0.0;0.0;1.2836767036450079;0;0.5705229793977813;25;1.8541996830427891;0.0;0.0;0.28526148969889065;631.0;0;0;1;0;0.0;0.0;0;0;0;1;0.0;0.28526148969889065;0.9984152139461173;0.42789223454833597;0.42789223454833597
494597;922869;Jesús Barco;2021_2022;0.08490566037735849;7.132075471698113;3.820754716981132;78.41880341880342;0.9339622641509433;0.0;0.16981132075471697;2.0377358490566038;0;2.632075471698113;24;3.3962264150943393;0.0;0.0;0.4245283018867924;1060.0;0;0;1;0;0.0;0.0;0;1;0;1;0.16981132075471697;0.08490566037735849;0.25471698113207547;1.6981132075471697;0.6792452830188679
51225;35621;Hernán Rengifo;2021_2022;0.0;5.294117647058823;0.12605042016806722;68.42105263157895;2.773109243697479;0.12605042016806722;0.12605042016806722;0.5042016806722689;0;0.12605042016806722;38;0.8823529411764706;21.428571428571427;0.37815126050420167;0.8823529411764706;714.0;0;0;1;0;0.37815126050420167;0.0;1;0;0;1;1.0084033613445378;0.6302521008403361;0.0;1.5126050420168067;0.25210084033613445
516242;914294;Edhu Oliva;2021_2022;1.981651376146789;18.1651376146789;3.302752293577982;85.55858310626702;0.4954128440366973;0.1651376146788991;0.8256880733944955;0.4954128440366973;0;1.1559633027522935;25;0.8256880733944955;0.0;0.0;2.8073394495412844;545.0;0;0;1;0;0.0;0.0;0;1;1;1;0.3302752293577982;0.1651376146788991;0.9908256880733946;1.651376146788991;0.3302752293577982
54594;790020;Diego Manicero;2021_2022;1.4015572858731924;9.410456062291434;1.7018909899888766;76.64233576642336;0.40044493882091214;0.20022246941045607;0.3003337041156841;1.0011123470522802;0;0.8008898776418243;36;0.9010011123470523;19.230769230769234;0.5005561735261401;1.1012235817575082;899.0;1;0;0;0;0.10011123470522804;100.0;0;1;0;1;1.2013348164627364;1.1012235817575082;0.6006674082313682;1.4015572858731924;0.20022246941045607
56004;590448;Emiliano Ciucci;2021_2022;0.18342391304347827;5.563858695652175;4.157608695652174;76.97201017811705;2.9959239130434785;0.0;0.36684782608695654;1.345108695652174;0;1.1005434782608696;35;2.3845108695652177;0.0;0.0;0.12228260869565219;1472.0;1;0;0;0;0.0;0.0;0;1;0;1;0.7336956521739131;0.18342391304347827;0.6114130434782609;1.4673913043478262;0.18342391304347827
581201;924791;Yorkman Tello;2021_2022;0.08302583025830258;5.313653136531365;2.407749077490775;86.82170542635659;0.8302583025830258;0.0;0.08302583025830258;1.411439114391144;0;1.4944649446494465;31;2.3247232472324724;0.0;0.0;0.16605166051660517;1084.0;0;0;1;0;0.0;0.0;0;1;0;0;0.33210332103321033;0.08302583025830258;0.08302583025830258;1.1623616236162362;0.4981549815498155
59947;38516;Hervé Kambou;2021_2022;0.0;1.744186046511628;3.13953488372093;70.37037037037037;1.0465116279069768;0.0;0.0;4.709302325581396;0;0.0;36;2.2674418604651163;0.0;0.0;0.0;516.0;0;0;0;0;0.0;0.0;0;0;0;1;0.1744186046511628;0.5232558139534884;0.0;1.3953488372093024;0.3488372093023256
621023;975924;José Inga;2021_2022;0.0;5.904761904761905;4.380952380952381;78.41726618705036;0.9047619047619048;0.047619047619047616;0.14285714285714285;0.8571428571428571;0;0.8571428571428571;21;1.619047619047619;0.0;0.0;0.2857142857142857;1890.0;0;0;1;0;0.0;0.0;0;1;1;1;0.38095238095238093;0.14285714285714285;0.6666666666666666;2.1904761904761907;0.19047619047619047
628328;932088;Piero Vivanco;2021_2022;1.2209302325581395;10.203488372093023;1.9186046511627908;72.11538461538461;0.7848837209302325;0.1744186046511628;0.2616279069767442;0.0;0;0.5232558139534884;21;0.9593023255813954;7.6923076923076925;0.0872093023255814;2.0930232558139537;1032.0;0;0;1;0;0.0;0.0;1;0;1;1;0.5232558139534884;0.3488372093023256;1.4825581395348837;0.7848837209302325;0.0872093023255814
63451;26176;Damián Ísmodes;2021_2022;0.6091370558375635;3.50253807106599;0.4568527918781726;81.5068493150685;0.7614213197969544;0.0;0.15228426395939088;0.6091370558375635;0;0.4568527918781726;32;2.436548223350254;50.0;0.30456852791878175;0.7614213197969544;591.0;0;0;1;0;0.15228426395939088;0.0;1;0;0;1;0.0;0.4568527918781726;0.9137055837563453;1.9796954314720814;0.4568527918781726
653476;973650;Franco Zanelatto;2021_2022;0.32697547683923706;6.621253405994551;0.5722070844686649;72.94117647058823;1.798365122615804;0.0;0.6539509536784741;0.7356948228882835;0;0.32697547683923706;21;1.471389645776567;17.391304347826086;0.32697547683923706;0.8174386920980927;1101.0;0;0;1;0;0.4904632152588556;0.0;1;0;1;1;0.6539509536784741;0.5722070844686649;1.6348773841961854;3.024523160762943;0.16348773841961853
653689;973635;Felipe Mesones;2021_2022;0.2435723951285521;3.5317997293640055;1.7050067658998649;75.30364372469636;1.3396481732070367;0.0;0.36535859269282817;1.3396481732070367;0;0.6089309878213803;26;1.3396481732070367;0.0;0.0;0.36535859269282817;739.0;0;0;1;0;0.2435723951285521;0.0;0;0;1;1;0.6089309878213803;0.36535859269282817;0.12178619756427606;0.36535859269282817;0.2435723951285521
662699;973664;Yuriel Celi;2021_2022;0.6169078446306169;9.047981721249048;1.9192688499619193;77.13178294573643;1.1652703731911653;0.20563594821020564;0.4112718964204113;0.6854531607006855;0;0.5483625285605483;19;1.8507235338918508;8.333333333333332;0.1370906321401371;1.1652703731911653;1313.0;0;0;1;0;0.0;100.0;0;1;0;1;0.6169078446306169;0.6169078446306169;1.1652703731911653;2.8103579588728103;0.4798172124904798
662708;988299;Nicolás Figueroa;2021_2022;0.18181818181818182;4.2727272727272725;0.45454545454545453;72.4867724867725;2.0;0.09090909090909091;0.5454545454545454;0.5454545454545454;1;0.8181818181818182;19;2.1818181818181817;0.0;0.0;0.45454545454545453;990.0;0;0;1;0;0.36363636363636365;0.0;1;0;0;1;0.18181818181818182;0.2727272727272727;0.45454545454545453;1.9090909090909092;0.09090909090909091
664362;931772;Francesco Cavagna;2021_2022;0.0;1.9807427785419534;4.085281980742779;67.65799256505576;1.6093535075653371;0.0;0.12379642365887208;3.8376891334250347;0;0.24759284731774417;20;1.237964236588721;0.0;0.0;0.0;727.0;0;0;1;0;0.0;0.0;0;0;0;1;0.0;0.0;0.0;0.3713892709766162;0.3713892709766162
670060;1090706;Victor Perlaza;2021_2022;0.04620123203285421;6.006160164271047;0.8316221765913757;74.63414634146342;2.0790554414784395;0.0;0.6468172484599589;0.36960985626283366;0;0.32340862422997946;26;2.1252566735112937;18.64406779661017;0.5082135523613963;0.6930184804928131;1948.0;0;1;0;0;0.5082135523613963;80.0;1;0;0;1;1.0626283367556468;1.0164271047227926;0.8778234086242299;2.3100616016427105;0.04620123203285421
671538;975958;Alfonso Barco;2021_2022;0.047897817988291645;6.705694518360831;4.35870143693454;82.01438848920863;0.9100585417775413;0.047897817988291645;0.33528472591804154;1.8201170835550826;1;1.1016498137307078;19;1.484832357637041;0.0;0.0;0.5268759978712081;1879.0;0;0;1;0;0.0;0.0;0;1;0;1;0.19159127195316658;0.14369345396487496;0.23948908994145823;0.8621607237892497;0.19159127195316658
671879;1049088;Erick Gonzales;2021_2022;0.0;5.60702875399361;3.306709265175719;85.0;1.1501597444089458;0.0;0.28753993610223644;2.515974440894569;0;0.28753993610223644;25;1.7252396166134185;0.0;0.0;0.28753993610223644;1252.0;0;0;1;0;0.14376996805111822;0.0;0;1;0;0;0.07188498402555911;0.35942492012779553;0.35942492012779553;0.7907348242811502;0.43130990415335463
67439;974451;Matías Pérez García;2021_2022;0.1388888888888889;11.805555555555555;3.4722222222222223;81.09756097560977;0.6944444444444444;0.0;0.0;0.41666666666666663;0;1.1111111111111112;36;1.3888888888888888;40.0;0.2777777777777778;1.6666666666666665;648.0;1;0;0;0;0.1388888888888889;0.0;0;1;0;1;0.2777777777777778;0.41666666666666663;0.9722222222222222;4.305555555555555;0.0
72971;26172;Jair Céspedes;2021_2022;0.8484408992023205;6.59173313995649;2.2189992748368383;78.515625;1.1094996374184192;0.1305293691080493;0.0;2.2189992748368383;0;0.3915881073241479;37;0.19579405366207395;11.11111111111111;0.06526468455402465;0.7831762146482958;1379.0;0;0;1;0;0.0;0.0;0;0;0;0;0.3915881073241479;0.19579405366207395;0.5873821609862219;0.8484408992023205;0.0
73705;249599;Donald Millán;2021_2022;0.8607863974495218;12.52922422954304;2.869287991498406;79.11877394636015;1.1477151965993624;0.09564293304994687;0.19128586609989373;0.8607863974495218;0;0.38257173219978746;35;1.3390010626992561;22.22222222222222;0.19128586609989373;2.2954303931987248;941.0;0;1;0;0;0.09564293304994687;0.0;0;1;0;1;0.19128586609989373;0.4782146652497343;0.7651434643995749;1.9128586609989373;0.0
741727;1018255;Orlando Núñez;2021_2022;0.09463722397476342;4.022082018927445;1.6561514195583598;73.54948805460751;0.7570977917981073;0.0;0.04731861198738171;1.5141955835962146;0;0.37854889589905366;21;1.7981072555205049;12.5;0.04731861198738171;0.42586750788643535;1902.0;0;0;1;0;0.14195583596214512;0.0;0;0;0;1;0.14195583596214512;0.18927444794952683;0.5678233438485805;3.9274447949526814;0.3312302839116719
789198;1017747;Benjamín Ampuero;2021_2022;0.0;2.091222030981067;3.7177280550774525;83.73101952277658;1.4716006884681583;0.0774526678141136;0.0;2.4010327022375213;0;0.46471600688468157;20;1.161790017211704;33.33333333333333;0.0774526678141136;0.0774526678141136;1162.0;0;0;1;0;0.1549053356282272;0.0;0;0;0;1;0.1549053356282272;0.0774526678141136;0.0;0.3098106712564544;0.0774526678141136
82566;38020;Giancarlo Carmona;2021_2022;0.1951219512195122;6.975609756097561;1.2682926829268293;79.16120576671035;1.951219512195122;0.0;0.24390243902439024;1.3658536585365855;0;0.43902439024390244;35;1.3170731707317074;10.526315789473683;0.0975609756097561;0.34146341463414637;1845.0;0;0;1;0;0.04878048780487805;0.0;0;0;0;0;0.3902439024390244;0.2926829268292683;0.4878048780487805;0.8780487804878049;0.1951219512195122
82570;924643;John Fajardo;2021_2022;0.0;3.3788395904436856;4.607508532423208;70.72758037225042;1.9044368600682593;0.0;0.06143344709897611;4.361774744027303;0;0.8600682593856654;32;0.4300341296928327;0.0;0.0;0.3071672354948805;1465.0;0;0;1;0;0.0;0.0;0;0;1;1;0.12286689419795221;0.0;0.12286689419795221;0.36860068259385664;0.0
82577;38024;Julio Landauri;2021_2022;0.7985803016858918;6.708074534161491;1.5173025732031944;73.72262773722628;0.3194321206743567;0.0;0.3194321206743567;0.6388642413487134;0;0.9582963620230701;35;0.7187222715173026;9.090909090909092;0.07985803016858918;0.878438331854481;1127.0;0;0;1;0;0.07985803016858918;0.0;1;0;0;1;0.3992901508429459;0.15971606033717836;0.47914818101153506;2.156166814551908;0.23957409050576753
84506;47439;Christian Ramos;2021_2022;0.1439232409381663;5.708955223880597;4.077825159914712;77.91586998087953;2.5906183368869935;0.04797441364605544;0.04797441364605544;3.5021321961620466;1;0.3837953091684435;32;1.9189765458422174;0.0;0.0;0.3837953091684435;1876.0;0;0;1;0;0.0;0.0;0;0;0;1;0.09594882729211088;0.09594882729211088;0.19189765458422176;0.6236673773987207;0.33582089552238803
94406;73666;Marcio Valverde;2021_2022;1.796008869179601;11.973392461197339;6.7849223946784925;80.07246376811594;0.5986696230598669;0.0;0.9977827050997783;0.0;0;0.3991130820399113;33;2.5942350332594235;0.0;0.0;1.796008869179601;451.0;0;0;1;0;0.19955654101995565;0.0;0;1;0;0;2.3946784922394677;0.9977827050997783;0.9977827050997783;0.9977827050997783;0.9977827050997783
94447;960216;Jorge Molina;2021_2022;0.0;5.947630922693267;2.2443890274314215;82.27146814404432;2.1321695760598502;0.0;0.33665835411471323;2.1321695760598502;0;1.5710723192019949;34;2.9177057356608476;0.0;0.0;0.33665835411471323;802.0;0;0;1;0;0.0;0.0;0;1;0;1;0.7855361596009974;0.0;0.11221945137157106;0.6733167082294265;0.7855361596009974
94735;311734;Marcos Delgado;2021_2022;0.26219956300072833;4.981791697013838;7.013838310269483;65.6896551724138;2.3597960670065548;0.0;0.13109978150036417;4.195193008011653;0;1.2454479242534595;33;1.9664967225054624;0.0;0.0;0.3277494537509104;1373.0;0;0;1;0;0.19664967225054625;0.0;0;0;0;0;0.19664967225054625;0.26219956300072833;0.3277494537509104;1.4420975965040057;0.26219956300072833
94761;883299;Janio Pósito;2021_2022;0.0;8.78698224852071;0.665680473372781;72.02216066481995;3.062130177514793;0.06656804733727811;0.5325443786982249;0.9319526627218935;0;0.1997041420118343;31;1.331360946745562;14.285714285714285;0.3328402366863905;1.1316568047337279;1352.0;0;0;1;0;0.9319526627218935;0.0;1;0;0;0;0.8653846153846154;0.9319526627218935;0.3328402366863905;1.5976331360946745;0.1997041420118343
94880;46988;Yoshimar Yotún;2021_2022;1.3861950941243582;13.143183114660582;5.288077581289219;84.87940630797773;0.5647461494580719;0.0513405590416429;0.1026811180832858;0.2053622361665716;1;1.8482601254991444;31;2.3103251568739305;6.25;0.0513405590416429;1.540216771249287;1753.0;0;0;1;0;0.0;100.0;0;1;1;1;0.513405590416429;0.2053622361665716;0.3080433542498574;0.9241300627495722;0.35938391329150027
95852;123238;Luis Álvarez;2021_2022;0.061601642710472276;5.1129363449691985;2.464065708418891;81.15727002967358;1.4784394250513346;0.0;0.12320328542094455;1.6632443531827514;0;0.6160164271047227;31;1.2320328542094454;16.666666666666664;0.12320328542094455;0.2464065708418891;1461.0;0;0;1;0;0.0;0.0;0;1;0;1;0.36960985626283366;0.2464065708418891;0.4928131416837782;0.8624229979466118;0.2464065708418891
96295;46992;Juan Diego Lojas;2021_2022;0.0;1.660261337432744;3.112990007686395;79.91266375545851;1.867794004611837;0.06917755572636433;0.207532667179093;5.188316679477325;0;0.48424289008455035;32;1.5910837817063797;0.0;0.0;0.3458877786318217;1301.0;0;0;1;0;0.06917755572636433;0.0;0;0;0;1;0.2767102229054573;0.06917755572636433;0.0;0.5534204458109147;0.415065334358186
96309;897009;Alexis Blanco;2021_2022;0.05653266331658291;5.709798994974874;0.4522613065326633;62.13592233009708;4.692211055276382;0.22613065326633164;0.16959798994974873;0.9610552763819095;0;0.22613065326633164;33;1.6394472361809045;33.33333333333333;0.621859296482412;1.4698492462311556;1592.0;1;0;0;0;0.5653266331658291;100.0;1;0;0;1;0.7349246231155778;0.9610552763819095;0.16959798994974873;1.1871859296482412;0.0
100197;162603;Juan Morales;2022_2023;0.03776751993285774;8.422156945027277;2.152748636172891;84.43017656500803;0.8686529584557281;0.07553503986571548;0.07553503986571548;1.1330255979857322;0;0.9064204783885859;33;1.9639110365086025;0.0;0.0;0.6798153587914394;2383.0;0;0;1;0;0.03776751993285774;0.0;0;1;0;0;0.07553503986571548;0.03776751993285774;0.8308854385228703;1.7373059169114562;0.3776751993285774
102784;107293;Joel Sánchez;2022_2023;0.7131537242472267;18.399366085578446;3.1378763866877972;81.51898734177216;0.9984152139461173;0.14263074484944532;0.28526148969889065;0.14263074484944532;0;0.9984152139461173;33;1.4263074484944533;0.0;0.0;2.709984152139461;631.0;0;0;1;0;0.0;0.0;0;1;1;0;1.7115689381933439;0.9984152139461173;1.8541996830427891;2.13946117274168;0.0
103817;311524;Iván Santillán;2022_2023;1.71875;6.71875;2.34375;78.04295942720763;0.546875;0.078125;0.46875;1.015625;0;0.546875;31;1.015625;0.0;0.0;1.328125;1152.0;0;0;1;0;0.0;0.0;0;0;1;1;0.390625;0.234375;0.703125;0.703125;0.078125
105834;1018128;Daniel Morales;2022_2023;0.46439628482972134;8.91640866873065;1.9504643962848296;79.64601769911505;0.46439628482972134;0.09287925696594426;0.09287925696594426;0.7430340557275541;0;0.46439628482972134;30;1.4860681114551082;10.526315789473683;0.18575851393188852;1.4860681114551082;969.0;0;0;1;0;0.7430340557275541;0.0;1;0;0;0;0.9287925696594427;0.7430340557275541;0.8359133126934983;0.7430340557275541;0.2786377708978328
111130;115187;Joyce Conde;2022_2023;0.0;4.930182599355532;0.0;63.54679802955665;4.930182599355532;0.0;0.09667024704618689;1.1600429645542427;0;0.38668098818474755;30;2.416756176154672;22.727272727272727;0.48335123523093443;1.3533834586466165;931.0;0;0;1;0;0.6766917293233082;0.0;1;0;0;1;0.870032223415682;1.1600429645542427;0.19334049409237378;1.2567132116004296;0.19334049409237378
119365;882851;Joazhiño Arroé;2022_2023;1.2080536912751678;11.476510067114095;4.055608820709492;80.43912175648703;0.0862895493767977;0.0862895493767977;0.3451581975071908;0.0862895493767977;0;1.0354745925215725;30;0.6903163950143816;9.523809523809524;0.1725790987535954;2.2435282837967403;1043.0;0;0;1;0;0.2588686481303931;0.0;0;1;0;1;0.9491850431447747;0.5177372962607862;1.3806327900287632;1.5532118887823587;0.1725790987535954
120093;248065;Andrés Andrade;2022_2023;0.4768211920529801;12.397350993377483;2.5033112582781456;83.33333333333334;0.5165562913907285;0.1986754966887417;0.3973509933774834;0.3973509933774834;1;0.6754966887417219;33;1.3509933774834437;9.75609756097561;0.15894039735099336;1.7880794701986753;2265.0;0;1;0;0;0.11920529801324503;0.0;1;0;1;1;0.7152317880794702;0.5165562913907285;1.509933774834437;1.5496688741721854;0.3178807947019867
126019;83951;Alberto Quintero;2022_2023;0.5357142857142857;12.156593406593407;1.6483516483516485;80.63492063492063;0.4945054945054945;0.12362637362637363;0.32967032967032966;0.2884615384615385;0;0.20604395604395606;34;0.8241758241758242;12.121212121212121;0.16483516483516483;1.5247252747252749;2184.0;0;0;0;0;0.24725274725274726;0.0;1;0;1;1;0.5357142857142857;0.4945054945054945;1.2362637362637363;2.5961538461538463;0.16483516483516483
135139;839571;Armando Alfageme;2022_2023;0.2404274265360641;4.407836153161176;2.2439893143365985;77.720207253886;0.3205699020480855;0.08014247551202137;0.3205699020480855;1.6028495102404274;0;1.0418521816562778;31;1.4425645592163847;0.0;0.0;0.40071237756010686;1123.0;0;0;1;0;0.0;0.0;0;1;1;1;0.16028495102404275;0.08014247551202137;0.3205699020480855;1.1219946571682993;0.3205699020480855
138110;129520;Gino Peruzzi;2022_2023;0.5913272010512484;5.2036793692509855;1.8922470433639946;82.37623762376238;0.5321944809461235;0.23653088042049933;0.05913272010512483;2.542706964520368;1;0.5321944809461235;30;1.4783180026281209;16.666666666666664;0.05913272010512483;0.9461235216819973;1522.0;1;0;0;0;0.0;0.0;0;0;1;1;0.11826544021024966;0.1773981603153745;0.05913272010512483;1.8331143232588698;0.23653088042049933
146822;339169;Tarek Carranza;2022_2023;0.16353725015142337;6.26892792247123;3.3252574197456086;78.67078825347758;1.0357359176256813;0.0;0.2725620835857056;1.6898849182313749;0;0.872198667474258;30;1.6353725015142337;10.0;0.10902483343428225;0.5996365838885523;1651.0;0;0;1;0;0.0;100.0;0;1;0;1;0.49061175045427013;0.32707450030284674;0.054512416717141125;0.872198667474258;0.16353725015142337
149622;176285;Werner Schuler;2022_2023;0.0;1.1995677233429394;3.5338616714697406;77.71966527196653;2.2370317002881843;0.032420749279538905;0.032420749279538905;4.538904899135447;0;0.19452449567723343;31;0.9077809798270893;0.0;0.0;0.19452449567723343;2776.0;0;0;1;0;0.19452449567723343;0.0;0;0;0;1;0.324207492795389;0.06484149855907781;0.032420749279538905;0.38904899135446686;0.09726224783861671
149771;339841;Ángel Ojeda;2022_2023;0.5484460694698354;8.226691042047532;1.7550274223034734;77.58346581875993;0.2742230347349177;0.10968921389396709;0.16453382084095064;1.5356489945155392;0;0.43875685557586835;29;3.126142595978062;15.0;0.16453382084095064;1.206581352833638;1641.0;0;0;1;0;0.0;0.0;0;1;1;1;0.4936014625228519;0.43875685557586835;0.3290676416819013;0.5484460694698354;0.10968921389396709
168974;842529;Claudio Torrejón;2022_2023;0.10707911957168352;4.818560380725758;1.6597263533610946;80.52126200274348;1.4991076740035694;0.0;0.05353955978584176;2.73051754907793;0;1.1778703152885188;29;1.6597263533610946;0.0;0.0;0.10707911957168352;1681.0;0;0;1;0;0.10707911957168352;0.0;0;1;0;1;0.2676977989292088;0.05353955978584176;0.1606186793575253;0.9637120761451518;0.4818560380725759
170616;176289;Ángel Romero;2022_2023;0.1000555864369094;6.153418565869928;2.201222901612007;85.36285362853629;1.200667037242913;0.1000555864369094;0.0500277932184547;1.9510839355197334;0;0.8504724847137299;31;2.1511951083935523;0.0;0.0;0.8004446914952752;1799.0;0;0;1;0;0.0500277932184547;0.0;0;1;1;0;0.2501389660922735;0.1000555864369094;0.500277932184547;0.500277932184547;0.500277932184547
170787;869721;Facundo Moreira;2022_2023;0.0;7.467248908296944;5.6986899563318785;89.7887323943662;3.9301310043668125;0.0;0.19650655021834063;4.716157205240175;0;1.3755458515283843;33;0.9825327510917031;0.0;0.0;0.5895196506550219;458.0;0;0;0;1;0.0;0.0;0;0;0;1;0.39301310043668125;0.0;0.39301310043668125;0.9825327510917031;0.39301310043668125
171151;805289;Léiner Escalante;2022_2023;0.46605293440736484;4.971231300345225;0.5178365937859609;80.54054054054053;0.4142692750287687;0.10356731875719218;0.15535097813578827;0.15535097813578827;0;0.3624856156501726;30;1.19102416570771;13.88888888888889;0.25891829689298046;1.19102416570771;1738.0;0;1;0;0;0.4142692750287687;0.0;1;0;0;1;0.7767548906789413;0.9321058688147297;1.087456846950518;3.521288837744534;0.31070195627157654
176400;220931;Jorge Bazán;2022_2023;0.5924300603400987;10.071311025781679;0.3949533735600658;83.33333333333334;0.3949533735600658;0.04936917169500823;0.34558420186505756;0.1974766867800329;0;0.14810751508502468;31;0.5924300603400987;4.166666666666666;0.04936917169500823;0.8392759188151399;1823.0;0;0;1;0;0.09873834339001646;0.0;1;0;0;1;0.44432254525507403;0.3949533735600658;0.8392759188151399;0.5430608886450905;0.09873834339001646
178104;340349;Gabriel Leyes;2022_2023;0.0;3.549295774647887;0.9295774647887324;58.333333333333336;4.901408450704225;0.5915492957746479;0.5915492957746479;1.1830985915492958;0;0.2535211267605634;32;2.5352112676056335;21.21212121212121;0.5915492957746479;1.2676056338028168;1065.0;0;0;0;1;0.7605633802816901;100.0;1;0;0;1;1.2676056338028168;0.9295774647887324;1.5211267605633803;2.873239436619718;0.3380281690140845
180911;789965;João Ortiz;2022_2023;2.4907749077490777;6.392988929889299;3.9437269372693726;67.18938480096502;0.6642066420664207;0.0;0.16605166051660517;1.5774907749077491;0;0.996309963099631;31;1.0793357933579335;0.0;0.0;1.5774907749077491;2168.0;0;0;1;0;0.08302583025830258;0.0;0;0;0;1;0.4151291512915129;0.12453874538745388;0.6642066420664207;1.868081180811808;0.3736162361623616
186903;248229;Jean Piere Fuentes;2022_2023;0.0;4.954128440366972;5.190039318479686;71.1864406779661;2.477064220183486;0.11795543905635648;0.11795543905635648;3.0668414154652686;0;0.7077326343381389;30;1.4154652686762779;0.0;0.0;0.47182175622542594;763.0;0;0;1;0;0.35386631716906947;0.0;0;1;0;1;0.5897771952817824;0.35386631716906947;0.0;1.2975098296199215;0.23591087811271297
194999;248059;Raziel García;2022_2023;2.25891677675033;14.623513870541611;2.4966974900924703;78.96995708154506;0.11889035667107001;0.11889035667107001;0.11889035667107001;0.23778071334214002;0;1.1889035667107002;28;0.5944517833553501;11.11111111111111;0.11889035667107001;2.7344782034346102;757.0;0;0;1;0;0.0;0.0;0;1;1;1;0.47556142668428003;0.47556142668428003;1.3077939233817701;0.71334214002642;0.0
195002;175977;Álvaro Ampuero;2022_2023;0.043625787687833255;3.010179350460495;2.748424624333495;73.1638418079096;2.0067862336403297;0.043625787687833255;0.08725157537566651;3.969946679592826;0;0.3926320891904993;29;2.0067862336403297;6.666666666666667;0.043625787687833255;0.17450315075133302;2063.0;0;0;1;0;0.0;0.0;0;0;0;1;0.34900630150266604;0.21812893843916628;0.8288899660688318;1.0033931168201649;0.21812893843916628
195858;826377;Yhirbis Córdova;2022_2023;0.4403914590747331;8.487544483985765;4.0836298932384345;72.34285714285714;0.9608540925266904;0.0400355871886121;0.1601423487544484;2.882562277580071;0;0.5604982206405694;31;1.0008896797153024;0.0;0.0;0.6405693950177936;2248.0;0;0;1;0;0.0400355871886121;0.0;0;0;0;1;0.3202846975088968;0.0800711743772242;0.400355871886121;1.1610320284697508;0.2402135231316726
198027;189207;Jean Deza;2022_2023;1.5286624203821655;8.312101910828025;1.8152866242038217;77.14285714285715;0.09554140127388534;0.0;0.28662420382165604;0.19108280254777069;0;0.28662420382165604;29;0.38216560509554137;20.833333333333336;0.47770700636942676;2.1974522292993632;942.0;0;0;1;0;0.19108280254777069;66.66666666666666;1;0;0;1;0.9554140127388535;1.0509554140127388;1.624203821656051;2.6751592356687897;0.47770700636942676
201043;358202;Gianmarco Gambetta;2022_2023;0.0;3.4206081081081083;4.484797297297297;70.60133630289532;2.1283783783783785;0.0;0.07601351351351351;4.408783783783784;0;0.5320945945945946;31;1.4442567567567568;0.0;0.0;0.07601351351351351;1184.0;0;0;1;0;0.0;0.0;0;0;0;1;0.15202702702702703;0.07601351351351351;0.15202702702702703;0.3800675675675676;0.15202702702702703
203385;590312;Gabriel Costa;2022_2023;1.3165593914569924;11.743709771796373;0.9479227618490346;77.72194304857621;0.526623756582797;0.2106495026331188;0.6846108835576361;0.1579871269748391;1;1.2638970157987128;32;1.3692217671152722;20.0;0.526623756582797;2.6857811585722646;1709.0;0;0;1;0;0.1053247513165594;83.33333333333334;1;0;1;1;0.7899356348741955;1.1585722644821534;1.211234640140433;1.1059098888238736;0.4212990052662376
207246;249403;Martín Pérez Guedes;2022_2023;0.6979750107712194;10.54717794054287;2.908229211546747;81.75046554934823;0.9306333476949591;0.11632916846186989;0.3489875053856097;0.23265833692373977;1;0.23265833692373977;30;1.008186126669539;15.789473684210526;0.3489875053856097;1.008186126669539;2321.0;1;0;0;0;0.19388194743644982;0.0;0;1;1;0;0.8918569582076692;0.9694097371822491;0.5816458423093495;0.9306333476949591;0.15510555794915984
210481;339737;Nicolás Palacios;2022_2023;0.0;3.7313432835820897;4.3283582089552235;76.41921397379913;1.6417910447761193;0.0;0.0;2.9850746268656714;0;0.5970149253731343;30;1.4925373134328357;0.0;0.0;0.14925373134328357;603.0;0;1;0;0;0.0;0.0;0;0;0;1;0.14925373134328357;0.0;0.29850746268656714;0.7462686567164178;0.44776119402985076
214624;345787;Josimar Vargas;2022_2023;0.0;3.4851936218678814;2.357630979498861;80.38461538461539;0.5125284738041002;0.10250569476082004;0.10250569476082004;1.1275626423690204;0;0.9225512528473804;32;0.9225512528473804;0.0;0.0;0.41002277904328016;878.0;0;0;1;0;0.0;0.0;0;1;0;1;0.3075170842824601;0.0;0.10250569476082004;0.3075170842824601;0.8200455580865603
224677;588144;Jhonny Vidales;2022_2023;0.4440789473684211;11.694078947368421;1.1842105263157894;76.37231503579952;0.29605263157894735;0.14802631578947367;0.5921052631578947;1.0361842105263157;0;0.6661184210526315;30;1.2582236842105263;8.823529411764707;0.22203947368421054;2.2203947368421053;1216.0;0;0;1;0;1.0361842105263157;50.0;1;0;1;0;1.0361842105263157;0.8881578947368421;1.6282894736842106;1.1101973684210527;0.29605263157894735
226327;220465;Rodrigo Ureña;2022_2023;0.416141235813367;11.235813366960908;6.128625472887768;84.070796460177;0.5296343001261034;0.11349306431273644;0.3026481715006305;1.2862547288776798;1;1.0592686002522067;29;0.7566204287515763;11.11111111111111;0.11349306431273644;1.021437578814628;2379.0;0;0;0;0;0.0;0.0;0;1;1;1;0.416141235813367;0.3026481715006305;0.34047919293820933;0.9079445145018915;0.37831021437578816
227771;312276;Marcos Ortiz;2022_2023;0.0;2.6732673267326734;2.3990860624523993;85.32494758909853;1.0281797410510283;0.06854531607006854;0.0;2.3305407463823307;0;0.4798172124904798;29;1.5765422696115765;0.0;0.0;0.2741812642802742;1313.0;0;0;1;0;0.0;0.0;0;0;1;1;0.4112718964204113;0.0;0.20563594821020564;0.6854531607006855;0.4112718964204113
246548;333585;Maximiliano Amondarain;2022_2023;0.0;2.8864142538975504;4.3296213808463255;68.58638743455498;2.4855233853006684;0.0801781737193764;0.0801781737193764;5.532293986636971;0;0.4409799554565702;29;1.2427616926503342;0.0;0.0;0.3608017817371938;2245.0;0;0;0;1;0.0801781737193764;0.0;0;0;0;1;0.3207126948775056;0.200445434298441;0.0801781737193764;0.5211581291759466;0.24053452115812918
249977;883294;Carlos Uribe;2022_2023;0.03923278116826504;8.827375762859635;1.843940714908457;80.33509700176367;1.1377506538796862;0.0;0.23539668700959024;0.7061900610287708;0;1.1377506538796862;30;1.6870095902353968;11.11111111111111;0.07846556233653008;0.5492589363557105;2294.0;0;0;1;0;0.07846556233653008;0.0;0;1;0;1;0.1961639058413252;0.2746294681778553;0.1961639058413252;0.941586748038361;0.3530950305143854
250004;312270;Édinson Chávez;2022_2023;1.0867924528301887;8.69433962264151;2.445283018867925;71.78988326848248;0.2037735849056604;0.06792452830188679;0.06792452830188679;1.0867924528301887;1;2.445283018867925;28;2.1056603773584905;0.0;0.0;1.2226415094339624;1325.0;0;0;1;0;0.06792452830188679;0.0;0;0;0;0;0.27169811320754716;0.2037735849056604;0.4075471698113208;0.9509433962264151;0.339622641509434
250482;805353;Joao Villamarín;2022_2023;0.15901060070671377;5.724381625441696;0.15901060070671377;73.83177570093457;0.47703180212014135;0.0;0.31802120141342755;0.31802120141342755;0;0.47703180212014135;30;3.1802120141342756;40.0;0.9540636042402827;0.6360424028268551;566.0;0;0;1;0;1.5901060070671378;0.0;1;0;1;1;0.9540636042402827;1.1130742049469964;0.15901060070671377;1.2720848056537102;0.31802120141342755
260324;339163;Josué Estrada;2022_2023;1.8436454849498327;7.6755852842809364;2.934782608695652;76.4961915125136;1.0535117056856187;0.2633779264214047;0.37625418060200666;1.5050167224080266;0;0.677257525083612;27;1.3168896321070234;3.125;0.037625418060200665;2.483277591973244;2392.0;0;0;1;0;0.15050167224080266;0.0;0;0;0;1;0.7525083612040133;0.07525083612040133;0.5267558528428093;0.451505016722408;0.338628762541806
267549;589438;Saúl Salas;2022_2023;0.625;3.875;2.125;69.60352422907489;1.75;0.0;0.125;4.125;0;0.875;27;1.875;0.0;0.0;0.5;720.0;0;0;1;0;0.125;0.0;0;0;0;1;0.125;0.125;0.125;0.25;0.25
271438;330867;Tomás Martínez;2022_2023;0.8638743455497383;11.230366492146597;1.806282722513089;73.23008849557522;0.31413612565445026;0.0;0.7068062827225131;1.256544502617801;1;1.4136125654450262;27;2.198952879581152;4.3478260869565215;0.07853403141361257;1.9633507853403143;1146.0;1;0;0;0;0.07853403141361257;0.0;0;1;0;1;1.0209424083769634;0.07853403141361257;1.3350785340314137;1.7277486910994766;0.15706806282722513
275266;339171;Ítalo Regalado;2022_2023;0.40419161676646703;6.736526946107785;0.6736526946107784;70.625;2.2904191616766467;0.2694610778443114;0.40419161676646703;0.6736526946107784;0;0.8083832335329341;26;3.0988023952095807;5.88235294117647;0.1347305389221557;1.4820359281437125;668.0;0;0;1;0;1.0778443113772456;0.0;1;0;0;0;0.8083832335329341;1.0778443113772456;0.2694610778443114;1.2125748502994012;0.0
279380;883343;Aldair Salazar;2022_2023;0.24110218140068884;3.340987370838117;2.6521239954075773;72.43436754176611;1.8599311136624568;0.0;0.1377726750861079;3.168771526980482;0;0.3099885189437428;27;1.412169919632606;5.0;0.03444316877152698;0.3444316877152698;2613.0;0;0;1;0;0.20665901262916186;0.0;0;0;0;0;0.41331802525832373;0.1377726750861079;0.06888633754305395;0.4477611940298507;0.1722158438576349
279387;339475;José Manzaneda;2022_2023;1.2395474667978357;11.510083620265618;1.0624692572552878;80.90379008746356;0.8411214953271028;0.17707820954254797;0.4869650762420069;0.7968519429414658;0;0.9296606000983768;27;1.5051647811116577;13.157894736842104;0.22134776192818495;1.5051647811116577;2033.0;0;0;1;0;0.3984259714707329;100.0;1;0;0;1;0.6197737333989178;0.5755041810132808;1.4608952287260206;1.6379734382685687;0.04426955238563699
292729;384658;Alexis Cossio;2022_2023;0.9806295399515739;4.576271186440678;1.9612590799031477;77.09923664122137;0.9806295399515739;0.0;0.10895883777239711;0.9806295399515739;0;0.5447941888619855;27;1.6343825665859566;0.0;0.0;1.089588377723971;826.0;0;0;1;0;0.0;0.0;0;0;0;1;0.6537530266343826;0.10895883777239711;0.3268765133171913;1.1985472154963681;0.21791767554479421
296211;882909;Federico Alonso;2022_2023;0.04143646408839779;3.3977900552486187;4.350828729281768;77.01040681173131;1.6988950276243093;0.0;0.12430939226519337;2.4861878453038675;0;0.6629834254143646;31;0.9530386740331492;10.0;0.12430939226519337;0.04143646408839779;2172.0;0;0;0;1;0.12430939226519337;0.0;0;0;1;1;0.580110497237569;0.5386740331491713;0.2900552486187845;0.4558011049723757;0.3314917127071823
325591;875662;Kevin Ruiz;2022_2023;0.6655710764174199;6.729663105998356;0.7395234182415776;69.58041958041959;2.218570254724733;0.0;0.2218570254724733;0.8134757600657354;0;0.3697617091207888;27;1.6269515201314708;7.4074074074074066;0.14790468364831552;1.1092851273623665;1217.0;0;0;1;0;0.5176663927691043;0.0;1;0;0;1;1.257189811010682;0.5176663927691043;0.961380443714051;1.848808545603944;0.14790468364831552
325726;846366;Adrián Ugarriza;2022_2023;0.0411522633744856;6.666666666666666;0.411522633744856;71.48936170212767;1.4814814814814814;0.12345679012345678;0.7407407407407407;0.5761316872427983;1;0.6584362139917695;25;1.1934156378600822;11.494252873563218;0.411522633744856;1.1111111111111112;2187.0;0;0;1;0;0.49382716049382713;50.0;1;0;0;1;1.5637860082304527;1.2757201646090535;1.6872427983539093;2.42798353909465;0.205761316872428
330690;805068;Enmanuel Páucar;2022_2023;0.8348794063079777;6.76252319109462;4.257884972170687;86.58777120315581;0.3339517625231911;0.0;0.0;0.5844155844155844;0;0.5844155844155844;25;0.4174397031539889;0.0;0.0;0.9183673469387755;1078.0;0;0;1;0;0.0;0.0;0;1;0;0;0.2504638218923933;0.0;0.0;0.5009276437847866;0.16697588126159554
335217;883397;Gerson Barreto;2022_2023;0.4103343465045593;8.685410334346505;3.7613981762917934;83.73205741626795;0.7522796352583587;0.06838905775075987;0.06838905775075987;1.231003039513678;0;1.3677811550151977;26;2.325227963525836;0.0;0.0;0.4103343465045593;1316.0;0;0;1;0;0.0;0.0;0;1;1;1;0.3419452887537994;0.06838905775075987;0.6838905775075989;1.231003039513678;0.13677811550151975
352344;876926;Francisco Duclós;2022_2023;0.43113772455089816;4.958083832335329;1.8323353293413172;70.27972027972028;1.2934131736526946;0.0;0.10778443113772454;2.1556886227544907;0;1.0778443113772453;26;1.9401197604790417;0.0;0.0;1.401197604790419;835.0;0;0;1;0;0.10778443113772454;0.0;0;0;0;0;0.7544910179640718;0.0;0.21556886227544908;0.5389221556886227;0.7544910179640718
356381;873703;Anthony Rosell;2022_2023;0.7381703470031545;6.870662460567823;2.1577287066246056;75.0;0.9652996845425867;0.0;0.28391167192429023;0.9652996845425867;0;0.7949526813880127;27;1.135646687697161;9.523809523809524;0.11356466876971609;0.8517350157728707;1585.0;0;0;1;0;0.17034700315457413;0.0;0;0;0;1;0.5678233438485805;0.34069400630914826;0.34069400630914826;1.476340694006309;0.22712933753943218
358338;925309;Carlos Correa;2022_2023;0.3025210084033614;4.840336134453782;1.8151260504201683;70.2127659574468;0.40336134453781514;0.25210084033613445;0.1512605042016807;1.1092436974789917;0;2.319327731092437;27;3.226890756302521;10.0;0.05042016806722689;0.7563025210084034;1785.0;0;0;1;0;0.10084033613445378;0.0;0;1;0;1;0.25210084033613445;0.10084033613445378;0.40336134453781514;2.6218487394957983;0.5042016806722689
398023;836280;Alexis Rojas;2022_2023;0.46117461568782026;6.598344501379582;0.7094994087504927;73.39181286549707;0.7449743791880173;0.035474970437524636;0.2837997635001971;0.39022467481277096;0;0.4966495861253449;26;0.8513992905005913;38.23529411764706;0.46117461568782026;0.8868742609381158;2537.0;0;0;1;0;0.5675995270003942;100.0;1;0;1;1;0.3192747339377217;0.6030744974379187;1.2770989357508868;2.90894757587702;0.07094994087504927
41301;26884;Wilmer Aguirre;2022_2023;0.192102454642476;6.819637139807897;0.192102454642476;82.48587570621469;0.48025613660618993;0.0;0.288153681963714;0.384204909284952;0;0.192102454642476;39;0.576307363927428;15.0;0.288153681963714;0.576307363927428;937.0;0;0;1;0;0.8644610458911419;0.0;1;0;1;1;0.9605122732123799;0.6723585912486659;0.192102454642476;0.6723585912486659;0.096051227321238
415544;830746;Neri Bandiera;2022_2023;0.40609137055837563;6.751269035532995;0.30456852791878175;57.938718662952645;1.6243654822335025;0.20304568527918782;0.30456852791878175;1.015228426395939;0;0.5583756345177665;32;1.116751269035533;14.285714285714285;0.20304568527918782;0.9644670050761421;1773.0;1;0;0;0;0.3553299492385787;0.0;1;0;0;1;0.25380710659898476;0.8629441624365483;0.5583756345177665;2.9949238578680206;0.0
420864;879629;Hideyoshi Arakaki;2022_2023;0.30874785591766724;3.910806174957118;0.5145797598627787;65.50522648083623;1.234991423670669;0.051457975986277875;0.3602058319039451;0.411663807890223;0;0.411663807890223;24;0.8747855917667239;18.461538461538463;0.6174957118353345;0.6689536878216124;1749.0;0;0;1;0;0.7718696397941681;0.0;1;0;0;1;1.6981132075471699;1.2864493996569468;1.0291595197255574;1.646655231560892;0.051457975986277875
426325;819114;Pablo Sabbag;2022_2023;0.05591798695246971;5.731593662628145;0.391425908667288;66.56580937972768;1.733457595526561;0.16775396085740915;0.782851817334576;0.3355079217148183;1;0.4473438956197577;25;1.6495806150978565;12.096774193548388;0.41938490214352286;1.3140726933830382;3219.0;0;0;0;0;0.587138863000932;100.0;1;0;0;1;1.3420316868592732;1.3420316868592732;1.2301957129543337;1.7054986020503262;0.22367194780987884
433698;887125;José Bolívar;2022_2023;0.8294930875576036;6.013824884792626;2.9377880184331797;74.44889779559118;0.5875576036866359;0.03456221198156682;0.1382488479262673;2.108294930875576;1;0.7949308755760368;22;1.1059907834101383;0.0;0.0;0.6912442396313364;2604.0;0;0;1;0;0.0;0.0;0;0;0;1;0.10368663594470046;0.03456221198156682;0.967741935483871;0.8986175115207373;0.2073732718894009
434192;883768;David Dioses;2022_2023;0.23195876288659795;9.742268041237114;2.8994845360824746;79.89690721649485;0.34793814432989695;0.0;0.4639175257731959;0.23195876288659795;0;0.8118556701030928;26;0.6958762886597939;0.0;0.0;0.9278350515463918;776.0;0;0;1;0;0.11597938144329897;0.0;0;1;0;1;0.5798969072164949;0.0;0.0;1.2757731958762888;0.23195876288659795
435046;840208;Brenner;2022_2023;0.0;4.948453608247423;1.8556701030927836;78.8135593220339;1.0824742268041236;0.30927835051546393;0.6185567010309279;0.4639175257731959;1;0.15463917525773196;28;1.8556701030927836;23.076923076923077;0.4639175257731959;1.7010309278350515;582.0;0;0;0;0;0.15463917525773196;0.0;1;0;0;1;0.6185567010309279;0.7731958762886598;0.15463917525773196;1.7010309278350515;0.0
439631;876929;Kevin Quevedo;2022_2023;0.975609756097561;10.48780487804878;0.3252032520325203;73.21428571428571;0.8130081300813008;0.4065040650406504;0.975609756097561;0.08130081300813008;0;0.4065040650406504;25;1.056910569105691;7.547169811320755;0.3252032520325203;1.4634146341463414;1107.0;0;0;1;0;0.4065040650406504;50.0;1;0;1;0;1.2195121951219512;2.113821138211382;1.7073170731707317;1.7886178861788617;0.3252032520325203
440312;883747;Bryan Reyna;2022_2023;0.16853932584269662;9.396067415730336;0.6320224719101123;75.9075907590759;0.6320224719101123;0.12640449438202248;0.2949438202247191;0.2949438202247191;1;0.3792134831460674;23;1.601123595505618;11.538461538461538;0.25280898876404495;1.095505617977528;2136.0;0;0;1;0;0.16853932584269662;100.0;1;0;0;1;0.8848314606741573;1.0112359550561798;3.960674157303371;2.7808988764044944;0.42134831460674155
441344;884997;Matías Di Benedetto;2022_2023;0.0910010111223458;2.4570273003033365;3.5490394337714863;72.28381374722838;4.095045500505561;0.0;0.0910010111223458;4.4590495449949445;1;0.2730030333670374;29;1.0920121334681496;0.0;0.0;0.2730030333670374;989.0;1;0;0;0;0.1820020222446916;0.0;0;0;0;1;0.455005055611729;0.3640040444893832;0.0910010111223458;0.0910010111223458;0.455005055611729
458461;1020999;José Rivera;2022_2023;0.26564344746162927;7.225501770956316;0.9031877213695395;82.46913580246914;0.9031877213695395;0.10625737898465171;0.6375442739079102;0.4781582054309327;1;0.42502951593860683;25;0.9031877213695395;12.280701754385964;0.371900826446281;1.2750885478158205;1694.0;0;0;1;0;0.4781582054309327;100.0;1;0;0;1;1.3282172373081464;1.062573789846517;0.9563164108618654;1.859504132231405;0.21251475796930341
473579;876928;Luis Garro;2022_2023;1.0573308270676691;4.609962406015037;1.2265037593984962;76.87074829931973;0.6766917293233082;0.042293233082706765;0.2537593984962406;1.987781954887218;0;0.8458646616541353;25;1.43796992481203;0.0;0.0;0.6766917293233082;2128.0;0;0;1;0;0.1268796992481203;0.0;0;0;0;1;0.21146616541353383;0.1268796992481203;1.099624060150376;1.43796992481203;0.29605263157894735
477378;883396;Carlos Cabello;2022_2023;0.6324324324324324;8.172972972972973;1.9459459459459458;76.32911392405063;0.5351351351351351;0.19459459459459458;0.09729729729729729;0.9729729729729729;0;0.5837837837837837;24;0.6324324324324324;14.285714285714285;0.048648648648648644;1.654054054054054;1850.0;0;0;1;0;0.29189189189189185;0.0;0;0;1;1;0.19459459459459458;0.048648648648648644;1.4108108108108106;0.9729729729729729;0.0
480523;876927;Aldair Fuentes;2022_2023;0.0;3.0354131534569984;2.124789207419899;77.8409090909091;2.2765598650927488;0.0;0.0;5.160202360876897;0;0.7588532883642496;24;2.5801011804384486;0.0;0.0;0.0;593.0;0;0;1;0;0.0;0.0;0;0;0;1;0.30354131534569984;0.0;0.0;1.0623946037099494;1.2141652613827993
480527;973681;Rely Fernández;2022_2023;1.112026359143328;6.968698517298188;1.2602965403624382;81.01694915254237;1.2602965403624382;0.22240527182866557;0.5930807248764415;0.44481054365733114;0;1.0378912685337727;24;2.5947281713344315;10.81081081081081;0.29654036243822074;1.9275123558484348;1214.0;0;0;1;0;0.29654036243822074;100.0;1;0;0;1;1.112026359143328;1.0378912685337727;1.4085667215815485;2.298187808896211;0.44481054365733114
483715;883812;Renato Espinosa;2022_2023;0.09473684210526316;5.305263157894737;0.6631578947368422;68.42105263157895;3.126315789473684;0.09473684210526316;0.6631578947368422;0.8526315789473684;0;0.28421052631578947;23;1.231578947368421;18.181818181818183;0.5684210526315789;1.5157894736842106;950.0;0;0;1;0;1.8947368421052633;0.0;1;0;0;1;1.0421052631578946;1.4210526315789473;0.37894736842105264;1.231578947368421;0.18947368421052632
486264;883339;Kevin Moreno;2022_2023;0.24032042723631508;5.587449933244326;3.604806408544726;74.88921713441654;1.021361815754339;0.06008010680907877;0.0;3.124165554072096;0;1.3217623497997328;25;0.9612817089452603;0.0;0.0;0.48064085447263016;1498.0;0;0;1;0;0.0;0.0;0;0;0;1;0.0;0.0;0.30040053404539385;0.6608811748998664;0.30040053404539385
489993;875661;Jorge Toledo;2022_2023;0.7346938775510204;6.09795918367347;2.8653061224489798;72.91242362525459;1.1755102040816328;0.0;0.07346938775510205;1.836734693877551;0;0.8816326530612245;26;1.689795918367347;9.090909090909092;0.07346938775510205;0.6612244897959184;1225.0;0;0;1;0;0.0;0.0;0;0;0;0;0.44081632653061226;0.2938775510204082;0.44081632653061226;0.3673469387755102;0.3673469387755102
501586;877910;Fabio Rojas;2022_2023;0.16589861751152074;5.557603686635945;2.0737327188940093;71.59904534606206;1.8248847926267282;0.16589861751152074;0.16589861751152074;2.3225806451612905;0;1.1612903225806452;22;1.6589861751152073;0.0;0.0;0.2488479262672811;1085.0;0;0;1;0;0.0;0.0;0;0;1;1;0.2488479262672811;0.0;0.0;0.663594470046083;0.3317972350230415
515413;874981;Jesús Mendieta;2022_2023;0.6728971962616823;5.327102803738318;2.1869158878504673;64.0;0.8411214953271029;0.05607476635514019;0.28037383177570097;1.2897196261682244;0;0.6728971962616823;24;1.0654205607476637;5.88235294117647;0.05607476635514019;0.7289719626168225;1605.0;0;0;1;0;0.0;0.0;0;0;0;0;0.39252336448598135;0.28037383177570097;0.5607476635514019;0.6168224299065421;0.39252336448598135
516242;914294;Edhu Oliva;2022_2023;1.8966689326988442;11.624745071380014;3.7321549966009515;78.74251497005989;0.30591434398368456;0.24473147518694766;0.24473147518694766;0.24473147518694766;0;0.6730115567641061;26;1.1624745071380014;0.0;0.0;1.8354860639021073;1471.0;0;0;1;0;0.0;0.0;0;1;1;1;0.6730115567641061;0.36709721278042146;0.8565601631543167;1.9578518014955812;0.12236573759347383
528367;893067;Marco Saravia;2022_2023;0.0;4.7056401811445046;6.261836146562372;82.23140495867769;1.8526142445450804;0.07410456978180321;0.0;3.964594483326472;1;0.29641827912721286;23;0.7410456978180322;16.666666666666664;0.07410456978180321;0.18526142445450805;2429.0;0;0;1;0;0.0;0.0;0;0;0;1;0.29641827912721286;0.14820913956360643;0.07410456978180321;0.4816797035817209;0.22231370934540964
53533;31611;Carlos Zambrano;2022_2023;0.0;2.079831932773109;3.5924369747899156;82.45398773006136;2.773109243697479;0.0;0.12605042016806722;3.84453781512605;1;0.31512605042016806;32;1.8277310924369747;0.0;0.0;0.06302521008403361;1428.0;0;0;1;0;0.0;0.0;0;0;1;1;0.12605042016806722;0.06302521008403361;0.18907563025210083;1.134453781512605;0.5042016806722689
565193;925119;Joel López Pissano;2022_2023;1.7074663402692778;11.291309669522644;2.9742962056303552;76.9704433497537;0.44063647490820074;0.605875152998776;0.38555691554467564;0.33047735618115054;0;1.156670746634027;25;1.0465116279069768;18.181818181818183;0.33047735618115054;1.8727050183598533;1634.0;1;0;0;0;0.05507955936352509;0.0;0;1;0;1;0.7711138310893513;0.6609547123623011;2.2031823745410035;1.1015911872705018;0.27539779681762544
581174;888479;Carlos Caraza;2022_2023;0.6852791878172588;8.314720812182742;3.197969543147208;78.66507747318236;0.9593908629441624;0.09137055837563451;0.13705583756345177;1.7360406091370557;0;1.1421319796954315;36;1.2791878172588833;0.0;0.0;1.1421319796954315;1970.0;0;0;1;0;0.09137055837563451;0.0;0;0;1;1;0.36548223350253806;0.0;0.45685279187817257;0.7309644670050761;0.22842639593908629
581201;924791;Yorkman Tello;2022_2023;0.0;4.2749999999999995;3.5999999999999996;80.76109936575054;0.3;0.0;0.0;1.875;0;2.55;32;1.65;50.0;0.22499999999999998;0.6;1200.0;0;0;1;0;0.075;100.0;0;1;0;1;0.375;0.075;0.375;1.3499999999999999;0.525
582098;924787;Jefferson Portales;2022_2023;0.0;2.3214285714285716;4.107142857142858;80.0;0.7142857142857143;0.0;0.17857142857142858;5.0;0;0.7142857142857143;24;2.5;0.0;0.0;0.0;504.0;0;0;1;0;0.17857142857142858;0.0;0;0;1;1;0.0;0.0;0.0;0.35714285714285715;0.5357142857142857
582655;978543;Jesús Castillo;2022_2023;0.20606754436176303;16.38236977676016;5.666857469948483;83.26143226919758;0.8757870635374928;0.0;0.10303377218088151;0.8757870635374928;1;0.9273039496279336;26;1.700057240984545;18.181818181818183;0.10303377218088151;1.030337721808815;1747.0;0;0;1;0;0.05151688609044076;0.0;0;1;0;1;0.10303377218088151;0.3606182026330853;0.41213508872352606;0.8757870635374928;0.30910131654264456
621026;929014;Oslimg Mora;2022_2023;0.6060606060606061;8.93939393939394;2.272727272727273;77.82805429864254;0.0;0.0;0.6060606060606061;1.0606060606060606;0;0.6060606060606061;23;1.9696969696969697;0.0;0.0;0.9090909090909092;594.0;0;0;1;0;0.0;0.0;0;0;1;1;0.6060606060606061;0.30303030303030304;1.5151515151515151;1.3636363636363638;0.4545454545454546
621028;980889;Dylan Caro;2022_2023;1.0;4.2;2.2;72.27722772277228;0.4;0.0;0.2;1.4;0;0.2;23;2.0;0.0;0.0;1.4;450.0;0;0;1;0;0.2;0.0;0;0;0;1;0.0;0.2;0.0;1.0;0.2
621036;973653;Jonathan Bilbao;2022_2023;0.06976744186046512;1.744186046511628;2.7906976744186047;73.53689567430025;2.581395348837209;0.0;0.13953488372093023;5.023255813953488;0;0.20930232558139533;22;1.6046511627906976;0.0;0.0;0.41860465116279066;1290.0;0;0;1;0;0.0;0.0;0;0;0;1;0.41860465116279066;0.13953488372093023;0.06976744186046512;0.4883720930232558;0.3488372093023256
624291;958382;Ignácio;2022_2023;0.0;3.0578242404442992;2.263966024175106;82.9122340425532;1.3524991832734399;0.02940215615811826;0.1470107807905913;3.3812479581836;1;0.23521724926494608;25;1.1466840901666122;20.0;0.08820646847435479;0.2940215615811826;3061.0;0;0;0;0;0.05880431231623652;0.0;0;0;0;1;0.1470107807905913;0.1470107807905913;0.17641293694870958;0.9408689970597843;0.17641293694870958
628328;932088;Piero Vivanco;2022_2023;0.5027932960893855;9.553072625698324;1.3575418994413408;81.04575163398692;0.35195530726256985;0.0;0.4525139664804469;0.3016759776536313;0;1.005586592178771;22;1.458100558659218;7.6923076923076925;0.10055865921787709;0.8547486033519552;1790.0;0;0;1;0;0.15083798882681565;0.0;1;0;1;1;0.553072625698324;0.3016759776536313;1.7094972067039105;1.4078212290502794;0.25139664804469275
639467;924881;Christian Vásquez;2022_2023;0.3836317135549872;3.989769820971867;1.6112531969309463;70.45454545454545;1.3043478260869565;0.0;0.07672634271099744;1.381074168797954;0;1.0741687979539642;22;1.6879795396419437;0.0;0.0;0.46035805626598464;1173.0;0;0;1;0;0.0;0.0;0;0;0;1;0.23017902813299232;0.0;0.3836317135549872;1.3043478260869565;0.46035805626598464
641820;933730;Brandon Palacios;2022_2023;0.4368932038834951;4.368932038834951;1.2233009708737863;71.31782945736434;1.3106796116504855;0.08737864077669903;0.17475728155339806;0.4368932038834951;0;0.6990291262135923;24;1.2233009708737863;31.57894736842105;0.5242718446601942;0.6990291262135923;1030.0;0;0;1;0;0.6990291262135923;0.0;1;0;0;1;0.6116504854368932;0.8737864077669902;1.2233009708737863;1.7475728155339805;0.6116504854368932
647304;830085;Alex Rambal;2022_2023;0.0;1.2;2.6;78.80434782608695;1.6;0.0;0.0;4.8;0;0.6;29;0.4;0.0;0.0;0.0;450.0;0;1;0;0;0.0;0.0;0;0;0;1;0.2;0.0;0.2;0.4;0.2
653484;975241;Erick Perleche;2022_2023;0.2863202545068929;4.7720042417815485;0.9544008483563097;75.72463768115942;0.6680805938494168;0.0;0.0;1.4316012725344645;0;0.6680805938494168;21;1.9088016967126193;0.0;0.0;0.8589607635206786;943.0;0;0;1;0;0.0;0.0;0;0;0;1;0.19088016967126192;0.0;0.2863202545068929;1.0498409331919407;0.09544008483563096
654297;973563;Miguel Cornejo;2022_2023;0.7045009784735812;11.97651663405088;2.2896281800391387;86.39455782312925;0.8806262230919765;0.0;0.7045009784735812;0.5283757338551859;0;1.4090019569471623;22;2.8180039138943247;14.285714285714285;0.1761252446183953;0.8806262230919765;511.0;0;0;1;0;0.0;0.0;0;1;1;1;0.3522504892367906;0.1761252446183953;1.2328767123287672;3.522504892367906;0.3522504892367906
665116;978545;Axel Moyano;2022_2023;0.0729631130928253;6.74908796108634;3.392784758816376;84.2843779232928;0.6566680178354276;0.03648155654641265;0.03648155654641265;0.36481556546412647;0;1.130928252938792;21;2.261856505877584;25.0;0.03648155654641265;0.5837049047426024;2467.0;0;0;1;0;0.0;0.0;0;1;1;1;0.0;0.10944466963923793;0.21888933927847587;1.2038913660316173;0.4742602351033644
670060;1090706;Victor Perlaza;2022_2023;0.14018691588785046;6.728971962616822;0.2803738317757009;78.17460317460318;0.911214953271028;0.0;0.9813084112149533;0.4205607476635514;0;0.2102803738317757;27;1.8925233644859811;16.363636363636363;0.6308411214953271;1.0514018691588785;1284.0;0;1;0;0;0.5607476635514018;66.66666666666666;1;0;0;0;1.3317757009345794;1.542056074766355;0.5607476635514018;3.014018691588785;0.07009345794392523
671879;1049088;Erick Gonzales;2022_2023;0.08144796380090497;6.271493212669683;2.199095022624434;77.17842323651453;1.7104072398190044;0.0;0.24434389140271492;2.443438914027149;0;1.1402714932126696;26;1.7104072398190044;0.0;0.0;0.4072398190045249;1105.0;0;0;1;0;0.08144796380090497;0.0;0;1;0;1;1.0588235294117647;0.24434389140271492;0.4072398190045249;1.5475113122171944;0.6515837104072397
672263;960225;Hugo Ancajima;2022_2023;0.7410179640718563;3.9745508982035926;1.4146706586826348;75.14124293785311;0.40419161676646703;0.20209580838323352;0.20209580838323352;3.0988023952095807;1;0.7410179640718563;24;0.875748502994012;0.0;0.0;0.875748502994012;1336.0;0;0;1;0;0.06736526946107785;0.0;0;0;0;1;0.1347305389221557;0.1347305389221557;0.875748502994012;0.875748502994012;0.20209580838323352
696726;1018388;Emanuel Ibáñez;2022_2023;0.23622047244094488;4.9015748031496065;2.3031496062992125;79.49579831932773;0.47244094488188976;0.0;0.17716535433070865;0.6496062992125984;0;1.1220472440944882;28;2.421259842519685;0.0;0.0;0.5314960629921259;1524.0;1;0;0;0;0.05905511811023622;0.0;0;1;0;1;0.9448818897637795;0.17716535433070865;0.2952755905511811;0.7677165354330708;0.3543307086614173
72680;13532;Luis Ramírez;2022_2023;0.21906693711967545;11.099391480730223;1.8255578093306288;79.8048780487805;1.4239350912778905;0.036511156186612576;0.1460446247464503;0.7302231237322515;0;0.8762677484787018;37;2.40973630831643;8.333333333333332;0.07302231237322515;1.1683569979716024;2465.0;0;0;1;0;0.2920892494929006;0.0;0;1;0;1;0.4016227180527383;0.32860040567951315;0.8032454361054766;3.3955375253549693;0.32860040567951315
72971;26172;Jair Céspedes;2022_2023;0.6723944714232349;7.127381397086291;1.3111692192753082;83.59293873312565;0.8068733657078819;0.0672394471423235;0.134478894284647;0.8068733657078819;0;0.36981695928277925;38;0.6387747478520732;14.285714285714285;0.03361972357116175;1.0085917071348525;2677.0;0;0;1;0;0.0;0.0;0;0;1;1;0.03361972357116175;0.0672394471423235;1.210310048561823;1.075831154277176;0.10085917071348524
73705;249599;Donald Millán;2022_2023;1.4781792585640545;12.923510089160018;3.2097606757390897;77.71428571428571;0.8024401689347724;0.25340215861098075;0.5068043172219615;0.8869075551384327;0;0.8446738620366026;36;1.1825434068512435;15.384615384615385;0.25340215861098075;2.2806194274988267;2131.0;0;1;0;0;0.16893477240732052;85.71428571428571;0;1;0;1;0.4645706241201314;0.6757390896292821;1.267010793054904;1.7738151102768653;0.29563585171281087
740619;1050816;Aryan Romaní;2022_2023;0.8411214953271028;6.608811748998664;0.6008010680907877;79.3103448275862;0.3604806408544726;0.3604806408544726;0.9612817089452603;0.3604806408544726;0;0.3604806408544726;20;1.4419225634178905;4.3478260869565215;0.12016021361815754;1.6822429906542056;749.0;0;0;1;0;0.0;0.0;1;0;1;1;0.9612817089452603;0.8411214953271028;1.9225634178905207;2.1628838451268355;0.0
741727;1018255;Orlando Núñez;2022_2023;0.30638297872340425;6.357446808510638;1.8382978723404255;78.6046511627907;0.5361702127659574;0.07659574468085106;0.3829787234042553;0.7659574468085106;0;0.6893617021276596;22;1.9148936170212767;0.0;0.0;0.6893617021276596;1175.0;0;0;1;0;0.4595744680851064;0.0;0;0;0;1;0.07659574468085106;0.0;1.225531914893617;3.6;0.2297872340425532
741728;1017760;Jhamir D'Arrigo;2022_2023;0.49405306495882895;7.410795974382434;0.8234217749313816;71.45214521452145;0.3705397987191217;0.12351326623970724;0.2058554437328454;0.2058554437328454;1;0.6999085086916743;22;1.070448307410796;18.51851851851852;0.2058554437328454;1.029277218664227;2186.0;0;0;1;0;0.16468435498627632;100.0;1;0;0;1;0.535224153705398;0.3705397987191217;2.182067703568161;2.305580969807868;0.12351326623970724
74351;76814;Michel Acosta;2022_2023;0.04037685060565276;3.351278600269179;1.9380888290713325;73.25714285714285;1.6150740242261103;0.12113055181695828;0.44414535666218036;1.5746971736204576;0;0.8075370121130552;34;1.2516823687752356;4.545454545454546;0.08075370121130553;0.5248990578734859;2229.0;0;0;0;1;0.0;0.0;0;1;0;1;1.009421265141319;0.3230148048452221;0.24226110363391656;0.8882907133243607;0.5248990578734859
77125;312264;Horacio Calcaterra;2022_2023;0.266173752310536;13.87430683918669;2.8613678373382623;83.63754889178618;0.565619223659889;0.23290203327171902;0.39926062846580407;0.49907578558225507;1;1.3308687615526802;33;1.6303142329020333;2.941176470588235;0.033271719038817;1.2643253234750462;2705.0;0;0;1;0;0.066543438077634;0.0;0;1;1;1;0.46580406654343803;0.266173752310536;0.39926062846580407;2.0961182994454712;0.36598890942698703
789198;1017747;Benjamín Ampuero;2022_2023;0.0;2.406417112299465;3.6898395721925135;76.38376383763837;0.9625668449197861;0.0;0.0;3.5294117647058822;0;0.9625668449197861;21;2.2459893048128343;33.33333333333333;0.16042780748663102;0.16042780748663102;561.0;0;0;1;0;0.0;0.0;0;0;0;1;0.32085561497326204;0.16042780748663102;0.0;0.8021390374331551;0.48128342245989303
805862;1017755;Emilio Saba;2022_2023;0.995850622406639;7.344398340248962;1.4937759336099585;72.94117647058823;1.120331950207469;0.12448132780082988;0.12448132780082988;1.7427385892116183;0;0.4979253112033195;21;1.8672199170124482;0.0;0.0;1.2448132780082988;723.0;0;0;0;0;0.0;0.0;0;0;1;0;0.24896265560165975;0.12448132780082988;1.120331950207469;0.4979253112033195;0.24896265560165975
810550;1065267;Adrián Ascues;2022_2023;0.7216981132075472;10.14622641509434;1.9952830188679245;77.22891566265059;0.2971698113207547;0.08490566037735849;0.6367924528301886;0.3820754716981132;1;0.7216981132075472;19;1.5283018867924527;19.230769230769234;0.4245283018867924;1.5283018867924527;2120.0;0;0;1;0;0.16981132075471697;100.0;0;1;0;1;0.9339622641509433;0.6367924528301886;1.740566037735849;2.122641509433962;0.2122641509433962
814636;989258;Marcelo Gaona;2022_2023;0.371900826446281;5.392561983471074;3.2541322314049586;77.25;1.580578512396694;0.0;0.0;2.696280991735537;0;0.6508264462809917;23;1.3016528925619835;9.090909090909092;0.09297520661157024;0.8367768595041322;968.0;0;0;1;0;0.0;0.0;0;0;0;1;0.8367768595041322;0.1859504132231405;0.1859504132231405;0.4648760330578512;0.371900826446281
817656;1068656;Alonso Yovera;2022_2023;0.25641025641025644;6.282051282051282;1.2820512820512822;75.10204081632654;0.7692307692307693;0.12820512820512822;0.0;2.435897435897436;0;1.0256410256410258;21;1.794871794871795;0.0;0.0;0.6410256410256411;702.0;0;0;1;0;0.12820512820512822;0.0;0;0;0;1;0.6410256410256411;0.25641025641025644;0.8974358974358975;1.4102564102564104;0.12820512820512822
82570;924643;John Fajardo;2022_2023;0.0;2.671232876712329;3.493150684931507;78.419452887538;1.2328767123287672;0.0;0.3082191780821918;5.856164383561644;0;0.3082191780821918;33;0.7191780821917809;0.0;0.0;0.20547945205479454;876.0;0;0;1;0;0.10273972602739727;0.0;0;0;0;1;0.20547945205479454;0.0;0.10273972602739727;0.5136986301369864;0.4109589041095891
82584;883313;Nelinho Quina;2022_2023;0.0;3.4491017964071857;3.6646706586826348;77.44916820702403;2.263473053892216;0.03592814371257485;0.03592814371257485;3.5568862275449105;0;0.25149700598802394;35;1.0778443113772456;23.809523809523807;0.17964071856287425;0.2155688622754491;2505.0;0;0;1;0;0.10778443113772455;80.0;0;0;1;1;0.3592814371257485;0.3592814371257485;0.25149700598802394;0.5748502994011976;0.25149700598802394
84506;47439;Christian Ramos;2022_2023;0.054844606946983544;3.9488117001828154;4.113345521023766;84.9002849002849;1.3711151736745886;0.0;0.16453382084095064;2.6325411334552102;0;0.21937842778793418;33;1.8098720292504569;0.0;0.0;0.10968921389396709;1641.0;0;0;1;0;0.0;0.0;0;0;1;1;0.2742230347349177;0.0;0.054844606946983544;0.3839122486288848;0.3290676416819013
866488;1107888;Jostin Alarcón;2022_2023;0.47098001902949577;9.162702188392007;1.2844909609895339;83.92330383480827;0.21408182683158897;0.25689819219790677;0.42816365366317793;0.29971455756422455;1;0.5994291151284491;19;1.070409134157945;9.433962264150944;0.21408182683158897;1.070409134157945;2102.0;0;0;1;0;0.38534728829686016;50.0;1;0;0;1;1.241674595623216;0.5994291151284491;1.3701236917221695;2.3977164605137964;0.25689819219790677
90489;121657;Santiago García;2022_2023;0.1466992665036675;5.647921760391198;5.28117359413203;83.5985312117503;1.466992665036675;0.1466992665036675;0.1466992665036675;3.154034229828851;1;0.9535452322738387;33;0.880195599022005;0.0;0.0;0.36674816625916873;1227.0;1;0;0;0;0.0;0.0;0;0;0;1;0.07334963325183375;0.07334963325183375;0.1466992665036675;0.9535452322738387;0.22004889975550124
94406;73666;Marcio Valverde;2022_2023;1.439499304589708;7.510431154381084;4.819193324061196;71.54811715481172;0.6884561891515995;0.06258692628650904;0.6258692628650904;1.3143254520166898;0;0.5006954102920723;34;0.6884561891515995;8.333333333333332;0.18776077885952713;2.0027816411682893;1438.0;0;0;1;0;0.06258692628650904;100.0;0;1;0;1;0.9388038942976356;0.6884561891515995;0.5632823365785814;0.7510431154381085;0.3129346314325452
94735;311734;Marcos Delgado;2022_2023;0.05178365937859609;4.090909090909091;3.1070195627157653;68.4729064039409;1.6570771001150748;0.0;0.25891829689298046;3.521288837744534;0;1.3463751438434983;34;1.087456846950518;23.52941176470588;0.20713463751438435;0.31070195627157654;1738.0;0;0;1;0;0.15535097813578827;0.0;0;0;0;1;0.25891829689298046;0.3624856156501726;0.3624856156501726;1.087456846950518;0.31070195627157654
94761;883299;Janio Pósito;2022_2023;0.0;5.784412955465587;0.3188259109311741;74.64114832535886;1.4119433198380567;0.09109311740890688;0.409919028340081;0.18218623481781376;0;0.3643724696356275;32;1.45748987854251;23.4375;0.6831983805668016;1.4119433198380567;1976.0;0;0;1;0;0.8653846153846154;100.0;1;0;1;1;1.2297570850202428;1.2753036437246963;0.09109311740890688;1.5030364372469636;0.04554655870445344
94820;125100;Jesús Arismendi;2022_2023;0.15088013411567475;5.280804694048617;1.5088013411567476;66.24605678233438;0.8298407376362111;0.07544006705783737;0.15088013411567475;2.6404023470243083;0;0.7544006705783738;35;1.8860016764459344;33.33333333333333;0.15088013411567475;0.7544006705783738;1193.0;0;0;1;0;0.3017602682313495;0.0;0;0;0;1;0.07544006705783737;0.22632020117351215;0.4526404023470243;0.3017602682313495;0.603520536462699
95280;47447;Christian Cueva;2022_2023;1.6071428571428572;15.803571428571429;1.3392857142857142;79.60339943342775;0.13392857142857142;0.4017857142857143;0.26785714285714285;0.13392857142857142;1;0.5357142857142857;30;0.8035714285714286;0.0;0.0;2.6785714285714284;672.0;0;0;1;0;0.5357142857142857;0.0;0;1;0;1;0.5357142857142857;0.4017857142857143;1.6071428571428572;1.0714285714285714;0.0
96295;46992;Juan Diego Lojas;2022_2023;0.0;1.2136929460580914;2.3340248962655603;78.26086956521739;2.1473029045643157;0.09336099585062241;0.18672199170124482;5.881742738589212;0;0.09336099585062241;33;1.6804979253112033;0.0;0.0;0.0;964.0;0;0;1;0;0.18672199170124482;0.0;0;0;0;1;0.18672199170124482;0.09336099585062241;0.09336099585062241;0.18672199170124482;0.46680497925311204
966369;1170472;Stefano Fernández;2022_2023;0.1020408163265306;5.1020408163265305;2.0408163265306123;81.03448275862068;0.5102040816326531;0.0;0.0;1.1224489795918366;0;1.4285714285714284;20;2.4489795918367343;0.0;0.0;0.3061224489795918;882.0;0;0;1;0;0.0;0.0;0;1;0;1;0.3061224489795918;0.0;0.0;0.2040816326530612;0.4081632653061224
103817;311524;Iván Santillán;2023_2024;0.5839942321557318;7.137707281903388;4.152847873107426;82.4074074074074;0.4542177361211247;0.1946647440519106;0.1946647440519106;1.6870944484498918;0;1.4924297043979813;32;1.9466474405191059;0.0;0.0;1.0382119682768565;1387.0;0;0;1;0;0.06488824801730353;0.0;0;0;0;1;0.2595529920692141;0.1946647440519106;0.4542177361211247;0.7786589762076424;0.4542177361211247
106283;220935;Edson Aubert;2023_2024;0.875;13.083333333333334;9.0;84.67202141900937;0.375;0.25;0.2916666666666667;1.8333333333333333;0;1.1666666666666667;34;1.625;0.0;0.0;1.8333333333333333;2160.0;0;0;1;0;0.041666666666666664;0.0;0;1;1;1;0.6666666666666666;0.4166666666666667;0.7083333333333334;0.5833333333333334;0.3333333333333333
1095971;1466382;Pablo Erustes;2023_2024;0.14128728414442698;6.546310832025117;0.47095761381475665;68.85964912280701;1.41287284144427;0.14128728414442698;0.8006279434850863;0.47095761381475665;0;0.18838304552590265;29;2.3076923076923075;13.253012048192772;0.5180533751962323;0.8948194662480377;1911.0;1;0;0;0;0.28257456828885397;50.0;1;0;0;1;1.6483516483516483;1.4599686028257457;1.1773940345368916;2.119309262166405;0.09419152276295133
1102800;1466374;Eslyn Correa;2023_2024;0.0;6.682464454976303;0.4265402843601896;82.5;0.8530805687203792;0.0;0.2843601895734597;0.2843601895734597;0;0.9952606635071091;18;1.2796208530805688;0.0;0.0;0.7109004739336493;633.0;0;0;1;0;0.0;0.0;0;1;0;1;0.4265402843601896;0.14218009478672985;0.14218009478672985;1.2796208530805688;0.14218009478672985
131114;47418;Sebastián Rodríguez;2023_2024;0.26548672566371684;8.097345132743364;2.3893805309734515;86.37295081967213;0.504424778761062;0.13274336283185842;0.05309734513274337;0.39823008849557523;1;1.752212389380531;30;0.9557522123893806;12.962962962962962;0.18584070796460178;1.858407079646018;3390.0;0;0;0;1;0.0;100.0;0;1;1;1;0.0;0.3451327433628319;1.3008849557522124;0.6902654867256638;0.26548672566371684
140931;107596;John Narváez;2023_2024;0.0;2.5625539257981016;3.4167385677308024;76.5432098765432;0.31061259706643657;0.0;0.0;3.960310612597066;0;0.7765314926660914;32;2.018981880931838;0.0;0.0;0.31061259706643657;1159.0;0;0;0;0;0.0;0.0;0;0;0;1;0.31061259706643657;0.0;0.4659188955996549;0.9318377911993098;0.31061259706643657
146292;932870;Alan Pérez;2023_2024;0.07894736842105263;4.394736842105263;5.473684210526316;74.41673370876912;2.5526315789473686;0.02631578947368421;0.47368421052631576;2.1842105263157894;0;1.7105263157894737;32;0.8947368421052632;9.090909090909092;0.02631578947368421;0.15789473684210525;3420.0;1;0;0;0;0.0;0.0;0;0;0;1;0.0;0.10526315789473684;0.47368421052631576;0.3684210526315789;0.23684210526315788
147105;339117;Cristian Techera;2023_2024;0.9011264080100124;2.027534418022528;1.6896120150187734;75.5868544600939;0.4505632040050062;0.11264080100125155;0.0;0.5632040050062578;0;0.7884856070087609;31;0.6758448060075094;0.0;0.0;1.9148936170212765;799.0;0;0;0;1;0.2252816020025031;0.0;1;0;0;1;0.0;1.013767209011264;3.1539424280350437;0.6758448060075094;0.11264080100125155
149771;339841;Ángel Ojeda;2023_2024;0.07075471698113207;5.872641509433962;3.3254716981132075;80.35714285714286;0.42452830188679247;0.0;0.2830188679245283;0.9905660377358491;0;0.6367924528301887;30;2.2641509433962264;7.142857142857142;0.07075471698113207;0.8490566037735849;1272.0;0;0;1;0;0.0;0.0;0;1;0;1;0.42452830188679247;0.2830188679245283;0.0;0.2830188679245283;0.5660377358490566
160906;339529;Willyan Mimbela;2023_2024;2.9508196721311477;9.442622950819672;1.981264637002342;76.2481089258699;0.37939110070257615;0.2107728337236534;0.8009367681498829;0.1686182669789227;0;0.8430913348946136;31;1.3067915690866512;4.878048780487805;0.1686182669789227;3.2037470725995316;2135.0;0;0;1;0;0.08430913348946135;100.0;0;1;0;1;1.6018735362997658;1.053864168618267;1.559718969555035;2.655737704918033;0.3372365339578454
170616;176289;Ángel Romero;2023_2024;0.07471980074719801;4.595267745952678;1.8679950186799503;83.90446521287642;1.270236612702366;0.0;0.261519302615193;2.428393524283935;0;0.7471980074719801;32;1.3823163138231631;10.0;0.07471980074719801;0.33623910336239105;2409.0;0;0;1;0;0.0;0.0;0;1;1;1;0.261519302615193;0.22415940224159403;0.261519302615193;0.635118306351183;0.11207970112079702
170785;309126;Nicolás Albarracín;2023_2024;1.316339323025491;4.851650647722524;1.730045967404931;75.42908762420957;0.7521938988717092;0.22565816966151275;0.15043877977434184;0.33848725449226913;0;1.316339323025491;30;0.8274132887588801;4.918032786885246;0.11282908483075638;1.3915587129126619;2393.0;0;0;0;1;0.07521938988717092;0.0;1;0;0;1;0.0;0.902632678646051;2.218972001671542;0.6017551190973673;0.22565816966151275
175208;243515;Guti;2023_2024;0.0;3.339622641509434;3.5094339622641506;85.39682539682539;2.150943396226415;0.0;0.33962264150943394;3.0;0;1.981132075471698;32;1.1320754716981132;11.11111111111111;0.056603773584905655;0.056603773584905655;1590.0;0;0;0;0;0.0;0.0;0;0;0;1;0.0;0.16981132075471697;1.0188679245283019;0.16981132075471697;0.16981132075471697
177064;159931;Cecilio Waterman;2023_2024;0.0;6.008771929824562;0.9210526315789473;75.90361445783132;1.8859649122807016;0.08771929824561403;0.30701754385964913;0.8771929824561403;1;0.17543859649122806;32;0.5263157894736842;17.307692307692307;0.39473684210526316;0.8771929824561403;2052.0;0;0;0;0;0.43859649122807015;100.0;1;0;0;1;1.0087719298245614;0.9649122807017544;0.7456140350877193;0.5263157894736842;0.3508771929824561
194998;176139;Edison Flores;2023_2024;0.6545454545454545;9.054545454545455;1.6363636363636365;83.44827586206897;0.9818181818181819;0.2181818181818182;0.4363636363636364;0.8727272727272728;1;0.5454545454545455;29;1.5272727272727273;0.0;0.0;2.290909090909091;825.0;0;0;1;0;0.0;0.0;1;0;0;1;0.5454545454545455;0.5454545454545455;0.5454545454545455;0.5454545454545455;0.0
196037;340077;Pablo Lavandeira;2023_2024;2.4801812004530013;8.867497168742922;1.2570781426953568;70.03257328990227;0.7474518686296716;0.33975084937712347;0.30577576443941107;0.30577576443941107;1;0.6455266138165345;33;1.4949037372593432;18.0327868852459;0.3737259343148358;2.6160815402038504;2649.0;0;0;0;1;0.20385050962627407;100.0;0;1;1;1;0.7474518686296716;1.0192525481313703;1.1551528878822197;2.276330690826727;0.10192525481313704
210553;923196;Juan Manuel Tévez;2023_2024;0.25009924573243353;0.9289400555776102;0.35728463676061933;64.26666666666667;3.2512901945216357;0.03572846367606193;0.21437078205637158;0.5716554188169909;0;0.32155617308455736;35;1.2504962286621677;17.647058823529413;0.21437078205637158;0.6788408098451767;2519.0;1;0;0;0;0.6431123461691147;33.33333333333333;1;0;0;1;0.0;0.6431123461691147;0.9289400555776102;1.1790393013100438;0.07145692735212386
213399;830004;Jhonier Viveros;2023_2024;0.3745743473325766;11.95232690124858;2.5198637911464243;80.0640512409928;0.4767309875141884;0.0;0.2043132803632236;0.4767309875141884;0;0.5788876276958003;31;0.7491486946651532;8.571428571428571;0.1021566401816118;1.293984108967083;2643.0;0;1;0;0;0.2043132803632236;50.0;1;0;0;1;0.5448354143019296;0.4426787741203178;1.362088535754824;4.324631101021566;0.0681044267877412
214719;220929;Carlos Beltrán;2023_2024;0.09988901220865704;3.429522752497225;4.495005549389567;84.02839396628217;2.397336293007769;0.06659267480577136;0.2996670366259711;2.497225305216426;0;0.2663706992230854;32;1.564927857935627;10.714285714285714;0.19977802441731407;0.39955604883462814;2703.0;1;0;0;0;0.0;0.0;0;1;0;1;0.8657047724750278;0.6992230854605993;0.19977802441731407;1.1986681465038844;0.36625971143174246
216036;246313;Lucas Cano;2023_2024;0.17071320182094082;1.6047040971168438;1.3315629742033384;66.26506024096386;4.267830045523521;0.13657056145675267;0.10242792109256449;0.4779969650986343;0;0.8194233687405159;28;1.3998482549317148;12.0;0.30728376327769347;0.5804248861911988;2636.0;1;0;0;0;0.4779969650986343;100.0;1;0;0;1;0.0;0.8877086494688923;2.526555386949924;2.7996965098634297;0.23899848254931716
224677;588144;Jhonny Vidales;2023_2024;0.47619047619047616;9.870129870129869;1.6017316017316017;78.625;0.2597402597402597;0.04329004329004329;0.2597402597402597;0.47619047619047616;0;0.8225108225108224;31;1.4718614718614718;4.166666666666666;0.04329004329004329;1.6450216450216448;2079.0;0;0;1;0;0.08658008658008658;0.0;1;0;0;0;0.5194805194805194;0.2597402597402597;1.4718614718614718;1.2121212121212122;0.17316017316017315
238661;341981;Rodrigo Castro;2023_2024;0.6188925081433225;2.44299674267101;1.205211726384365;82.21709006928405;0.7166123778501629;0.16286644951140067;0.06514657980456026;0.3583061889250814;0;1.7915309446254073;30;1.3355048859934853;19.51219512195122;0.26058631921824105;1.7589576547231272;2763.0;1;0;0;0;0.06514657980456026;100.0;0;1;0;1;0.0;0.5863192182410424;2.019543973941368;2.1172638436482085;0.19543973941368079
242991;339963;Luis Caicedo;2023_2024;0.0;2.6119402985074625;3.8059701492537314;75.93457943925233;0.3731343283582089;0.0;0.0;5.0;0;0.14925373134328357;31;0.8955223880597015;0.0;0.0;0.6716417910447761;1206.0;0;0;0;0;0.0;0.0;0;0;0;1;0.07462686567164178;0.0;0.07462686567164178;0.3731343283582089;0.29850746268656714
246548;333585;Maximiliano Amondarain;2023_2024;0.0;3.118570655116405;5.0676773145641585;75.20775623268699;2.3876556578234975;0.04872766648619383;0.04872766648619383;5.2625879805089335;0;0.5360043313481321;30;1.65674066053059;0.0;0.0;0.1461829994585815;1847.0;0;0;0;1;0.0;0.0;0;0;0;1;0.5360043313481321;0.1461829994585815;0.19491066594477532;0.7796426637791013;0.43854899837574446
249975;339843;Aldair Rodríguez;2023_2024;0.45226130653266333;6.396267049533381;0.6460875807609476;76.98209718670077;1.615218951902369;0.06460875807609476;0.25843503230437903;0.7753050969131371;0;0.25843503230437903;28;2.196697774587222;11.538461538461538;0.19382627422828427;1.1629576453697057;1393.0;0;0;1;0;0.5168700646087581;0.0;1;0;1;1;0.7753050969131371;0.6460875807609476;1.2275664034458005;1.35678391959799;0.3230437903804738
249977;883294;Carlos Uribe;2023_2024;0.17716535433070865;4.960629921259843;2.6574803149606296;83.77192982456141;0.7086614173228346;0.0;0.0;0.5314960629921259;0;1.0629921259842519;31;1.5944881889763778;0.0;0.0;0.3543307086614173;508.0;0;0;1;0;0.0;0.0;0;1;0;0;0.17716535433070865;0.0;0.3543307086614173;0.5314960629921259;0.5314960629921259
250004;312270;Édinson Chávez;2023_2024;0.4400977995110025;5.39119804400978;2.530562347188264;72.65917602996255;0.0;0.22004889975550124;0.0;1.9804400977995111;0;1.2102689486552567;29;1.8704156479217604;0.0;0.0;0.880195599022005;818.0;0;0;1;0;0.0;0.0;0;0;1;1;0.22004889975550124;0.0;0.33007334963325186;0.4400977995110025;0.11002444987775062
250737;805065;Rafael Guarderas;2023_2024;0.3258246178600161;8.652453740949316;2.389380530973451;80.84745762711864;0.5430410297666934;0.036202735317779566;0.21721641190667737;1.1946902654867255;0;1.1222847948511665;29;0.9774738535800482;0.0;0.0;0.7964601769911505;2486.0;0;0;1;0;0.10860820595333869;0.0;0;1;0;1;0.10860820595333869;0.07240547063555913;0.43443282381335474;0.9050683829444891;0.28962188254223653
250915;358194;Koichi Aparicio;2023_2024;0.06632277081798084;1.8570375829034635;4.443625644804716;81.74204355108877;1.1938098747236552;0.0;0.06632277081798084;3.1171702284450995;0;0.7295504789977892;31;0.9948415622697127;7.6923076923076925;0.06632277081798084;0.13264554163596168;1357.0;0;0;1;0;0.13264554163596168;0.0;0;0;0;1;0.5969049373618276;0.19896831245394253;0.26529108327192336;0.3316138540899042;0.26529108327192336
260318;338883;Horacio Benincasa;2023_2024;0.0;0.923076923076923;1.7538461538461538;82.09876543209876;1.5692307692307692;0.0;0.0923076923076923;6.276923076923077;0;0.0923076923076923;29;0.5538461538461538;0.0;0.0;0.0;975.0;0;0;1;0;0.1846153846153846;0.0;0;0;0;0;0.4615384615384615;0.0;0.0923076923076923;0.6461538461538461;0.1846153846153846
260324;339163;Josué Estrada;2023_2024;0.7569386038687973;4.087468460891506;3.3683767872161483;71.91697191697192;0.7569386038687973;0.1135407905803196;0.1135407905803196;1.703111858704794;0;0.7190916736753575;28;1.476030277544155;4.545454545454546;0.03784693019343987;0.8704793944491169;2378.0;0;0;1;0;0.15138772077375948;0.0;0;0;0;1;0.4920100925147183;0.2270815811606392;0.6812447434819177;0.7190916736753575;0.34062237174095883
262254;312346;Teodoro Paredes;2023_2024;0.07407407407407407;2.5925925925925926;2.888888888888889;70.66666666666667;1.7037037037037037;0.0;0.1111111111111111;5.2592592592592595;0;0.5185185185185185;30;0.8518518518518519;23.076923076923077;0.1111111111111111;0.2222222222222222;2430.0;0;0;0;0;0.07407407407407407;0.0;0;0;0;1;0.1111111111111111;0.25925925925925924;0.18518518518518517;0.6296296296296297;0.2222222222222222
270987;295161;Nicolás Pasquini;2023_2024;0.1497504159733777;5.990016638935108;1.94675540765391;74.12280701754386;0.8985024958402662;0.0;0.0;1.6472545757071546;1;0.7487520798668885;32;0.5990016638935108;0.0;0.0;0.1497504159733777;601.0;1;0;0;0;0.0;0.0;0;0;0;1;0.0;0.0;0.1497504159733777;0.1497504159733777;0.2995008319467554
275266;339171;Ítalo Regalado;2023_2024;0.23336214347450301;5.67847882454624;0.23336214347450301;71.2280701754386;1.0890233362143473;0.07778738115816768;0.15557476231633535;0.9334485738980121;0;0.6222990492653414;27;1.7891097666378564;16.666666666666664;0.15557476231633535;0.3111495246326707;1157.0;0;0;1;0;0.6222990492653414;0.0;1;0;0;1;0.23336214347450301;0.5445116681071737;0.38893690579083834;0.7778738115816767;0.38893690579083834
279061;924793;Héctor Zeta;2023_2024;0.0;4.790419161676647;0.23952095808383234;69.3103448275862;1.377245508982036;0.11976047904191617;0.17964071856287425;0.3592814371257485;0;0.47904191616766467;29;0.7784431137724551;21.875;0.4191616766467066;0.8982035928143713;1503.0;0;0;1;0;0.47904191616766467;0.0;1;0;1;1;0.7784431137724551;0.9580838323353293;0.29940119760479045;0.23952095808383234;0.17964071856287425
279387;339475;José Manzaneda;2023_2024;1.0671936758893281;9.035573122529645;0.3557312252964427;78.41530054644808;0.3557312252964427;0.1422924901185771;0.5691699604743083;0.7114624505928854;0;0.4980237154150198;28;1.992094861660079;15.0;0.21343873517786563;1.4229249011857708;1265.0;0;0;1;0;0.7114624505928854;0.0;1;0;0;1;0.2845849802371542;0.5691699604743083;0.4980237154150198;1.4940711462450593;0.07114624505928854
279793;898755;Diego Mondino;2023_2024;0.028301886792452827;2.80188679245283;4.415094339622641;79.26093514328808;2.632075471698113;0.0;0.3962264150943396;2.5754716981132075;0;2.6603773584905657;28;0.5943396226415094;33.33333333333333;0.08490566037735849;0.056603773584905655;3180.0;1;0;0;0;0.028301886792452827;0.0;0;0;0;1;0.0;0.11320754716981131;0.08490566037735849;0.4245283018867924;0.2830188679245283
283386;332777;Lucas Diarte;2023_2024;1.2061855670103092;6.123711340206185;1.2061855670103092;67.18266253869969;0.6494845360824741;0.0;0.09278350515463916;1.7628865979381443;1;0.9278350515463917;30;1.2989690721649483;14.285714285714285;0.09278350515463916;1.11340206185567;970.0;1;0;0;0;0.0;0.0;0;0;0;1;0.37113402061855666;0.18556701030927833;0.46391752577319584;1.0206185567010309;0.46391752577319584
308810;312208;Rubén Ramírez;2023_2024;0.04641567818463126;4.687983496647757;3.5740072202166067;77.63012181616833;2.2743682310469313;0.04641567818463126;0.04641567818463126;2.9241877256317688;0;0.6962351727694688;27;0.8818978855079939;0.0;0.0;0.5105724600309438;1939.0;0;0;0;0;0.04641567818463126;0.0;0;0;0;1;0.18566271273852503;0.04641567818463126;0.2784940691077875;0.8354822073233625;0.13924703455389376
315761;818401;Pierre da Silva;2023_2024;2.240663900414938;10.082987551867221;1.120331950207469;79.06976744186046;1.120331950207469;0.18672199170124482;0.5601659751037344;1.120331950207469;0;0.9336099585062241;24;2.8008298755186725;12.5;0.18672199170124482;2.053941908713693;482.0;0;0;0;0;0.0;0.0;1;0;0;1;0.7468879668049793;0.18672199170124482;1.120331950207469;3.174273858921162;0.5601659751037344
325591;875662;Kevin Ruiz;2023_2024;0.33707865168539325;7.415730337078651;1.0112359550561798;75.28735632183908;2.528089887640449;0.0;0.5056179775280899;1.0112359550561798;0;0.6741573033707865;28;2.359550561797753;20.0;0.33707865168539325;1.1797752808988764;534.0;0;0;1;0;0.33707865168539325;0.0;1;0;0;1;0.16853932584269662;1.0112359550561798;1.0112359550561798;2.359550561797753;0.33707865168539325
325696;805056;Javier Núñez;2023_2024;0.9315286624203821;7.452229299363057;1.5764331210191083;75.74123989218329;0.21496815286624205;0.07165605095541401;0.28662420382165604;0.7882165605095541;0;1.5047770700636942;26;0.7165605095541401;6.25;0.07165605095541401;1.2181528662420382;1256.0;0;0;1;0;0.21496815286624205;0.0;1;0;0;1;0.4299363057324841;0.4299363057324841;0.6449044585987261;1.4331210191082802;0.21496815286624205
325706;883389;Diego Ramírez;2023_2024;0.22842639593908629;6.98984771573604;1.416243654822335;79.30142302716689;0.8223350253807107;0.04568527918781726;0.27411167512690354;0.7309644670050761;0;1.0964467005076142;28;1.1878172588832487;0.0;0.0;0.9137055837563451;1970.0;0;0;1;0;0.13705583756345177;0.0;0;1;0;1;0.3197969543147208;0.27411167512690354;1.0050761421319796;2.238578680203046;0.18274111675126903
326200;840530;Óscar Barreto;2023_2024;1.0340729001584785;13.300316957210777;4.849445324881141;79.81497056349875;0.17828843106180667;0.10697305863708399;0.49920760697305866;0.39223454833597465;0;1.9968304278922346;30;1.497622820919176;7.142857142857142;0.17828843106180667;1.9968304278922346;2524.0;0;1;0;0;0.07131537242472266;0.0;1;0;0;1;1.1410459587955626;0.8557844690966719;1.2123613312202852;1.5689381933438986;0.35657686212361334
329212;586956;Lucas Colitto;2023_2024;0.9902200488997556;8.361858190709047;1.1002444987775062;74.31506849315068;0.33007334963325186;0.0;0.7701711491442543;0.22004889975550124;0;1.430317848410758;29;1.1002444987775062;0.0;0.0;1.3202933985330074;818.0;1;0;0;0;0.11002444987775062;0.0;1;0;0;1;0.5501222493887531;0.5501222493887531;1.430317848410758;1.430317848410758;0.22004889975550124
330690;805068;Enmanuel Páucar;2023_2024;0.03867640739149119;4.331757627847013;3.210141813493769;88.46153846153845;0.4254404813064031;0.03867640739149119;0.11602922217447358;0.6961753330468414;0;0.4641168886978943;26;0.8122045552213151;0.0;0.0;0.4641168886978943;2327.0;0;0;1;0;0.03867640739149119;0.0;0;1;0;1;0.11602922217447358;0.03867640739149119;0.3094112591319295;0.6574989256553503;0.3094112591319295
332776;760636;Anthony Gordillo;2023_2024;0.6601466992665037;3.6858190709046457;1.265281173594132;73.67303609341825;0.5501222493887531;0.05501222493887531;0.16503667481662593;1.6503667481662592;0;0.8251833740831296;29;0.9352078239608802;0.0;0.0;0.7701711491442543;1636.0;0;0;1;0;0.0;0.0;0;0;0;0;0.22004889975550124;0.0;0.38508557457212717;0.5501222493887531;0.11002444987775062
333025;805261;Nilson Loyola;2023_2024;0.5202312138728323;8.84393063583815;1.2138728323699421;81.4977973568282;1.560693641618497;0.17341040462427745;0.17341040462427745;1.2138728323699421;0;0.0;28;2.947976878612717;10.0;0.17341040462427745;0.8670520231213873;519.0;0;0;1;0;0.0;0.0;0;0;1;1;0.8670520231213873;0.6936416184971098;0.5202312138728323;1.2138728323699421;0.17341040462427745
335217;883397;Gerson Barreto;2023_2024;0.06976744186046512;5.441860465116279;2.7906976744186047;81.62705667276052;0.8023255813953488;0.03488372093023256;0.06976744186046512;0.872093023255814;0;1.2906976744186045;27;1.6046511627906976;4.545454545454546;0.03488372093023256;0.6627906976744186;2580.0;0;0;1;0;0.0;0.0;0;1;0;0;0.45348837209302323;0.2441860465116279;0.5930232558139534;1.2906976744186045;0.27906976744186046
335677;874985;Renzo Garcés;2023_2024;0.0;3.172858225928734;6.550416982562548;86.66232921275211;1.398786959818044;0.0;0.03411675511751327;4.162244124336619;1;0.17058377558756635;27;1.159969673995451;0.0;0.0;0.06823351023502654;2638.0;0;0;1;0;0.03411675511751327;0.0;0;0;0;1;0.27293404094010615;0.03411675511751327;0.44351781652767247;1.7399545109931767;0.23881728582259287
351561;831183;Carlo Diez;2023_2024;0.12290884260839877;5.899624445203141;2.8269033799931718;80.65116279069767;0.7067258449982929;0.0;0.18436326391259816;1.3212700580402867;0;0.399453738477296;27;1.597814953909184;8.695652173913043;0.06145442130419938;0.7067258449982929;2929.0;0;0;1;0;0.0;0.0;0;1;0;1;0.4301809491293957;0.09218163195629908;0.49163537043359506;1.106179583475589;0.24581768521679753
352344;876926;Francisco Duclós;2023_2024;0.044820717131474105;2.465139442231076;2.6892430278884465;78.99603698811096;1.4790836653386454;0.0;0.0;4.078685258964144;0;0.40338645418326696;27;0.7171314741035857;11.11111111111111;0.044820717131474105;0.13446215139442233;2008.0;0;0;1;0;0.08964143426294821;0.0;0;0;0;1;0.26892430278884466;0.13446215139442233;0.0;0.5378486055776893;0.17928286852589642
356381;873703;Anthony Rosell;2023_2024;0.5633802816901409;6.901408450704226;1.795774647887324;79.14046121593292;0.7042253521126761;0.21126760563380284;0.035211267605633804;1.5845070422535212;0;0.4225352112676057;28;0.5633802816901409;0.0;0.0;1.0211267605633803;2556.0;0;0;1;0;0.21126760563380284;0.0;0;0;1;1;0.17605633802816903;0.24647887323943662;0.21126760563380284;0.8450704225352114;0.0
358016;789372;Adrián Arregui;2023_2024;0.08823529411764706;3.0294117647058822;2.1470588235294117;80.53030303030303;3.3823529411764706;0.029411764705882353;0.5294117647058824;1.5294117647058822;1;2.2941176470588234;30;1.5294117647058822;15.384615384615385;0.17647058823529413;0.20588235294117646;3060.0;1;0;0;0;0.14705882352941177;0.0;0;1;0;1;0.0;0.3235294117647059;0.5882352941176471;0.8529411764705882;0.35294117647058826
358338;925309;Carlos Correa;2023_2024;0.15113350125944586;5.591939546599496;1.5113350125944585;78.76923076923077;0.3778337531486146;0.0;0.07556675062972293;1.2846347607052897;0;2.2670025188916876;28;2.2670025188916876;0.0;0.0;0.5289672544080605;1191.0;0;0;1;0;0.15113350125944586;0.0;0;1;0;1;0.3778337531486146;0.07556675062972293;0.15113350125944586;3.2493702770780857;0.7556675062972292
375353;1131302;Cristian Mejía;2023_2024;0.10863005431502716;4.236572118286059;1.4665057332528666;73.24263038548753;1.3578756789378394;0.0;0.16294508147254072;1.0863005431502715;0;0.4888352444176222;30;1.1949305974652986;0.0;0.0;0.8147254073627037;1657.0;0;0;1;0;0.21726010863005432;0.0;0;1;0;1;0.6517803258901629;0.27157513578756787;0.27157513578756787;0.8690404345202173;0.32589016294508144
380603;829029;Iván Colman;2023_2024;0.6639344262295082;5.827868852459017;3.7991803278688527;79.42458587619879;1.3278688524590163;0.11065573770491803;0.0;0.5163934426229508;0;2.0655737704918034;28;1.2540983606557377;16.0;0.14754098360655737;1.1065573770491803;2440.0;1;0;0;0;0.07377049180327869;100.0;0;1;0;1;0.0;0.36885245901639346;1.2172131147540983;1.3278688524590163;0.29508196721311475
400051;883287;Johan Madrid;2023_2024;0.6751687921980495;8.743435858964741;2.3968492123030756;82.51748251748252;0.9114778694673668;0.1350337584396099;0.0;1.6879219804951238;0;0.30382595648912225;26;1.1140285071267817;0.0;0.0;0.7764441110277569;2666.0;0;0;1;0;0.1350337584396099;0.0;0;0;1;1;0.03375843960990248;0.06751687921980495;0.5063765941485371;1.1140285071267817;0.23630907726931732
400254;846749;Alexander Lecaros;2023_2024;0.5756929637526652;7.67590618336887;1.3432835820895521;84.48275862068965;0.19189765458422176;0.0;0.5756929637526652;0.19189765458422176;0;1.1513859275053304;23;0.5756929637526652;0.0;0.0;0.9594882729211087;469.0;0;0;1;0;0.19189765458422176;0.0;1;0;0;1;0.0;0.3837953091684435;0.9594882729211087;2.878464818763326;0.19189765458422176
403809;1006509;Jiovany Ramos;2023_2024;0.038135593220338986;7.360169491525424;5.148305084745763;82.98368298368298;1.5635593220338984;0.11440677966101695;0.15254237288135594;2.211864406779661;1;1.0677966101694916;26;1.4110169491525424;11.76470588235294;0.07627118644067797;0.4576271186440678;2360.0;0;0;0;0;0.038135593220338986;0.0;0;0;1;1;0.3432203389830509;0.15254237288135594;0.7627118644067797;0.6483050847457628;0.4194915254237288
409092;926640;Gonzalo Rizzo;2023_2024;0.05913272010512483;3.5775295663600524;3.488830486202365;65.30386740331492;2.3653088042049935;0.029566360052562416;0.3252299605781866;3.5183968462549275;0;0.561760840998686;27;1.123521681997372;10.526315789473683;0.1773981603153745;0.44349540078843624;3044.0;0;0;0;1;0.05913272010512483;100.0;0;0;0;1;0.7391590013140604;0.6208935611038108;0.1478318002628121;0.561760840998686;0.26609724047306177
412899;1131289;Renny Simisterra;2023_2024;0.15;5.05;0.6;66.91176470588235;1.6;0.05;0.25;0.6;0;0.65;25;1.8;22.58064516129032;0.35;0.55;1800.0;0;0;0;0;0.25;0.0;1;0;1;1;0.6;0.7;0.9;1.1;0.25
420864;879629;Hideyoshi Arakaki;2023_2024;0.37344398340248963;2.3651452282157677;0.8713692946058091;68.37606837606837;1.120331950207469;0.12448132780082988;0.24896265560165975;0.37344398340248963;0;0.8713692946058091;25;1.3692946058091287;14.285714285714285;0.24896265560165975;0.4979253112033195;723.0;0;0;1;0;0.6224066390041494;0.0;1;0;0;0;0.4979253112033195;0.995850622406639;0.6224066390041494;1.120331950207469;0.37344398340248963
422398;830660;Rodrigo Tapia;2023_2024;0.19780219780219782;4.417582417582418;4.483516483516484;77.73144286905755;1.5824175824175826;0.0;0.32967032967032966;2.4395604395604398;0;2.8351648351648353;28;1.0219780219780221;12.5;0.03296703296703297;0.16483516483516483;2730.0;1;0;0;0;0.0;0.0;0;0;0;1;0.0;0.13186813186813187;0.26373626373626374;0.32967032967032966;0.09890109890109891
422914;830880;Nicolás Silva;2023_2024;0.5583756345177665;1.2690355329949239;0.4568527918781726;70.56179775280899;0.20304568527918782;0.050761421319796954;0.050761421319796954;0.3553299492385787;0;1.2690355329949239;33;0.20304568527918782;11.76470588235294;0.20304568527918782;1.015228426395939;1773.0;1;0;0;0;0.15228426395939088;0.0;1;0;0;1;0.0;0.7106598984771574;3.50253807106599;1.9796954314720814;0.10152284263959391
434955;883293;Leonel Solís;2023_2024;0.059445178335535004;5.052840158520476;2.14002642007926;83.24125230202579;0.6538969616908851;0.0;0.29722589167767505;0.8322324966974901;0;0.47556142668428003;26;1.2483487450462352;8.333333333333332;0.059445178335535004;0.23778071334214002;1514.0;0;0;1;0;0.0;0.0;0;1;0;1;0.178335535006605;0.23778071334214002;0.6538969616908851;0.772787318361955;0.23778071334214002
443575;885583;Cristian González;2023_2024;0.06666666666666667;3.466666666666667;5.2;79.42631058358062;3.433333333333333;0.0;0.3;3.033333333333333;0;2.1;33;1.3;12.5;0.06666666666666667;0.0;2700.0;1;0;0;0;0.03333333333333333;0.0;0;0;0;1;0.0;0.16666666666666666;0.5333333333333333;0.43333333333333335;0.3333333333333333
443717;846486;Segundo Portocarrero;2023_2024;0.8287292817679557;4.585635359116022;1.2707182320441988;75.51440329218107;1.43646408839779;0.11049723756906077;0.16574585635359115;0.9944751381215469;1;0.49723756906077343;26;1.7679558011049723;9.090909090909092;0.055248618784530384;0.6629834254143646;1629.0;0;0;0;0;0.11049723756906077;0.0;0;0;1;1;0.2762430939226519;0.16574585635359115;0.9392265193370165;2.3756906077348066;0.16574585635359115
447932;883720;Christian Velarde;2023_2024;0.2571428571428572;6.171428571428572;1.9928571428571429;75.66462167689161;1.092857142857143;0.0642857142857143;0.19285714285714287;1.35;0;0.9;25;2.442857142857143;0.0;0.0;0.9;1400.0;0;0;1;0;0.1285714285714286;0.0;0;1;0;1;0.5785714285714286;0.32142857142857145;0.45;2.1214285714285714;0.5142857142857143
447934;882837;Roberto Villamarín;2023_2024;0.29546946815495734;6.204858831254104;2.5410374261326334;78.1021897810219;0.41365725541694026;0.1772816808929744;0.47275114904793175;1.7137229152987525;0;0.41365725541694026;25;1.3591595535128038;8.0;0.11818778726198294;0.5318450426789232;1523.0;0;0;1;0;0.1772816808929744;100.0;0;0;1;1;0.5909389363099147;0.41365725541694026;1.1818778726198294;1.5955351280367698;0.1772816808929744
457058;895589;Williams Riveros;2023_2024;0.0;1.9142033165104542;3.1146359048305694;82.80075187969925;1.8168709444844988;0.032444124008651765;0.12977649603460706;2.6928622927180967;1;0.6813266041816871;30;0.8435472242249459;8.333333333333332;0.06488824801730353;0.3893294881038212;2774.0;0;0;0;0;0.06488824801730353;0.0;0;0;1;1;0.3568853640951694;0.2919971160778659;0.0973323720259553;0.8435472242249459;0.32444124008651765
458603;924736;Mauro Da Luz;2023_2024;0.38718929254302104;4.4311663479923515;0.5592734225621415;70.33898305084746;1.0325047801147227;0.08604206500956023;0.4732313575525813;0.9894837476099426;0;0.3011472275334608;28;1.9789674952198852;12.0;0.25812619502868067;0.9034416826003825;2092.0;0;0;0;1;0.21510516252390058;0.0;1;0;0;1;0.731357552581262;0.9464627151051626;0.9464627151051626;1.5917782026768643;0.17208413001912046
460621;1018134;Geisson Perea;2023_2024;0.0;1.9340329835082457;2.968515742128935;84.17462482946793;2.2488755622188905;0.0;0.13493253373313344;4.227886056971514;0;0.35982008995502246;31;0.6746626686656672;7.6923076923076925;0.04497751124437781;0.17991004497751123;2001.0;0;1;0;0;0.0;0.0;0;0;0;1;0.31484257871064464;0.13493253373313344;0.04497751124437781;0.35982008995502246;0.08995502248875561
473579;876928;Luis Garro;2023_2024;0.3347107438016529;4.053719008264463;1.0041322314049586;83.26241134751773;0.7066115702479339;0.0371900826446281;0.1115702479338843;1.1900826446280992;0;0.5950413223140496;26;1.859504132231405;0.0;0.0;0.1859504132231405;2420.0;0;0;1;0;0.0371900826446281;0.0;0;0;0;1;0.371900826446281;0.0371900826446281;0.78099173553719;1.4132231404958677;0.3347107438016529
480523;876927;Aldair Fuentes;2023_2024;0.19867549668874174;7.201986754966888;1.9867549668874174;81.70103092783505;2.2847682119205297;0.049668874172185434;0.19867549668874174;1.589403973509934;1;1.1920529801324504;25;2.0860927152317883;6.666666666666667;0.09933774834437087;0.794701986754967;1812.0;0;0;1;0;0.09933774834437087;0.0;0;0;0;1;0.9933774834437087;0.2980132450331126;0.2980132450331126;1.7880794701986755;0.347682119205298
480527;973681;Rely Fernández;2023_2024;0.47399605003291645;5.628703094140882;0.9479921000658329;77.19298245614034;0.7109940750493746;0.0;0.23699802501645822;0.23699802501645822;0;0.533245556287031;25;1.599736668861093;14.285714285714285;0.17774851876234365;1.0072416063199474;1519.0;0;0;1;0;0.11849901250822911;0.0;1;0;0;1;0.5924950625411456;0.4147465437788019;0.6517445687952601;1.9552337063857803;0.11849901250822911
483714;883296;Kevin Sandoval;2023_2024;1.670378619153675;9.220489977728285;2.1380846325167036;79.06976744186046;0.40089086859688194;0.26726057906458794;0.6681514476614699;0.13363028953229397;1;0.8685968819599109;26;0.6013363028953229;7.6923076923076925;0.20044543429844097;2.538975501113586;1347.0;0;0;1;0;0.20044543429844097;0.0;1;0;0;1;0.9354120267260579;1.0022271714922049;1.8708240534521159;3.0734966592427617;0.06681514476614699
489993;875661;Jorge Toledo;2023_2024;0.667078443483632;5.725756639901174;2.001235330450896;70.22058823529412;0.8894379246448426;0.0;0.11117974058060533;2.0568252007411987;0;0.6114885731933293;27;1.334156886967264;0.0;0.0;0.5558987029030266;1619.0;0;0;1;0;0.0;0.0;0;0;0;1;0.166769610870908;0.0;0.8338480543545399;0.667078443483632;0.2779493514515133
490717;924783;Jairo Concha;2023_2024;1.4016393442622952;12.282786885245901;3.3565573770491803;80.11551155115512;0.4426229508196721;0.18442622950819673;0.5532786885245902;0.5532786885245902;1;0.9221311475409836;24;0.959016393442623;4.25531914893617;0.07377049180327869;1.8073770491803278;2440.0;0;0;1;0;0.0;0.0;0;1;1;1;0.6270491803278688;0.5532786885245902;0.9959016393442623;1.9549180327868854;0.11065573770491803
491560;975540;Freddy Oncoy;2023_2024;0.0;8.264563106796118;1.237864077669903;85.41458541458542;1.1650485436893205;0.03640776699029127;0.07281553398058253;0.9830097087378641;0;0.6189320388349515;22;0.8737864077669903;41.17647058823529;0.25485436893203883;0.9830097087378641;2472.0;0;0;1;0;0.1092233009708738;0.0;0;1;1;0;0.14563106796116507;0.4004854368932039;0.7281553398058253;0.4733009708737864;0.03640776699029127
491569;936165;Leonardo Mifflin;2023_2024;0.07698887938408897;5.004277159965783;3.1565440547476475;85.26119402985076;0.6928999144568007;0.07698887938408897;0.0;1.5397775876817792;0;1.0778443113772456;23;1.924721984602224;0.0;0.0;0.4619332763045338;1169.0;0;0;1;0;0.0;0.0;0;1;1;0;0.4619332763045338;0.15397775876817793;0.30795551753635586;0.4619332763045338;0.2309666381522669
494220;885006;Francisco Grahl;2023_2024;0.5812220566318926;7.332339791356184;4.470938897168406;81.92182410423453;1.1624441132637853;0.13412816691505217;0.13412816691505217;0.7600596125186289;0;2.3248882265275705;30;1.1177347242921014;10.81081081081081;0.17883755588673622;1.2071535022354694;2013.0;1;0;0;0;0.044709388971684055;100.0;0;1;0;1;0.0;0.6259314456035767;1.5201192250372577;0.8047690014903129;0.22354694485842028
501586;877910;Fabio Rojas;2023_2024;0.1764705882352941;4.764705882352941;3.352941176470588;77.21179624664879;1.588235294117647;0.0;0.1764705882352941;2.205882352941176;0;0.7941176470588235;23;1.588235294117647;0.0;0.0;0.5294117647058824;1020.0;0;0;1;0;0.0;0.0;0;0;1;1;0.3529411764705882;0.08823529411764705;0.0;0.8823529411764706;0.3529411764705882
520457;892073;Gustavo Cazonatti;2023_2024;0.04090909090909091;5.481818181818182;1.840909090909091;85.00517063081696;1.5954545454545455;0.04090909090909091;0.12272727272727274;1.309090909090909;1;0.3681818181818182;26;2.4136363636363636;15.789473684210526;0.12272727272727274;0.5727272727272728;2200.0;0;0;0;0;0.0;0.0;0;1;0;1;0.3681818181818182;0.2863636363636364;0.4090909090909091;2.004545454545455;0.45
520501;886545;Ángel Quiñónez;2023_2024;0.3488372093023256;6.162790697674419;0.23255813953488372;66.89655172413794;2.674418604651163;0.0;0.813953488372093;0.3488372093023256;0;0.3488372093023256;26;1.3953488372093024;19.230769230769234;0.5813953488372093;2.2093023255813953;774.0;0;0;0;0;0.813953488372093;100.0;1;0;1;1;1.3953488372093024;0.813953488372093;0.46511627906976744;0.5813953488372093;0.23255813953488372
522868;893536;Diego Dorregaray;2023_2024;0.0;0.35714285714285715;0.7857142857142857;69.5945945945946;2.857142857142857;0.0;0.07142857142857142;1.0714285714285714;1;1.2142857142857142;31;1.5714285714285714;23.333333333333332;0.5;0.21428571428571427;1260.0;1;0;0;0;0.7142857142857143;75.0;1;0;0;1;0.0;1.0714285714285714;0.7857142857142857;1.9285714285714286;0.2857142857142857
527625;892669;Christopher Olivares;2023_2024;0.04636785162287481;3.7557959814528594;0.2782071097372488;74.84276729559748;1.3446676970633693;0.18547140649149924;0.32457496136012365;0.6491499227202473;1;0.32457496136012365;24;1.3446676970633693;13.043478260869565;0.2782071097372488;0.7882534775888718;1941.0;0;0;1;0;0.5564142194744977;0.0;1;0;0;0;0.8809891808346213;0.9273570324574961;1.0200927357032457;1.0664605873261206;0.37094281298299847
530444;941410;Brian Blando;2023_2024;0.2746693794506612;6.59206510681587;0.18311291963377416;70.39106145251397;1.281790437436419;0.09155645981688708;0.4577822990844354;0.2746693794506612;1;0.0;28;1.4649033570701933;15.151515151515152;0.4577822990844354;1.5564598168870802;983.0;1;0;0;0;0.18311291963377416;100.0;1;0;0;1;1.281790437436419;1.281790437436419;0.6408952187182095;1.5564598168870802;0.3662258392675483
533569;895338;Fernando Bersano;2023_2024;1.1896551724137931;2.741379310344828;2.793103448275862;64.44444444444444;1.2413793103448276;0.05172413793103449;0.10344827586206898;1.4482758620689655;0;2.741379310344828;25;0.6206896551724138;4.166666666666666;0.05172413793103449;1.396551724137931;1740.0;1;0;0;0;0.05172413793103449;0.0;0;0;0;1;0.0;0.15517241379310345;1.5;0.9827586206896552;0.0
537255;895364;Gaspar Gentile;2023_2024;0.6089309878213803;8.098782138024358;0.8829499323410014;73.9294710327456;0.2435723951285521;0.06089309878213803;0.8829499323410014;0.30446549391069017;0;0.6393775372124493;28;0.9742895805142084;6.25;0.18267929634641408;1.2483085250338297;2956.0;1;0;0;0;0.8829499323410014;50.0;1;0;0;1;1.2483085250338297;0.7916102841677944;1.5832205683355889;1.9485791610284169;0.18267929634641408
547021;949793;Alessandro Milesi;2023_2024;0.7102593010146561;6.189402480270575;0.7102593010146561;81.2274368231047;0.8117249154453212;0.0;0.2029312288613303;1.4205186020293121;0;1.1161217587373167;23;1.927846674182638;8.333333333333332;0.10146561443066515;0.8117249154453212;887.0;0;0;1;0;0.2029312288613303;0.0;0;0;0;1;0.6087936865839909;0.4058624577226606;0.5073280721533258;0.4058624577226606;0.4058624577226606
565193;925119;Joel López Pissano;2023_2024;3.0955414012738856;13.815286624203823;3.8407643312101913;77.61033369214209;0.05732484076433122;0.17197452229299365;0.45859872611464975;0.22929936305732487;0;0.802547770700637;26;0.45859872611464975;16.666666666666664;0.22929936305732487;3.210191082802548;1570.0;1;0;0;0;0.0;0.0;0;1;0;1;0.3439490445859873;0.5732484076433122;1.0318471337579618;0.802547770700637;0.11464968152866244
597455;937859;Santiago González;2023_2024;1.682991985752449;1.709706144256456;1.1219946571682993;70.04694835680752;0.26714158504007124;0.16028495102404275;0.026714158504007126;0.24042742653606414;1;1.4692787177203919;23;1.3891362422083706;11.940298507462686;0.213713268032057;1.9501335707925203;3369.0;1;0;0;0;0.614425645592164;0.0;1;0;0;1;0.0;0.7212822796081924;4.247551202137133;1.4158504007123778;0.08014247551202137
621028;980889;Dylan Caro;2023_2024;0.8044692737430167;3.9217877094972065;1.6089385474860334;71.8875502008032;0.6033519553072626;0.10055865921787709;0.0;1.6089385474860334;0;1.005586592178771;24;1.005586592178771;0.0;0.0;1.106145251396648;895.0;0;0;1;0;0.0;0.0;0;0;0;1;0.10055865921787709;0.0;0.40223463687150834;1.7094972067039105;0.3016759776536313
621029;923740;Alec Deneumostier;2023_2024;0.0;5.0;5.6;85.36269430051814;1.4;0.06666666666666667;0.06666666666666667;2.066666666666667;0;0.7333333333333333;24;1.0;28.57142857142857;0.13333333333333333;0.2;1350.0;0;0;1;0;0.0;0.0;0;0;1;0;0.26666666666666666;0.13333333333333333;0.2;0.6;0.4
628328;932088;Piero Vivanco;2023_2024;1.2907431551499349;12.555410691003912;2.9335071707953064;82.29426433915212;0.23468057366362452;0.3520208604954368;0.46936114732724904;0.11734028683181226;0;0.8213820078226858;23;1.8774445893089962;0.0;0.0;2.698826597131682;767.0;0;0;1;0;0.23468057366362452;0.0;1;0;1;1;1.0560625814863103;0.9387222946544981;2.229465449804433;0.7040417209908736;0.23468057366362452
628750;962187;Juan Pablo Freytes;2023_2024;0.14991671293725706;5.3970016657412545;5.996668517490282;69.03499469777307;1.69905607995558;0.0;0.09994447529150471;4.597445863409217;1;0.5496946141032759;23;0.699611327040533;13.333333333333334;0.09994447529150471;0.2998334258745141;1801.0;1;0;0;0;0.0;0.0;0;0;0;1;0.39977790116601886;0.24986118822876177;0.3498056635202665;0.2998334258745141;0.2998334258745141
638929;957940;Manuel Ganoza;2023_2024;0.0;1.1790393013100438;1.9650655021834063;83.97790055248619;1.277292576419214;0.0;0.0;2.6528384279475983;0;0.49126637554585156;24;1.866812227074236;0.0;0.0;0.19650655021834063;916.0;0;0;1;0;0.0;0.0;0;0;0;1;0.0;0.0;0.0;0.5895196506550219;0.39301310043668125
639458;922870;José Parodi;2023_2024;0.08538899430740038;8.88045540796964;4.696394686907021;84.05797101449275;0.9392789373814042;0.0;0.17077798861480076;0.8538899430740039;0;1.7077798861480078;25;2.5616698292220117;9.090909090909092;0.08538899430740038;1.4516129032258065;1054.0;0;0;1;0;0.08538899430740038;0.0;0;1;0;1;0.42694497153700195;0.3415559772296015;0.25616698292220114;0.8538899430740039;0.5123339658444023
639467;924881;Christian Vásquez;2023_2024;0.12222725215029426;3.3408782254413762;1.5889542779538253;67.85714285714286;0.7333635129017655;0.040742417383431415;0.08148483476686283;2.2000905387052967;0;0.7741059302851969;23;1.466727025803531;12.5;0.040742417383431415;0.24445450430058852;2209.0;0;0;1;0;0.08148483476686283;0.0;0;0;0;1;0.16296966953372566;0.08148483476686283;0.6111362607514712;0.8148483476686283;0.28519692168401994
639764;965761;Piero Serra;2023_2024;0.04672897196261683;4.345794392523365;4.766355140186916;82.57756563245823;0.8878504672897197;0.04672897196261683;0.09345794392523366;1.7289719626168225;0;0.42056074766355145;25;2.196261682242991;0.0;0.0;0.14018691588785048;1926.0;0;0;1;0;0.0;0.0;0;1;0;1;0.1869158878504673;0.0;0.23364485981308414;0.4672897196261683;0.4672897196261683
641820;933730;Brandon Palacios;2023_2024;0.7448275862068965;9.972413793103447;1.2413793103448276;80.45822102425876;0.7448275862068965;0.20689655172413793;0.5379310344827586;0.6620689655172414;0;0.6206896551724138;25;1.6965517241379309;15.714285714285714;0.4551724137931034;1.986206896551724;2175.0;0;0;1;0;0.2482758620689655;100.0;1;0;1;1;1.2;1.1586206896551723;1.6137931034482758;2.4;0.20689655172413793
643928;832687;Duban Palacio;2023_2024;0.41977611940298504;8.311567164179104;1.8470149253731343;78.2122905027933;0.7555970149253731;0.08395522388059701;0.503731343283582;0.41977611940298504;0;0.503731343283582;26;1.2593283582089552;0.0;0.0;0.9235074626865671;1072.0;0;1;0;0;0.33582089552238803;0.0;1;0;0;1;0.251865671641791;0.08395522388059701;0.8395522388059701;1.7630597014925373;0.16791044776119401
644109;976096;Gonzalo Ritacco;2023_2024;1.0669456066945606;12.928870292887028;1.506276150627615;79.18032786885246;0.2510460251046025;0.3138075313807531;0.6276150627615062;0.06276150627615062;0;1.1297071129707112;30;1.1924686192468619;18.6046511627907;0.502092050209205;1.8200836820083681;1434.0;1;0;0;0;0.12552301255230125;100.0;0;1;0;1;0.8786610878661087;1.1924686192468619;0.9414225941422594;1.8200836820083681;0.3138075313807531
647304;830085;Alex Rambal;2023_2024;0.0;3.2337844143723755;4.07372841810546;80.84632516703786;1.5538964069062062;0.08399440037330845;0.0;3.737750816612226;0;0.5879608026131592;30;1.4699020065328978;16.666666666666664;0.12599160055996267;0.41997200186654227;2143.0;0;1;0;0;0.12599160055996267;0.0;0;0;0;1;0.41997200186654227;0.3359776014932338;0.2939804013065796;0.25198320111992534;0.2939804013065796
653484;975241;Erick Perleche;2023_2024;0.8058198097369894;6.04364857302742;1.4605484051482933;71.75043327556327;0.906547285954113;0.1510912143256855;0.05036373810856184;2.6189143816452156;0;0.8561835478455513;22;1.3598209289311696;0.0;0.0;0.7554560716284275;1787.0;0;0;1;0;0.0;0.0;0;0;0;1;0.1510912143256855;0.05036373810856184;0.8058198097369894;1.0072747621712368;0.10072747621712368
653673;976302;Abdiel Ayarza;2023_2024;0.04215456674473068;4.763466042154567;0.3372365339578454;72.01946472019465;2.3185011709601873;0.08430913348946135;0.5058548009367682;0.8852459016393442;0;0.8009367681498829;30;2.107728337236534;13.636363636363635;0.37939110070257615;1.053864168618267;2135.0;0;0;0;0;0.3372365339578454;0.0;0;1;1;1;1.180327868852459;1.0960187353629978;0.5901639344262295;0.8430913348946136;0.29508196721311475
654297;973563;Miguel Cornejo;2023_2024;0.2362204724409449;7.322834645669292;2.047244094488189;80.3234501347709;0.7874015748031497;0.31496062992125984;0.5511811023622047;0.2362204724409449;0;1.0236220472440944;23;1.4173228346456694;11.538461538461538;0.2362204724409449;1.4173228346456694;1143.0;0;0;1;0;0.0;0.0;0;1;0;1;0.9448818897637796;0.5511811023622047;0.8661417322834646;3.5433070866141736;0.2362204724409449
654298;973566;Oswaldo Valenzuela;2023_2024;0.0;2.669491525423729;1.1440677966101696;73.4375;0.7627118644067796;0.0;0.0;0.7627118644067796;0;0.9533898305084746;22;2.097457627118644;0.0;0.0;0.3813559322033898;472.0;0;0;1;0;0.0;0.0;0;1;1;1;0.3813559322033898;0.0;0.1906779661016949;0.3813559322033898;0.5720338983050848
656061;977086;Cristian Carbajal;2023_2024;0.7730061349693251;3.5337423312883436;2.042944785276074;68.97321428571429;0.7730061349693251;0.11042944785276074;0.05521472392638037;2.3190184049079754;0;0.9938650306748467;23;0.6073619631901841;0.0;0.0;0.7730061349693251;1630.0;0;0;1;0;0.05521472392638037;0.0;0;0;1;1;0.33128834355828224;0.11042944785276074;0.5521472392638037;0.38650306748466257;0.16564417177914112
656911;1098312;Luis Pérez;2023_2024;0.15295717199184228;7.984364377974167;3.059143439836846;81.28855380397533;1.743711760707002;0.030591434398368457;0.2753229095853161;1.2236573759347382;0;0.8259687287559483;27;1.3766145479265806;0.0;0.0;1.1930659415363698;2942.0;0;1;0;0;0.0;0.0;0;1;0;1;0.24473147518694766;0.42828008157715836;0.39768864717878993;0.5200543847722637;0.21414004078857918
657221;975853;Rotceh Aguilar;2023_2024;0.2741812642802742;2.8103579588728103;1.370906321401371;71.60804020100502;1.9192688499619193;0.06854531607006854;0.2741812642802742;1.9192688499619193;0;0.6854531607006855;22;1.0967250571210967;6.666666666666667;0.06854531607006854;0.5483625285605483;1313.0;0;0;1;0;0.06854531607006854;0.0;0;0;0;1;0.6169078446306169;0.1370906321401371;0.1370906321401371;0.8225437928408226;0.4798172124904798
662605;980141;Diego Soto;2023_2024;0.5947136563876653;7.433920704845815;1.3876651982378856;82.21476510067114;0.8920704845814978;0.0;0.19823788546255508;0.29735682819383263;0;0.4955947136563877;21;2.0814977973568283;7.6923076923076925;0.09911894273127754;0.7929515418502203;908.0;0;0;1;0;0.0;0.0;0;1;1;1;0.7929515418502203;0.29735682819383263;0.19823788546255508;0.8920704845814978;0.19823788546255508
664864;882897;Alonso Tamariz;2023_2024;0.11800699300699301;3.854895104895105;1.1800699300699302;77.96901893287436;0.7080419580419581;0.0;0.039335664335664336;1.4160839160839163;0;0.35402097902097907;25;1.4160839160839163;0.0;0.0;0.4326923076923077;2288.0;0;0;1;0;0.0;0.0;0;0;0;1;0.039335664335664336;0.0;0.5506993006993007;0.8260489510489512;0.23601398601398602
665113;975919;Percy Liza;2023_2024;0.0;2.8183716075156577;0.3757828810020877;66.66666666666666;1.5031315240083507;0.0;0.0;0.7515657620041754;0;0.18789144050104384;23;2.2546972860125263;20.0;0.18789144050104384;0.3757828810020877;479.0;0;0;1;0;1.1273486430062631;0.0;1;0;1;1;0.7515657620041754;0.18789144050104384;0.3757828810020877;2.44258872651357;0.3757828810020877
670060;1090706;Victor Perlaza;2023_2024;0.07860262008733625;3.9694323144104806;0.4716157205240175;73.97260273972603;1.6899563318777293;0.0;0.5502183406113538;0.8253275109170306;0;0.2751091703056769;28;1.3755458515283843;7.5;0.23580786026200876;0.6681222707423581;2290.0;0;1;0;0;0.35371179039301315;0.0;1;0;0;1;1.7685589519650655;0.8253275109170306;1.0218340611353713;2.0436681222707427;0.314410480349345
671879;1049088;Erick Gonzales;2023_2024;0.09018036072144289;4.013026052104209;2.3897795591182365;74.29775280898876;1.3977955911823647;0.0;0.3156312625250501;2.0741482965931866;0;0.9919839679358717;27;2.1192384769539077;5.88235294117647;0.045090180360721446;0.5861723446893787;1996.0;0;0;1;0;0.09018036072144289;0.0;0;1;0;1;0.27054108216432865;0.18036072144288579;0.36072144288577157;1.217434869739479;0.36072144288577157
67439;974451;Matías Pérez García;2023_2024;1.8613138686131387;11.824817518248176;4.489051094890511;79.20604914933837;0.18248175182481752;0.14598540145985403;0.3284671532846716;0.8759124087591241;0;0.9854014598540146;38;1.1313868613138687;12.82051282051282;0.18248175182481752;2.7007299270072993;2466.0;1;0;0;0;0.0;60.0;0;1;0;1;0.6934306569343066;0.40145985401459855;1.2773722627737227;3.248175182481752;0.18248175182481752
679264;886763;José Cortés;2023_2024;0.4904632152588556;0.7356948228882835;0.2452316076294278;75.87939698492463;1.7166212534059946;0.1226158038147139;0.0;0.8583106267029973;0;1.226158038147139;28;0.9809264305177112;10.0;0.2452316076294278;0.7356948228882835;734.0;0;1;0;0;0.36784741144414174;0.0;1;0;0;1;0.0;1.103542234332425;3.0653950953678475;1.226158038147139;0.1226158038147139
687529;984107;Luis Ramos;2023_2024;0.0;5.702970297029704;0.17821782178217824;56.00000000000001;2.851485148514852;0.0;0.5346534653465347;0.3564356435643565;0;0.17821782178217824;23;1.2475247524752475;11.76470588235294;0.3564356435643565;1.0693069306930694;505.0;0;0;1;0;0.8910891089108911;100.0;1;0;0;1;1.2475247524752475;1.2475247524752475;0.8910891089108911;2.1386138613861387;0.17821782178217824
697418;992958;Eric Tovo;2023_2024;0.0;2.2572554639914006;2.8376925833034754;64.84210526315789;2.6764600501612326;0.032246506628448586;0.32246506628448585;2.418487997133644;0;2.418487997133644;31;0.9996417054819061;5.88235294117647;0.032246506628448586;0.09673951988534575;2791.0;1;0;0;0;0.16123253314224292;0.0;0;0;0;1;0.0;0.16123253314224292;0.16123253314224292;0.5481906126836259;0.2579720530275887
704884;931653;Kevin Becerra;2023_2024;0.08166969147005446;2.20508166969147;4.2059891107078045;81.29310344827586;1.061705989110708;0.04083484573502723;0.1633393829401089;3.430127041742287;0;0.36751361161524504;27;0.7350272232304901;0.0;0.0;0.08166969147005446;2204.0;0;0;0;0;0.0;0.0;0;0;0;1;0.24500907441016337;0.08166969147005446;0.08166969147005446;0.6941923774954628;0.12250453720508168
72969;34016;Josepmir Ballón;2023_2024;0.18531228551818804;5.003431708991077;1.7295813315030883;86.49350649350649;0.4632807137954701;0.06177076183939602;0.09265614275909402;1.0809883321894302;0;0.49416609471516815;35;1.3280713795470143;10.0;0.03088538091969801;0.2779684282772821;2914.0;0;0;1;0;0.06177076183939602;0.0;0;1;1;1;0.15442690459849004;0.06177076183939602;0.06177076183939602;0.49416609471516815;0.18531228551818804
73704;180045;Germán Mera;2023_2024;0.0;1.9328387348691918;3.197969543147208;77.00934579439253;3.479109722764545;0.0;0.14057008980866847;3.4088246778602107;0;0.3162827020695041;33;0.4919953143303397;0.0;0.0;0.17571261226083562;2561.0;0;1;0;0;0.10542756735650137;0.0;0;0;1;1;0.7731354939476767;0.24599765716516986;0.14057008980866847;0.4217102694260055;0.21085513471300274
73705;249599;Donald Millán;2023_2024;0.0;23.47826086956522;3.717391304347826;85.0574712643678;0.391304347826087;0.0;0.391304347826087;0.9782608695652175;0;1.7608695652173914;37;2.1521739130434785;0.0;0.0;1.3695652173913044;460.0;0;1;0;0;0.1956521739130435;0.0;0;1;1;1;1.3695652173913044;0.5869565217391305;1.173913043478261;2.5434782608695654;0.5869565217391305
738469;1020855;Leonardo Rugel;2023_2024;0.0;2.2956793336803747;3.045288912024987;76.99115044247787;2.1082769390942215;0.0;0.04685059864653826;4.31025507548152;0;0.4685059864653826;22;1.264966163456533;0.0;0.0;0.2342529932326913;1921.0;0;0;1;0;0.09370119729307652;0.0;0;0;0;1;0.3279541905257678;0.09370119729307652;0.2342529932326913;0.6090577824049974;0.2342529932326913
738710;1016982;Marlon Ruidías;2023_2024;0.0;8.722466960352422;2.378854625550661;76.78571428571429;0.7929515418502203;0.0;0.19823788546255508;0.7929515418502203;0;1.3876651982378856;24;1.3876651982378856;0.0;0.0;0.39647577092511016;454.0;0;0;1;0;0.0;0.0;0;0;0;1;0.39647577092511016;0.39647577092511016;0.9911894273127754;1.3876651982378856;0.19823788546255508
738777;1015696;Tiago Cantoro;2023_2024;0.0;4.258064516129032;0.3870967741935484;78.94736842105263;0.5806451612903225;0.0;1.5483870967741935;0.7741935483870968;0;0.1935483870967742;22;0.9677419354838709;14.285714285714285;0.5806451612903225;0.3870967741935484;465.0;0;0;1;0;0.0;0.0;1;0;1;1;0.7741935483870968;1.7419354838709677;0.7741935483870968;0.9677419354838709;0.0
741413;1018233;Erick Canales;2023_2024;1.2190812720848057;5.565371024734982;1.6431095406360423;72.3076923076923;0.5830388692579506;0.0;0.10600706713780919;2.0141342756183747;0;0.6890459363957597;22;1.5371024734982333;0.0;0.0;0.7950530035335689;1698.0;0;0;1;0;0.0;0.0;0;0;0;1;0.053003533568904596;0.15901060070671377;0.9540636042402827;0.9540636042402827;0.26501766784452296
741727;1018255;Orlando Núñez;2023_2024;0.3708791208791209;8.159340659340659;1.1744505494505495;87.20472440944881;0.12362637362637363;0.0;0.061813186813186816;0.4326923076923077;0;0.3708791208791209;23;1.6071428571428572;0.0;0.0;0.7417582417582418;1456.0;0;0;1;0;0.24725274725274726;0.0;0;0;0;1;0.18543956043956045;0.0;0.989010989010989;3.276098901098901;0.3090659340659341
741728;1017760;Jhamir D'Arrigo;2023_2024;0.7086614173228346;10.062992125984252;0.6614173228346456;80.56478405315615;0.23622047244094488;0.09448818897637795;0.3307086614173228;0.7086614173228346;1;0.47244094488188976;23;1.2283464566929134;5.0;0.047244094488188976;1.464566929133858;1905.0;0;0;1;0;0.23622047244094488;0.0;1;0;1;0;0.23622047244094488;0.3779527559055118;2.5039370078740157;1.2283464566929134;0.14173228346456693
745927;981374;Kevin Serna;2023_2024;1.1114541525162087;5.64062982401976;0.4723680148193887;66.32124352331607;0.7224451991355357;0.22229083050324175;0.5557270762581044;0.8058042605742514;1;0.38900895338067304;25;0.9169496758258723;7.142857142857142;0.16671812287743132;1.528249459709787;3239.0;0;1;0;0;0.1389317690645261;0.0;1;0;0;1;0.8058042605742514;0.9725223834516826;3.8623031799938254;1.8338993516517446;0.08335906143871566
746701;1020990;Mathías Silvera;2023_2024;0.9549071618037136;5.809018567639257;1.7506631299734747;75.66964285714286;1.4323607427055702;0.07957559681697612;0.0;1.7506631299734747;0;0.9549071618037136;24;0.9549071618037136;0.0;0.0;0.5570291777188329;1131.0;0;0;0;1;0.07957559681697612;0.0;0;0;0;1;0.07957559681697612;0.0;0.3183023872679045;1.0344827586206897;0.15915119363395225
76599;47435;Martín Cauteruccio;2023_2024;0.20949720670391062;5.069832402234637;0.20949720670391062;73.0392156862745;1.5083798882681565;0.04189944134078212;0.29329608938547486;0.7122905027932961;1;0.5446927374301676;36;0.6284916201117319;26.190476190476193;0.46089385474860334;0.8379888268156425;2148.0;0;0;0;1;1.047486033519553;85.71428571428571;1;0;1;1;0.5865921787709497;0.8798882681564245;0.8798882681564245;0.6703910614525139;0.0
76717;249305;Pablo Míguez;2023_2024;0.0430416068866571;1.5925394548063128;3.5294117647058822;84.26698450536352;1.8077474892395982;0.0;0.0860832137733142;4.390243902439024;0;0.5164992826398852;36;1.0760401721664274;0.0;0.0;0.1291248206599713;2091.0;0;0;0;1;0.0430416068866571;0.0;0;0;1;1;0.1721664275466284;0.0430416068866571;0.1721664275466284;0.5164992826398852;0.1721664275466284
77306;1130277;Carlos Ramírez;2023_2024;0.18277822908204713;5.519902518277823;5.775792038992689;76.01654031702274;1.791226645004062;0.036555645816409424;0.6945572705117791;2.6320064987814784;0;0.5483346872461414;35;1.023558082859464;16.363636363636363;0.3290008123476848;0.3290008123476848;2462.0;0;1;0;0;0.07311129163281885;85.71428571428571;0;0;0;1;0.6214459788789602;0.6945572705117791;0.10966693744922827;0.255889520714866;0.255889520714866
805862;1017755;Emilio Saba;2023_2024;0.6067415730337079;5.1370786516853935;1.3348314606741574;66.21621621621621;0.7280898876404495;0.0;0.08089887640449439;2.5887640449438205;0;0.6471910112359551;22;0.7280898876404495;0.0;0.0;0.5258426966292135;2225.0;0;0;0;0;0.0;0.0;0;0;1;0;0.12134831460674157;0.12134831460674157;0.28314606741573034;0.5662921348314607;0.24269662921348314
818499;931776;Cristian Neira;2023_2024;1.015625;12.5;2.578125;84.62264150943396;0.1953125;0.15625;0.4296875;0.0;1;0.46875;22;1.328125;8.0;0.15625;1.9140625;2304.0;0;0;1;0;0.1953125;0.0;0;1;0;1;0.8203125;0.703125;1.640625;2.65625;0.1171875
82584;883313;Nelinho Quina;2023_2024;0.0;2.4432874674600225;4.284120490888807;78.5063752276867;2.2424693194496097;0.0;0.0;3.213090368166605;0;0.2008181480104128;36;0.9036816660468576;0.0;0.0;0.2008181480104128;2689.0;0;0;1;0;0.1338787653402752;0.0;0;0;0;0;0.2677575306805504;0.0669393826701376;0.2342878393454816;0.6024544440312384;0.2677575306805504
829971;1018573;Edgar Lastre;2023_2024;1.1226611226611227;6.174636174636175;1.30977130977131;76.85185185185185;0.5613305613305614;0.0;0.18711018711018712;0.5613305613305614;0;0.18711018711018712;23;1.1226611226611227;12.5;0.18711018711018712;0.5613305613305614;481.0;0;0;0;0;0.5613305613305614;0.0;1;0;1;1;0.18711018711018712;1.1226611226611227;0.5613305613305614;2.4324324324324325;0.18711018711018712
832217;1086281;Yimy Gamero;2023_2024;0.0;8.594594594594595;3.5675675675675675;78.57142857142857;1.2972972972972971;0.0;0.6486486486486486;0.8108108108108107;0;0.6486486486486486;21;0.48648648648648646;0.0;0.0;0.9729729729729729;555.0;0;0;1;0;0.0;0.0;0;1;1;0;0.3243243243243243;0.16216216216216214;0.48648648648648646;1.6216216216216215;0.0
833783;1087335;Facundo Mansilla;2023_2024;0.0;6.506024096385542;3.5240963855421685;87.125;3.9759036144578315;0.0;0.09036144578313253;3.162650602409639;0;0.3614457831325301;24;0.9939759036144579;16.666666666666664;0.09036144578313253;0.18072289156626506;996.0;1;0;0;0;0.0;0.0;0;0;0;1;0.2710843373493976;0.18072289156626506;0.09036144578313253;0.2710843373493976;0.09036144578313253
837617;1090720;Marco Huamán;2023_2024;0.3656884875846501;9.99548532731377;3.0067720090293455;82.72980501392759;0.7313769751693002;0.08126410835214447;0.3656884875846501;1.3408577878103838;1;0.9345372460496614;20;0.7313769751693002;5.263157894736842;0.040632054176072234;0.690744920993228;2215.0;0;0;1;0;0.12189616252821671;0.0;0;0;0;0;0.16252821670428894;0.24379232505643342;0.8939051918735892;1.8284424379232507;0.12189616252821671
84318;107315;Paolo Hurtado;2023_2024;2.528089887640449;11.325842696629213;2.629213483146067;80.87855297157623;0.7078651685393258;0.20224719101123595;0.3033707865168539;0.4044943820224719;0;0.5056179775280899;32;1.1123595505617978;0.0;0.0;3.539325842696629;890.0;0;0;1;0;0.20224719101123595;0.0;0;1;0;1;0.9101123595505618;0.5056179775280899;0.7078651685393258;1.4157303370786516;0.3033707865168539
84349;47413;Luis Trujillo;2023_2024;1.0936093609360935;7.533753375337533;4.212421242124212;76.18421052631578;1.0126012601260126;0.081008100810081;0.2835283528352835;1.701170117011701;0;0.324032403240324;32;0.8505850585058505;7.6923076923076925;0.081008100810081;1.4176417641764176;2222.0;0;0;1;0;0.0405040504050405;0.0;0;0;0;1;0.567056705670567;0.20252025202520252;0.5265526552655265;0.486048604860486;0.162016201620162
867036;1107871;Christian Flores;2023_2024;0.05217391304347826;6.469565217391304;2.034782608695652;83.07905686546462;0.7304347826086957;0.0;0.10434782608695652;1.9304347826086956;0;1.2521739130434781;22;1.2521739130434781;0.0;0.0;0.31304347826086953;1725.0;0;0;1;0;0.0;0.0;0;1;0;1;0.0;0.0;0.6782608695652174;1.4608695652173913;0.3652173913043478
87508;991202;Pablo Bueno;2023_2024;0.0;3.8251099169516367;0.4836345872007817;74.3801652892562;1.89057156814851;0.08793356130923302;0.3077674645823156;1.1431362970200294;0;0.3077674645823156;33;1.275036638983879;13.114754098360656;0.3517342452369321;1.0552027357107963;2047.0;1;0;0;0;0.13190034196384953;100.0;1;0;0;1;1.3629702002931119;1.0112359550561798;0.43966780654616516;1.8466047874938936;0.17586712261846604
894212;1131133;Otavio Gut;2023_2024;0.0;2.9414634146341463;3.248780487804878;86.04868913857679;2.6780487804878046;0.0;0.43902439024390244;3.073170731707317;0;1.2292682926829268;27;0.8780487804878049;0.0;0.0;0.04390243902439024;2050.0;0;0;0;0;0.0;0.0;0;0;0;1;0.0;0.08780487804878048;0.21951219512195122;0.43902439024390244;0.04390243902439024
92729;52068;Joao Rojas;2023_2024;1.7516218721037997;10.634847080630212;1.5848007414272474;81.25;0.3753475440222428;0.3336422613531047;0.7506950880444856;0.20852641334569044;0;0.458758109360519;34;0.7924003707136237;9.803921568627452;0.20852641334569044;2.9193697868396664;2158.0;0;0;0;0;0.20852641334569044;50.0;0;1;0;1;0.5004633920296571;0.8758109360518999;2.0018535681186282;2.4606116774791476;0.12511584800741427
94741;169925;Diego Minaya;2023_2024;0.0;2.9245283018867925;3.9622641509433962;74.84472049689441;1.2264150943396226;0.0;0.0;4.811320754716982;0;0.5660377358490566;33;0.5660377358490566;33.33333333333333;0.09433962264150944;0.09433962264150944;954.0;0;0;1;0;0.09433962264150944;0.0;0;0;1;1;0.0;0.2830188679245283;0.18867924528301888;0.18867924528301888;0.18867924528301888
96432;583660;Marcelo Benítez;2023_2024;1.0082150858849888;7.393577296489918;3.427931292008962;74.95908346972176;1.4115011202389842;0.0;0.4705003734129948;2.6213592233009706;0;1.2770724421209858;32;0.7393577296489917;3.4482758620689653;0.06721433905899925;1.2098581030619866;1339.0;1;0;0;0;0.06721433905899925;0.0;0;0;0;1;0.8737864077669902;0.6049290515309933;0.537714712471994;0.4032860343539955;0.268857356235997
981706;1176979;Jhosep Núñez;2023_2024;0.7423857868020304;5.996192893401014;0.9708121827411167;70.17045454545455;0.11421319796954314;0.1713197969543147;0.6281725888324873;0.28553299492385786;0;0.7423857868020304;19;2.0558375634517763;8.108108108108109;0.1713197969543147;0.7423857868020304;1576.0;0;0;1;0;0.1713197969543147;0.0;1;0;0;1;0.7994923857868019;0.6852791878172588;1.713197969543147;3.1979695431472077;0.39974619289340096
988946;1185457;Byron Angulo;2023_2024;0.5951506245407788;7.141807494489346;1.5209404849375459;73.11557788944724;1.5209404849375459;0.1322556943423953;0.5951506245407788;0.33063923585598826;0;0.46289493019838357;26;0.7274063188831742;12.82051282051282;0.33063923585598826;0.9257898603967671;1361.0;0;0;0;0;0.1322556943423953;0.0;1;0;0;1;1.1903012490815577;0.7935341660543718;2.116091109478325;1.4548126377663484;0.19838354151359294
1011264;1415942;Catriel Cabellos;2024_2025;0.5642633228840126;7.405956112852665;1.9396551724137931;76.22461170848268;0.4584639498432602;0.14106583072100315;0.35266457680250785;0.2468652037617555;1;0.6347962382445141;19;0.987460815047022;13.636363636363635;0.21159874608150472;0.9521943573667712;2552.0;0;0;1;0;0.14106583072100315;0.0;0;1;1;1;0.670062695924765;0.5289968652037618;0.9521943573667712;1.1990595611285266;0.17633228840125392
104104;125122;Alejandro Ramírez;2024_2025;0.18652849740932645;9.419689119170986;1.7720207253886011;85.71428571428571;0.5595854922279793;0.09326424870466322;0.4663212435233161;0.9326424870466322;0;0.5595854922279793;32;0.3730569948186529;12.5;0.27979274611398963;1.0259067357512954;965.0;0;0;1;0;0.18652849740932645;0.0;1;0;0;1;0.839378238341969;0.9326424870466322;0.4663212435233161;0.9326424870466322;0.0
106283;220935;Edson Aubert;2024_2025;0.30653950953678477;10.606267029972752;5.272479564032698;79.81530343007915;0.0;0.06130790190735695;0.7356948228882835;1.164850136239782;0;0.6130790190735695;35;1.41008174386921;0.0;0.0;1.471389645776567;1468.0;0;0;1;0;0.0;0.0;0;1;0;1;1.0422343324250682;0.42915531335149865;0.5517711171662125;0.4904632152588556;0.1226158038147139
1066144;1464276;Marcelo Ferreira;2024_2025;0.157251019219569;5.136866627839254;0.5765870704717531;64.72222222222223;4.088526499708794;0.052417006406523;0.104834012813046;0.786255096097845;0;0.366919044845661;30;1.258008153756552;22.22222222222222;0.419336051252184;0.995923121723937;1717.0;0;0;0;0;0.471753057658707;50.0;1;0;0;1;0.943506115317414;0.838672102504368;0.52417006406523;0.943506115317414;0.157251019219569
118756;140103;Pier Barrios;2024_2025;0.15223274695534508;2.7097428958051424;2.9228687415426253;79.12087912087912;1.918132611637348;0.0;0.030446549391069014;4.506089309878214;1;0.4262516914749662;34;1.0960757780784844;0.0;0.0;0.15223274695534508;2956.0;1;0;0;0;0.06089309878213803;0.0;0;0;0;1;0.2435723951285521;0.09133964817320704;0.030446549391069014;0.8220568335588634;0.18267929634641408
124244;122618;Leonel Galeano;2024_2025;0.03386004514672686;4.706546275395033;7.55079006772009;78.80258899676376;1.6591422121896162;0.0;0.06772009029345372;2.8103837471783293;0;0.20316027088036115;32;0.9819413092550789;10.0;0.06772009029345372;0.1693002257336343;2658.0;1;0;0;0;0.03386004514672686;0.0;0;0;1;0;0.4063205417607223;0.20316027088036115;0.03386004514672686;0.37246049661399544;0.23702031602708803
127459;169935;Osnar Noronha;2024_2025;0.1588702559576346;6.275375110326567;0.6354810238305384;72.28915662650603;1.4298323036187115;0.0794351279788173;0.2383053839364519;0.3971756398940865;0;0.0794351279788173;32;1.2709620476610768;11.11111111111111;0.1588702559576346;0.8737864077669903;1133.0;0;0;1;0;0.4766107678729038;100.0;1;0;0;1;0.4766107678729038;0.7149161518093557;0.794351279788173;1.350397175639894;0.3177405119152692
127825;123022;Derlis Orué;2024_2025;0.049315068493150684;6.213698630136986;2.7123287671232874;71.5625;0.7397260273972602;0.09863013698630137;0.19726027397260273;0.8383561643835616;0;0.5917808219178082;35;0.8383561643835616;6.25;0.049315068493150684;0.8383561643835616;1825.0;0;0;0;0;0.049315068493150684;0.0;0;1;0;1;0.5424657534246575;0.049315068493150684;0.6904109589041095;0.2465753424657534;0.2465753424657534
129724;107625;Raúl Ruidíaz;2024_2025;0.059563203176704174;9.113170086035739;0.9530112508272668;85.99033816425121;1.012574454003971;0.0;1.4295168762409;0.41694242223692923;0;0.29781601588352086;33;0.9530112508272668;9.411764705882353;0.4765056254136334;0.8934480476505626;1511.0;0;0;1;0;0.357379219060225;100.0;1;0;0;1;1.727332892124421;1.9060225016545336;1.012574454003971;1.1317008603573793;0.1786896095301125
132353;787610;Yorleys Mena;2024_2025;0.12269938650306748;4.01840490797546;0.15337423312883436;69.4949494949495;1.3496932515337423;0.18404907975460122;0.5521472392638036;0.7975460122699386;0;0.3987730061349693;32;1.165644171779141;12.195121951219512;0.3067484662576687;0.705521472392638;2934.0;0;1;0;0;0.8282208588957055;100.0;1;0;0;1;0.950920245398773;1.0122699386503067;0.460122699386503;0.8282208588957055;0.15337423312883436
146292;932870;Alan Pérez;2024_2025;0.06060606060606061;4.848484848484849;3.9393939393939394;81.54583582983823;1.3636363636363635;0.0;0.06060606060606061;2.484848484848485;0;0.18181818181818182;33;0.7272727272727273;0.0;0.0;0.2727272727272727;2970.0;1;0;0;0;0.0;0.0;0;0;0;0;0.18181818181818182;0.030303030303030304;0.09090909090909091;0.2727272727272727;0.24242424242424243
147263;106461;Fernando Gaibor;2024_2025;0.2315608919382504;12.735849056603774;3.241852487135506;82.9073482428115;0.4631217838765008;0.2315608919382504;0.0;0.4631217838765008;1;0.6946826758147513;32;1.6981132075471699;0.0;0.0;1.8524871355060033;1166.0;0;0;0;0;0.0;0.0;0;1;1;1;0.2315608919382504;0.15437392795883362;0.4631217838765008;1.0034305317324186;0.15437392795883362
159773;146599;Pablo Ceppelini;2024_2025;2.494959677419355;16.466733870967744;2.7671370967741935;81.2037037037037;0.4536290322580645;0.2721774193548387;0.498991935483871;0.3629032258064516;1;0.997983870967742;32;0.9526209677419355;6.451612903225806;0.0907258064516129;3.492943548387097;1984.0;0;0;0;1;0.04536290322580645;0.0;0;1;1;1;0.4536290322580645;0.4536290322580645;0.2721774193548387;1.2701612903225807;0.2721774193548387
171151;805289;Léiner Escalante;2024_2025;0.6459330143540669;4.198564593301435;1.3995215311004783;73.07692307692307;0.7535885167464115;0.10765550239234449;0.6459330143540669;0.32296650717703346;0;0.43062200956937796;32;1.2918660287081338;18.181818181818183;0.43062200956937796;0.8612440191387559;836.0;0;1;0;0;0.43062200956937796;0.0;1;0;0;1;0.8612440191387559;0.8612440191387559;0.43062200956937796;3.1220095693779903;0.32296650717703346
174042;250339;Juan Garro;2024_2025;0.13081395348837208;6.148255813953488;0.5232558139534883;67.90123456790124;1.9622093023255813;0.13081395348837208;0.26162790697674415;0.5232558139534883;0;0.6540697674418604;31;1.7005813953488371;6.666666666666667;0.13081395348837208;1.1773255813953487;688.0;1;0;0;0;0.39244186046511625;0.0;1;0;0;1;1.0465116279069766;0.6540697674418604;0.7848837209302325;2.6162790697674416;0.0
177690;247665;Miguel Trauco;2024_2025;0.37815126050420167;7.279411764705882;3.403361344537815;76.68508287292818;0.9453781512605042;0.0;0.23634453781512604;2.4107142857142856;1;1.4653361344537816;31;1.2289915966386555;15.384615384615385;0.09453781512605042;0.7090336134453782;1904.0;0;0;1;0;0.0;0.0;0;0;0;1;0.23634453781512604;0.18907563025210083;0.4726890756302521;0.23634453781512604;0.23634453781512604
180911;588630;João Ortiz;2024_2025;0.07364975450081833;12.004909983633388;3.8666121112929623;90.55989583333334;0.8101472995090017;0.1104746317512275;0.44189852700491;0.6260229132569558;0;0.40507364975450083;33;0.7364975450081833;3.3333333333333335;0.036824877250409165;1.0679214402618658;2444.0;0;0;1;0;0.0;0.0;0;0;0;1;0.44189852700491;0.220949263502455;0.662847790507365;1.1783960720130933;0.0
187161;560054;Hansell Riojas;2024_2025;0.1;4.8;6.2;73.47826086956522;2.1;0.0;0.1;3.1;0;0.3;32;0.8;0.0;0.0;0.2;900.0;0;0;1;0;0.1;0.0;0;0;0;1;0.2;0.1;0.1;0.8;0.3
189283;220921;Carlos Ascues;2024_2025;0.0;4.817518248175182;5.437956204379562;80.8689024390244;1.0583941605839418;0.03649635036496351;0.07299270072992702;3.613138686131387;0;0.21897810218978103;32;1.0583941605839418;8.333333333333332;0.03649635036496351;0.40145985401459855;2466.0;0;0;1;0;0.07299270072992702;0.0;0;0;0;1;0.21897810218978103;0.14598540145985403;0.29197080291970806;0.36496350364963503;0.07299270072992702
194998;176139;Edison Flores;2024_2025;0.33503955328059565;7.077710563052583;0.6700791065611913;73.94789579158316;0.7957189390414147;0.25127966496044674;0.8375988832014891;0.25127966496044674;1;0.460679385760819;30;1.2145183806421591;12.5;0.3769194974406701;1.5914378780828293;2149.0;0;0;1;0;0.41879944160074456;0.0;1;0;0;1;1.2145183806421591;0.9632387156817125;0.460679385760819;1.2145183806421591;0.20939972080037228
195002;175977;Álvaro Ampuero;2024_2025;0.1329394387001477;2.791728212703102;2.725258493353028;78.89060092449924;2.4593796159527326;0.06646971935007386;0.06646971935007386;3.257016248153619;0;0.19940915805022158;31;1.1299852289512555;0.0;0.0;0.1329394387001477;1354.0;0;0;1;0;0.0;0.0;0;0;0;1;0.2658788774002954;0.19940915805022158;0.39881831610044316;0.5317577548005908;0.39881831610044316
196037;340077;Pablo Lavandeira;2024_2025;1.272984441301273;12.857142857142858;2.418670438472419;78.38983050847457;0.2545968882602546;0.2545968882602546;1.4002828854314004;0.2545968882602546;1;0.6364922206506365;34;1.0183875530410185;6.0606060606060606;0.2545968882602546;3.30975954738331;707.0;0;0;0;1;0.1272984441301273;100.0;0;1;1;0;1.4002828854314004;1.4002828854314004;0.8910891089108911;1.654879773691655;0.3818953323903819
203385;590312;Gabriel Costa;2024_2025;0.9597156398104265;12.476303317535544;2.132701421800948;81.3953488372093;0.31990521327014215;0.10663507109004738;0.21327014218009477;0.21327014218009477;1;0.8530805687203791;34;1.1729857819905212;14.285714285714285;0.21327014218009477;2.3459715639810423;844.0;0;0;1;0;0.0;0.0;1;0;1;1;0.7464454976303317;0.533175355450237;0.533175355450237;1.8127962085308056;0.31990521327014215
212434;830663;Alejandro Hohberg;2024_2025;1.2013929193267556;9.297736506094022;2.4550203134068482;80.49792531120332;0.3134068485200232;0.261172373766686;0.3134068485200232;0.2089378990133488;0;0.8357515960533952;32;1.1491584445734184;21.568627450980394;0.5745792222867092;1.9849100406268136;1723.0;0;0;1;0;1.0969239698200812;100.0;1;0;1;1;0.9924550203134068;1.3580963435867672;0.8879860708067324;1.567034242600116;0.1567034242600116
224677;588144;Jhonny Vidales;2024_2025;0.4697286012526096;8.455114822546973;0.7985386221294364;71.79080824088749;0.8455114822546973;0.09394572025052192;0.18789144050104384;0.7045929018789144;0;0.7045929018789144;32;1.1273486430062631;10.0;0.09394572025052192;1.6440501043841338;1916.0;0;0;1;0;0.2348643006263048;0.0;1;0;0;1;0.2348643006263048;0.5167014613778705;0.9394572025052192;0.7045929018789144;0.1409185803757829
239623;585102;Adrián Fernández;2024_2025;0.03877638948728996;4.459284791038345;0.7755277897457993;61.71875;3.6837570012925465;0.07755277897457992;0.38776389487289964;1.5122791900043084;0;0.23265833692373977;31;1.3571736320551486;8.108108108108109;0.23265833692373977;1.163291684618699;2321.0;0;0;0;0;0.46531667384747954;33.33333333333333;1;0;0;1;1.3959500215424387;1.085738905644119;0.5040930633347696;1.6673847479534685;0.38776389487289964
242546;1100345;Yonatan Murillo;2024_2025;0.0;1.345514950166113;2.0182724252491693;76.92307692307693;1.9435215946843853;0.07475083056478406;0.0;4.634551495016611;0;0.7475083056478405;31;0.9717607973421927;0.0;0.0;0.22425249169435216;1204.0;0;1;0;0;0.07475083056478406;0.0;0;0;0;1;0.07475083056478406;0.0;0.07475083056478406;0.22425249169435216;0.37375415282392027
246548;333585;Maximiliano Amondarain;2024_2025;0.04312410158121706;2.414949688548155;3.8380450407283178;72.29050279329608;3.104935313847628;0.08624820316243412;0.08624820316243412;4.441782462865357;0;0.43124101581217056;31;1.0349784379492093;0.0;0.0;0.21562050790608528;2087.0;0;0;0;1;0.0;0.0;0;0;0;1;0.34499281264973647;0.2587446094873023;0.08624820316243412;0.5606133205558217;0.2587446094873023
249975;339843;Aldair Rodríguez;2024_2025;0.5826693227091634;8.202191235059761;0.851593625498008;78.05280528052805;1.254980079681275;0.17928286852589642;0.26892430278884466;0.5826693227091634;0;0.35856573705179284;29;1.1653386454183268;7.6923076923076925;0.08964143426294821;1.299800796812749;2008.0;0;0;1;0;0.35856573705179284;0.0;1;0;0;1;0.6274900398406374;0.26892430278884466;1.1653386454183268;2.3306772908366535;0.49302788844621515
249977;883294;Carlos Uribe;2024_2025;0.1759530791788856;5.718475073313782;1.7595307917888563;85.4978354978355;0.5278592375366569;0.0;0.3519061583577712;0.7038123167155425;0;0.5278592375366569;32;0.7038123167155425;8.333333333333332;0.0879765395894428;0.4398826979472141;1023.0;0;0;1;0;0.0;0.0;0;1;0;1;0.4398826979472141;0.26392961876832843;0.1759530791788856;0.8797653958944281;0.1759530791788856
250055;345779;Christofer Gonzales;2024_2025;0.49645390070921985;12.624113475177305;2.5531914893617023;85.56521739130434;0.9219858156028369;0.14184397163120568;0.2127659574468085;0.5673758865248227;1;0.5673758865248227;31;0.9929078014184397;6.0606060606060606;0.14184397163120568;1.2765957446808511;1269.0;0;0;1;0;0.14184397163120568;0.0;0;1;1;1;1.0638297872340425;1.0638297872340425;0.6382978723404256;3.6879432624113475;0.14184397163120568
250437;589448;Jean Pierre Archimbaud;2024_2025;0.23510971786833856;6.959247648902822;2.8683385579937304;78.49293563579278;1.5517241379310345;0.047021943573667714;0.2821316614420063;1.1285266457680252;1;0.2821316614420063;29;1.1755485893416928;23.076923076923077;0.5642633228840126;0.8934169278996865;1914.0;0;0;1;0;0.3761755485893417;0.0;0;1;1;0;0.9404388714733543;1.2225705329153607;0.09404388714733543;0.5172413793103449;0.18808777429467086
250482;805353;Joao Villamarín;2024_2025;0.11278195488721804;4.172932330827067;0.6766917293233082;71.01449275362319;0.6766917293233082;0.22556390977443608;0.3383458646616541;0.45112781954887216;0;0.45112781954887216;32;1.3533834586466165;4.545454545454546;0.11278195488721804;1.1278195488721805;798.0;0;0;1;0;0.9022556390977443;0.0;1;0;0;1;1.5789473684210527;0.5639097744360902;0.22556390977443608;1.3533834586466165;0.0
260094;873704;Ángel Pérez;2024_2025;0.47244094488188976;8.622047244094489;3.3661417322834644;75.9825327510917;0.7677165354330708;0.05905511811023622;0.11811023622047244;2.8937007874015745;0;0.6496062992125984;34;1.4173228346456692;4.166666666666666;0.05905511811023622;0.7086614173228346;1524.0;0;0;1;0;0.0;0.0;0;0;0;0;0.9448818897637795;0.3543307086614173;0.5314960629921259;1.0039370078740157;0.3543307086614173
264671;885539;Joffré Escobar;2024_2025;0.31431897555296856;6.60069848661234;0.6286379511059371;78.28282828282829;1.2572759022118742;0.10477299185098952;1.0477299185098952;0.20954598370197905;0;0.31431897555296856;27;1.2572759022118742;0.0;0.0;1.990686845168801;859.0;0;0;0;0;1.571594877764843;0.0;1;0;0;1;1.4668218859138533;0.8381839348079162;0.5238649592549476;2.3050058207217696;0.0
265590;146410;Danilo Ortiz;2024_2025;0.293733681462141;3.466057441253264;4.934725848563969;82.94190358467245;4.2297650130548305;0.0;0.8224543080939948;3.524804177545692;0;2.702349869451697;31;1.0574412532637076;0.0;0.0;0.1174934725848564;1532.0;0;0;0;0;0.4112271540469974;0.0;0;0;0;1;0.0;0.1174934725848564;0.0587467362924282;0.1174934725848564;0.2349869451697128
266451;338957;Eryc Castillo;2024_2025;0.8333333333333334;3.5;0.0;77.89473684210526;1.1666666666666667;0.0;0.3333333333333333;0.8333333333333334;1;0.5;29;1.3333333333333333;11.11111111111111;0.16666666666666666;0.16666666666666666;540.0;0;0;0;0;0.8333333333333334;0.0;1;0;0;1;0.5;0.16666666666666666;1.6666666666666667;1.1666666666666667;0.16666666666666666
268031;325609;Facundo Callejo;2024_2025;0.8302583025830258;4.870848708487085;0.8856088560885609;69.46107784431138;1.992619926199262;0.11070110701107011;0.8302583025830258;0.6642066420664207;0;0.33210332103321033;31;0.7749077490774908;11.267605633802818;0.44280442804428044;1.6051660516605166;1626.0;1;0;0;0;0.6088560885608856;0.0;1;0;0;1;1.6605166051660516;1.4391143911439115;0.2767527675276753;0.4981549815498155;0.16605166051660517
279057;974136;Beto da Silva;2024_2025;0.21040327293980127;6.890707188778491;0.42080654587960253;73.51485148514851;1.5254237288135593;0.0;0.3156049094097019;0.5260081823495032;0;0.3156049094097019;27;1.315020455873758;8.333333333333332;0.15780245470485094;0.6312098188194037;1711.0;0;0;1;0;0.10520163646990063;0.0;1;0;1;0;0.9994155464640561;0.5786090005844535;0.5786090005844535;1.6832261835184101;0.2630040911747516
285679;846474;Luis Urruti;2024_2025;1.1311475409836067;6.39344262295082;0.9836065573770493;69.50672645739911;0.29508196721311475;0.19672131147540986;0.7868852459016394;0.0;0;0.24590163934426232;31;1.3278688524590165;9.722222222222223;0.3442622950819672;1.9672131147540985;1830.0;0;0;0;1;0.14754098360655737;0.0;1;0;0;1;1.6721311475409837;1.0819672131147542;0.4426229508196722;2.3114754098360657;0.14754098360655737
292729;384658;Alexis Cossio;2024_2025;0.7234726688102894;4.630225080385852;1.5192926045016077;72.75132275132276;0.7234726688102894;0.14469453376205788;0.28938906752411575;2.242765273311897;0;0.6511254019292604;29;1.3745980707395498;0.0;0.0;0.9405144694533761;1244.0;0;0;1;0;0.07234726688102894;0.0;0;0;0;1;0.8681672025723473;0.2170418006430868;0.3617363344051447;1.157556270096463;0.28938906752411575
294886;1121487;Carlos Pimienta;2024_2025;0.0;3.0;3.625;80.38461538461539;1.375;0.0;0.25;3.5;0;0.75;32;1.875;0.0;0.0;0.0;720.0;0;0;0;1;0.125;0.0;0;0;0;1;0.25;0.0;0.125;0.625;0.25
2989;338;Paolo Guerrero;2024_2025;0.0;6.945337620578778;0.3858520900321543;72.01834862385321;2.4115755627009645;0.19292604501607716;0.4823151125401929;0.8681672025723473;1;0.0;40;1.4469453376205788;23.333333333333332;0.67524115755627;1.4469453376205788;933.0;0;0;1;0;0.4823151125401929;100.0;1;0;0;1;0.8681672025723473;1.5434083601286173;0.3858520900321543;1.7363344051446945;0.28938906752411575
302416;365990;Leonel González;2024_2025;0.06696428571428571;3.9174107142857144;5.725446428571429;79.82171799027553;1.4732142857142856;0.0;0.06696428571428571;2.7455357142857144;1;0.3683035714285714;30;0.9709821428571428;0.0;0.0;0.234375;2688.0;1;0;0;0;0.033482142857142856;0.0;0;0;0;1;0.234375;0.10044642857142858;0.5022321428571428;0.9040178571428571;0.13392857142857142
312151;826380;Ray Sandoval;2024_2025;0.3345724907063197;8.698884758364311;0.6691449814126395;80.74866310160428;0.11152416356877323;0.0;0.5576208178438662;0.22304832713754646;0;0.11152416356877323;29;1.003717472118959;4.761904761904762;0.11152416356877323;0.5576208178438662;807.0;0;0;1;0;0.6691449814126395;100.0;1;0;0;1;1.1152416356877324;0.6691449814126395;0.11152416356877323;1.8959107806691449;0.0
313437;351398;Javier Sanguinetti;2024_2025;1.2817089452603472;14.57943925233645;2.643524699599466;79.60975609756098;0.4806408544726302;0.4005340453938585;0.5607476635514019;1.2016021361815754;0;0.6408544726301736;33;0.7209612817089454;14.634146341463413;0.4806408544726302;3.0040053404539386;2247.0;1;0;0;0;0.0801068090787717;100.0;0;1;0;1;1.4018691588785048;1.321762349799733;0.7209612817089454;1.0013351134846462;0.28037383177570097
315761;818401;Pierre da Silva;2024_2025;1.0201511335012594;6.1775818639798485;1.0768261964735515;74.64503042596348;0.906801007556675;0.05667506297229219;0.906801007556675;0.6801007556675063;0;0.3967254408060453;25;1.6435768261964734;3.4482758620689653;0.05667506297229219;1.2468513853904282;1588.0;0;0;0;0;0.05667506297229219;0.0;1;0;0;1;0.28337531486146095;0.4534005037783375;1.6435768261964734;2.153652392947103;0.34005037783375314
320749;385418;Joaquín Aguirre;2024_2025;0.6224066390041494;4.605809128630705;2.987551867219917;76.44927536231883;0.7468879668049793;0.0;0.0;2.6141078838174274;0;0.995850622406639;28;0.24896265560165975;0.0;0.0;0.8713692946058091;723.0;0;0;1;0;0.0;0.0;0;0;0;1;0.0;0.0;0.12448132780082988;0.12448132780082988;0.24896265560165975
323432;542636;Jairo Vélez;2024_2025;1.31916452913155;10.322462440454379;1.8138512275558811;74.34869739478958;0.6925613777940638;0.16489556614144374;0.7585196042506412;0.26383290582630997;1;0.42872847196775377;29;1.4181018688164162;11.904761904761903;0.3297911322828875;2.0447050201539025;2729.0;0;0;0;0;0.06595822645657749;50.0;0;1;0;1;0.9893733968486625;1.0223525100769513;1.5500183217295713;2.011725906925614;0.1978746793697325
325147;557108;Nahuel Luján;2024_2025;1.284840244731475;3.150917743031951;1.7743031951053705;72.9498164014688;0.6118286879673691;0.061182868796736914;0.0;0.15295717199184228;0;1.2236573759347382;28;1.1624745071380014;2.941176470588235;0.061182868796736914;1.529571719918423;2942.0;1;0;0;0;0.15295717199184228;0.0;1;0;0;1;0.0;0.5812372535690007;8.473827328348062;5.261726716519374;0.21414004078857918
325454;924860;Franco Romero;2024_2025;0.2132701421800948;4.62085308056872;6.113744075829384;83.66583541147132;1.8483412322274881;0.0;0.2843601895734597;2.843601895734597;1;1.2796208530805688;29;0.4265402843601896;16.666666666666664;0.07109004739336493;0.2132701421800948;1266.0;0;0;0;1;0.0;0.0;0;0;1;1;0.2132701421800948;0.07109004739336493;0.4265402843601896;0.0;0.14218009478672985
325667;901019;Luis Iberico;2024_2025;0.44609665427509293;1.8959107806691449;0.6691449814126395;87.04318936877077;1.449814126394052;0.11152416356877323;0.0;0.6691449814126395;1;1.7843866171003717;26;1.7843866171003717;17.391304347826086;0.44609665427509293;1.338289962825279;807.0;0;0;1;0;0.3345724907063197;0.0;1;0;0;1;1.449814126394052;1.1152416356877324;1.003717472118959;1.6728624535315986;0.11152416356877323
325706;883389;Diego Ramírez;2024_2025;0.14574898785425103;6.048582995951417;2.3319838056680164;78.67867867867868;0.5101214574898786;0.07287449392712551;0.29149797570850206;0.9473684210526316;0;0.8744939271255061;29;1.5303643724696356;0.0;0.0;0.5829959514170041;1235.0;0;0;1;0;0.07287449392712551;0.0;0;1;0;1;0.6558704453441296;0.0;0.3643724696356275;1.6761133603238867;0.21862348178137653
325726;846366;Adrián Ugarriza;2024_2025;0.0;7.249712313003453;1.0356731875719218;67.52941176470588;0.8803222094361335;0.05178365937859609;0.31070195627157654;0.3624856156501726;0;0.15535097813578827;27;0.8803222094361335;19.607843137254903;0.5178365937859609;1.4499424626006905;1738.0;0;0;1;0;0.3624856156501726;100.0;1;0;1;1;1.2945914844649022;1.0356731875719218;1.3463751438434983;1.7088607594936709;0.10356731875719218
330690;805068;Enmanuel Páucar;2024_2025;0.06254343293954134;2.939541348158443;1.8763029881862405;87.32394366197182;0.37526059763724806;0.0;0.06254343293954134;0.7505211952744961;0;0.1250868658790827;27;0.8756080611535789;0.0;0.0;0.9381514940931203;1439.0;0;0;1;0;0.06254343293954134;0.0;0;1;0;0;0.1250868658790827;0.0;0.06254343293954134;0.6879777623349548;0.18763029881862403
330691;339481;Aldair Perleche;2024_2025;0.6679035250463822;4.842300556586271;1.6697588126159555;61.64383561643836;1.1688311688311688;0.0;0.08348794063079777;2.170686456400742;0;0.75139146567718;29;1.3358070500927643;25.0;0.08348794063079777;0.5009276437847866;1078.0;0;0;1;0;0.08348794063079777;0.0;0;0;0;1;0.16697588126159554;0.08348794063079777;0.16697588126159554;0.8348794063079777;0.2504638218923933
331818;805332;Miguel Carranza;2024_2025;1.0694183864915572;7.035647279549719;0.5065666041275798;70.72599531615926;0.3377110694183865;0.056285178236397754;0.22514071294559101;0.28142589118198874;0;0.3377110694183865;28;0.7317073170731707;0.0;0.0;1.9699812382739212;1599.0;0;0;1;0;0.11257035647279551;0.0;1;0;0;1;0.16885553470919326;0.39399624765478425;1.350844277673546;2.645403377110694;0.11257035647279551
332252;800243;Facundo Castro;2024_2025;0.11799410029498525;0.9144542772861357;0.2949852507374631;71.42857142857143;1.6519174041297935;0.029498525073746312;0.14749262536873156;0.7079646017699115;1;0.56047197640118;28;1.7404129793510326;19.35483870967742;0.35398230088495575;0.4424778761061947;3051.0;1;0;0;0;0.8849557522123894;100.0;1;0;0;1;0.0;0.7964601769911505;1.2389380530973453;1.2094395280235988;0.26548672566371684
332776;760636;Anthony Gordillo;2024_2025;0.9299655568312285;4.701492537313433;1.963260619977038;69.57446808510637;0.8266360505166476;0.15499425947187143;0.2583237657864524;1.8082663605051665;0;0.2066590126291619;30;0.9299655568312285;4.0;0.05166475315729047;1.4466130884041333;1742.0;0;0;1;0;0.10332950631458095;0.0;0;0;0;1;0.7749712973593571;0.2583237657864524;0.3616532721010333;1.0332950631458095;0.2066590126291619
334082;584002;Rodrigo Colombo;2024_2025;0.05385996409335727;2.9084380610412928;3.6624775583482947;72.72727272727273;3.1238779174147218;0.0;0.26929982046678635;3.177737881508079;0;1.7773788150807899;31;0.8617594254937163;7.142857142857142;0.05385996409335727;0.05385996409335727;1671.0;1;0;0;0;0.10771992818671454;0.0;0;0;0;1;0.0;0.48473967684021546;0.21543985637342908;0.3231597845601436;0.3231597845601436
335217;883397;Gerson Barreto;2024_2025;0.26881720430107525;6.827956989247311;2.6344086021505375;82.13367609254499;0.6451612903225806;0.05376344086021505;0.26881720430107525;0.9677419354838709;0;0.7526881720430108;28;1.6666666666666665;0.0;0.0;0.5913978494623655;1674.0;0;0;1;0;0.05376344086021505;0.0;0;1;0;0;0.5376344086021505;0.2150537634408602;0.4301075268817204;0.9677419354838709;0.1075268817204301
345346;883772;Ray Gómez;2024_2025;0.584958217270195;11.364902506963789;3.6768802228412256;85.90021691973969;0.584958217270195;0.08356545961002786;0.584958217270195;0.25069637883008355;0;0.584958217270195;30;1.0027855153203342;3.225806451612903;0.08356545961002786;1.2534818941504178;1077.0;0;0;1;0;0.1671309192200557;0.0;0;1;0;0;1.16991643454039;0.8356545961002786;0.4178272980501393;2.33983286908078;0.1671309192200557
347750;777249;Hernán Da Campo;2024_2025;0.2759678037562285;4.1050210808738985;2.483710233806056;75.14231499051233;2.3802223073974704;0.0;0.37945573016481415;1.6213108470678421;0;2.6561901111536987;29;1.8282866998850136;0.0;0.0;0.17247987734764278;2609.0;1;0;0;0;0.03449597546952856;0.0;0;1;0;1;0.0;0.2759678037562285;1.241855116903028;1.793790724415485;0.310463779225757
351561;831183;Carlo Diez;2024_2025;0.15684907633321715;4.987800627396306;1.662600209132102;78.81656804733727;0.5960264900662252;0.0;0.06273963053328686;0.8469850121993726;0;0.5019170442662949;28;1.1293133495991636;5.88235294117647;0.03136981526664343;0.4078075984663646;2869.0;0;0;1;0;0.06273963053328686;0.0;0;1;0;1;0.21958870686650403;0.25095852213314745;0.34506796793307776;1.317532241199024;0.15684907633321715
352344;876926;Francisco Duclós;2024_2025;0.13005780346820808;5.852601156069364;2.4710982658959537;70.75471698113208;0.5202312138728323;0.0;0.0;1.560693641618497;0;0.3901734104046243;28;1.430635838150289;0.0;0.0;0.26011560693641617;692.0;0;0;1;0;0.26011560693641617;0.0;0;0;0;1;0.13005780346820808;0.0;0.13005780346820808;0.6502890173410405;0.26011560693641617
358338;925309;Carlos Correa;2024_2025;0.0;3.98410896708286;1.9409761634506242;71.0;0.1021566401816118;0.2043132803632236;0.1021566401816118;0.9194097616345062;0;1.021566401816118;29;2.349602724177071;0.0;0.0;0.9194097616345062;881.0;0;0;1;0;0.0;0.0;0;1;0;1;0.4086265607264472;0.2043132803632236;0.3064699205448354;1.9409761634506242;0.6129398410896708
360446;789416;Federico Illanes;2024_2025;0.032632342277012324;2.610587382160986;2.4474256707759245;81.62344983089064;0.7179115300942712;0.032632342277012324;0.032632342277012324;1.0442349528643944;0;0.7505438723712835;30;1.6642494561276286;0.0;0.0;0.19579405366207395;2758.0;1;0;0;0;0.06526468455402465;0.0;0;1;0;1;0.09789702683103697;0.032632342277012324;0.19579405366207395;0.5221174764321972;0.22842639593908629
375178;805270;Paolo Fuentes;2024_2025;0.0;1.7381974248927037;4.200643776824034;83.05882352941177;1.7381974248927037;0.0;0.09656652360515021;4.393776824034335;0;0.19313304721030042;28;1.0139484978540771;20.0;0.09656652360515021;0.1448497854077253;1864.0;0;0;1;0;0.0;0.0;0;0;0;1;0.1448497854077253;0.24141630901287553;0.1448497854077253;0.6759656652360515;0.2896995708154506
375353;1131302;Cristian Mejía;2024_2025;0.0;5.753968253968254;2.3412698412698414;83.35273573923166;0.39682539682539686;0.03968253968253968;0.19841269841269843;1.150793650793651;0;0.39682539682539686;31;0.9523809523809524;5.88235294117647;0.03968253968253968;0.5158730158730159;2268.0;0;0;1;0;0.03968253968253968;0.0;0;1;0;1;0.2380952380952381;0.2380952380952381;0.11904761904761905;0.39682539682539686;0.15873015873015872
399206;815133;Matías Noble;2024_2025;1.6601941747572815;7.776699029126213;1.9660194174757282;76.20357634112793;0.6990291262135923;0.21844660194174756;0.3058252427184466;1.0048543689320388;1;0.9174757281553398;27;1.0048543689320388;11.363636363636363;0.21844660194174756;2.2281553398058254;2060.0;1;0;0;0;0.17475728155339806;0.0;0;1;0;1;0.8300970873786407;0.7864077669902912;1.0048543689320388;1.3106796116504855;0.21844660194174756
399496;846742;Marcos Lliuya;2024_2025;0.9291121816930488;22.577426015141086;6.658637302133516;85.52317247969422;0.12388162422573984;0.18582243633860976;0.4335856847900894;0.09291121816930488;0;0.4026152787336545;32;0.3716448726772195;4.761904761904762;0.09291121816930488;2.7873365450791465;2906.0;0;0;1;0;0.0;0.0;0;1;0;0;0.7123193392980041;0.805230557467309;1.2388162422573983;1.3317274604267033;0.03097040605643496
400051;883287;Johan Madrid;2024_2025;0.6378454996456414;5.54925584691708;3.9227498228206947;75.4180602006689;1.0524450744153084;0.06378454996456415;0.2232459248759745;2.200566973777463;0;0.4783841247342311;27;0.5740609496810772;4.761904761904762;0.03189227498228207;0.9248759744861801;2822.0;0;0;1;0;0.06378454996456415;0.0;0;0;0;1;0.3508150248051028;0.0956768249468462;0.4783841247342311;1.0843373493975903;0.1913536498936924
422855;883329;Luis Benites;2024_2025;0.9060402684563759;12.080536912751679;2.5671140939597317;82.74760383386581;0.0;0.0;0.45302013422818793;0.15100671140939598;0;0.9060402684563759;27;0.9060402684563759;8.0;0.30201342281879195;2.4161073825503356;596.0;0;0;1;0;0.15100671140939598;0.0;1;0;0;0;1.8120805369127517;1.5100671140939599;0.6040268456375839;2.2651006711409396;0.15100671140939598
422934;876931;Erinson Ramírez;2024_2025;0.8695652173913043;6.695652173913044;2.0;73.47670250896059;0.8695652173913043;0.0;0.5217391304347826;0.6086956521739131;0;0.17391304347826086;26;0.08695652173913043;3.8461538461538463;0.08695652173913043;1.391304347826087;1035.0;0;0;1;0;0.0;0.0;0;1;0;1;1.2173913043478262;0.5217391304347826;0.6086956521739131;0.5217391304347826;0.0
433698;887125;José Bolívar;2024_2025;0.4847396768402154;7.675044883303411;2.0197486535008977;74.22037422037423;0.8078994614003591;0.0;0.0807899461400359;2.585278276481149;0;0.1615798922800718;24;1.0502692998204668;0.0;0.0;0.5655296229802513;1114.0;0;0;1;0;0.0807899461400359;0.0;0;0;1;1;0.2423698384201077;0.0807899461400359;0.5655296229802513;0.8078994614003591;0.2423698384201077
434192;883768;David Dioses;2024_2025;0.15113350125944586;6.876574307304787;4.458438287153653;84.4331641285956;0.7556675062972292;0.07556675062972293;0.07556675062972293;0.8312342569269522;0;0.7556675062972292;28;1.3602015113350128;0.0;0.0;0.8312342569269522;1191.0;0;0;1;0;0.0;0.0;0;1;0;0;0.45340050377833757;0.3022670025188917;0.15113350125944586;0.5289672544080605;0.07556675062972293
437964;839368;Tomás Sandoval;2024_2025;0.2408563782337199;0.7225691347011597;0.2408563782337199;58.490566037735846;1.8465655664585192;0.0;0.32114183764495985;0.7225691347011597;0;0.32114183764495985;25;2.7297056199821585;22.22222222222222;0.32114183764495985;0.2408563782337199;1121.0;1;0;0;0;0.8028545941123997;0.0;1;0;0;1;0.0;0.8028545941123997;0.6422836752899197;0.9634255129348795;0.08028545941123996
438000;924762;Agustín González;2024_2025;0.6084017382906808;7.344278126508932;2.3466924191211973;75.21367521367522;0.2607436021245775;0.04345726702076291;0.3476581361661033;0.43457267020762913;0;1.521004345726702;27;1.3471752776436503;0.0;0.0;1.521004345726702;2071.0;0;0;0;1;0.0;0.0;0;1;0;1;0.43457267020762913;0.6953162723322066;1.6513761467889907;3.2158377595364556;0.17382906808305165
439631;876929;Kevin Quevedo;2024_2025;0.72;8.82;0.72;81.78913738019169;0.45;0.18;0.36;0.99;1;0.54;27;0.72;9.090909090909092;0.18;1.35;1000.0;0;0;1;0;0.18;0.0;1;0;0;1;0.54;1.08;0.81;1.26;0.18
440020;874986;Frank Ysique;2024_2025;0.03728251864125932;9.84258492129246;2.945318972659486;88.52459016393442;0.48467274233637114;0.03728251864125932;0.14913007456503727;0.8574979287489644;0;1.0066280033140016;28;0.7456503728251864;0.0;0.0;0.932062966031483;2414.0;0;0;1;0;0.0;0.0;0;1;0;1;0.11184755592377796;0.07456503728251863;0.14913007456503727;1.1930405965202981;0.1864125932062966
441758;879621;José Luján;2024_2025;0.0;2.1140939597315436;3.9261744966442955;74.88372093023256;1.2080536912751678;0.0;0.0;3.9261744966442955;0;0.6040268456375839;27;0.9060402684563759;0.0;0.0;0.0;596.0;0;0;1;0;0.0;0.0;0;0;0;1;0.6040268456375839;0.15100671140939598;0.0;0.7550335570469799;0.30201342281879195
446662;883813;Eduardo Caballero;2024_2025;0.0;1.8277310924369747;3.84453781512605;73.09236947791165;3.0252100840336134;0.0;0.0;5.609243697478991;0;0.4411764705882353;27;1.0084033613445378;0.0;0.0;0.18907563025210083;1428.0;0;0;1;0;0.0;0.0;0;0;0;1;0.31512605042016806;0.06302521008403361;0.12605042016806722;0.5672268907563025;0.18907563025210083
447934;882837;Roberto Villamarín;2024_2025;0.7100591715976331;5.680473372781065;1.6863905325443787;76.72955974842768;0.9763313609467454;0.08875739644970414;0.17751479289940827;1.863905325443787;0;0.2662721893491124;26;1.7751479289940828;0.0;0.0;0.5325443786982248;1014.0;0;0;1;0;0.0;0.0;0;0;0;1;0.4437869822485207;0.35502958579881655;0.7100591715976331;0.621301775147929;0.2662721893491124
457062;932888;Alejandro Altuna;2024_2025;0.0;5.650224215246636;2.9865470852017935;83.47529812606473;1.0493273542600896;0.0;0.40358744394618834;1.8565022421524664;0;0.726457399103139;32;1.0493273542600896;0.0;0.0;0.484304932735426;1115.0;1;0;0;0;0.0;0.0;0;1;0;1;0.5650224215246636;0.08071748878923767;0.484304932735426;1.210762331838565;0.32286995515695066
458603;924736;Mauro Da Luz;2024_2025;0.7627118644067797;6.101694915254238;0.8075772681954138;68.75;1.4356929212362912;0.0448654037886341;0.2243270189431705;0.4935194416749751;0;0.3589232303090728;29;1.0767696909272184;18.51851851851852;0.448654037886341;1.0319042871385844;2006.0;0;0;0;1;0.6729810568295115;0.0;1;0;0;1;1.0319042871385844;1.1665004985044867;0.7627118644067797;1.1216350947158524;0.0448654037886341
458756;873619;Maximiliano Pérez;2024_2025;0.0;1.0146561443066515;0.6087936865839909;78.75;5.479143179255918;0.0;0.2029312288613303;0.5073280721533258;0;0.10146561443066515;29;1.0146561443066515;25.0;0.2029312288613303;0.6087936865839909;887.0;0;0;0;1;0.30439684329199546;0.0;1;0;0;1;0.0;0.30439684329199546;0.2029312288613303;0.9131905298759865;0.10146561443066515
460343;869989;Geimer Balanta;2024_2025;0.5863192182410424;12.31270358306189;1.3680781758957656;84.9002849002849;0.7817589576547231;0.09771986970684039;0.5863192182410424;0.8794788273615636;0;0.09771986970684039;31;0.5863192182410424;12.5;0.19543973941368079;0.8794788273615636;921.0;0;1;0;0;0.19543973941368079;100.0;1;0;0;1;0.6840390879478828;0.2931596091205212;2.5407166123778504;2.931596091205212;0.19543973941368079
473579;876928;Luis Garro;2024_2025;0.058823529411764705;7.882352941176471;1.1176470588235294;81.52542372881356;1.0;0.0;0.35294117647058826;1.8823529411764706;0;0.47058823529411764;27;1.0588235294117647;0.0;0.0;0.23529411764705882;1530.0;0;0;1;0;0.058823529411764705;0.0;0;0;0;0;0.47058823529411764;0.17647058823529413;0.8823529411764706;1.5294117647058822;0.17647058823529413
477378;883396;Carlos Cabello;2024_2025;0.75;6.375;3.0;70.1058201058201;0.5625;0.09375;0.46875;2.25;0;0.84375;26;0.84375;0.0;0.0;0.65625;960.0;0;0;1;0;0.0;0.0;0;0;0;1;0.5625;0.1875;0.5625;1.40625;0.1875
480523;876927;Aldair Fuentes;2024_2025;0.0;0.8571428571428572;1.885714285714286;86.38132295719845;2.2285714285714286;0.0;0.0;3.6;1;0.5142857142857143;26;1.542857142857143;20.0;0.17142857142857143;0.17142857142857143;525.0;0;0;1;0;0.17142857142857143;0.0;0;0;0;1;0.5142857142857143;0.34285714285714286;0.0;0.5142857142857143;0.17142857142857143
480526;960215;Rudy Palomino;2024_2025;0.06686478454680535;6.75334323922734;3.9450222882615154;83.56401384083046;0.46805349182763745;0.06686478454680535;0.4011887072808321;0.9361069836552749;0;1.2035661218424962;25;1.6716196136701338;11.11111111111111;0.1337295690936107;0.6686478454680534;1346.0;0;0;1;0;0.0;0.0;0;1;0;1;0.4011887072808321;0.4011887072808321;0.2674591381872214;0.8023774145616642;0.3343239227340267
482452;922007;Jimmy Valoyes;2024_2025;0.06610356224752112;3.867058391479985;4.197576202717591;71.85686653771761;2.677194271024605;0.03305178112376056;0.19831068674256333;4.230627983841352;0;0.39662137348512666;37;0.892398090341535;3.4482758620689653;0.03305178112376056;0.4627249357326478;2723.0;0;1;0;0;0.0;0.0;0;0;0;1;0.6279838413514506;0.13220712449504224;0.2313624678663239;0.892398090341535;0.13220712449504224
483715;883812;Renato Espinosa;2024_2025;0.2598652550529355;4.417709335899904;0.6929740134744947;66.83417085427136;1.2993262752646777;0.0;0.2598652550529355;0.4331087584215592;0;0.2598652550529355;25;1.039461020211742;25.0;0.6929740134744947;0.9528392685274303;1039.0;0;0;1;0;1.126082771896054;0.0;1;0;0;0;1.2127045235803657;1.2993262752646777;0.17324350336862368;1.7324350336862369;0.17324350336862368
486641;879628;Jordan Guivin;2024_2025;0.19088016967126192;8.589607635206788;1.8133616118769884;85.26570048309179;0.0;0.0;0.38176033934252385;0.6680805938494168;0;0.2863202545068929;26;0.8589607635206786;0.0;0.0;0.7635206786850477;943.0;0;0;1;0;0.0;0.0;0;1;0;1;0.47720042417815484;0.2863202545068929;0.09544008483563096;0.9544008483563097;0.09544008483563096
489993;875661;Jorge Toledo;2024_2025;0.5724670604270786;3.9254884143571105;3.189459336665152;76.2874251497006;0.7360290776919582;0.0408905043162199;0.2044525215810995;2.5761017719218535;0;0.5724670604270786;28;1.1449341208541572;0.0;0.0;0.6542480690595184;2201.0;0;0;1;0;0.0;0.0;0;0;0;1;0.0817810086324398;0.0408905043162199;0.8587005906406179;0.4906860517946388;0.3680145388459791
490614;876924;Diego Carabaño;2024_2025;0.8021390374331551;14.919786096256685;9.893048128342246;82.13925327951564;0.42780748663101603;0.42780748663101603;0.42780748663101603;0.5882352941176471;0;0.6951871657754011;26;1.8716577540106953;0.0;0.0;1.9786096256684493;1683.0;0;0;1;0;0.053475935828877004;0.0;0;1;0;1;1.3368983957219251;0.32085561497326204;0.5347593582887701;0.8021390374331551;0.26737967914438504
491560;975540;Freddy Oncoy;2024_2025;0.0821167883211679;9.114963503649635;1.7244525547445257;79.37608318890814;1.8886861313868615;0.0;0.1642335766423358;0.9854014598540146;0;0.6569343065693432;23;1.1496350364963503;27.27272727272727;0.24635036496350365;0.3284671532846716;1096.0;0;0;1;0;0.0821167883211679;0.0;0;1;1;0;0.3284671532846716;0.41058394160583944;0.3284671532846716;0.5748175182481752;0.0821167883211679
491569;936165;Leonardo Mifflin;2024_2025;0.0;2.8;2.4;82.16560509554141;0.6;0.0;0.2;2.0;0;1.2;24;2.0;0.0;0.0;0.2;450.0;0;0;1;0;0.0;0.0;0;1;0;1;0.4;0.0;0.0;0.2;0.2
491570;922871;Nelson Cabanillas;2024_2025;1.6222570532915361;7.758620689655173;1.5517241379310345;72.89156626506023;0.7053291536050157;0.14106583072100315;0.07053291536050157;1.0579937304075235;1;0.7758620689655172;24;0.987460815047022;0.0;0.0;1.481191222570533;1276.0;0;0;1;0;0.07053291536050157;0.0;0;0;1;1;0.14106583072100315;0.35266457680250785;0.7758620689655172;1.5517241379310345;0.2821316614420063
515413;874981;Jesús Mendieta;2024_2025;1.1975435005117707;5.803480040941658;1.9344933469805525;60.42553191489362;0.7369498464687819;0.18423746161719548;0.5527123848515865;1.842374616171955;0;0.7369498464687819;26;1.5660184237461616;4.761904761904762;0.09211873080859774;1.4738996929375638;977.0;0;0;1;0;0.0;0.0;0;0;0;1;0.7369498464687819;0.6448311156601843;0.46059365404298874;0.7369498464687819;0.09211873080859774
520457;892073;Gustavo Cazonatti;2024_2025;0.03473562331146276;6.877653415669626;1.875723658818989;81.31655372700871;1.8062524121960633;0.13894249324585103;0.34735623311462754;1.3199536858355847;1;0.5210343496719414;27;1.3894249324585102;10.344827586206897;0.10420686993438827;0.6599768429177924;2591.0;0;0;0;0;0.0;0.0;0;1;0;1;0.3126206098031648;0.34735623311462754;0.27788498649170207;1.4588961790814359;0.27788498649170207
531177;925420;Jean Franco Falconí;2024_2025;0.9583736689254598;7.318489835430784;3.223620522749274;79.23976608187134;0.34849951597289447;0.08712487899322362;0.17424975798644723;1.3068731848983544;0;0.4356243949661181;28;0.5227492739593417;0.0;0.0;0.9583736689254598;1033.0;0;0;1;0;0.0;0.0;0;0;0;1;0.26137463697967084;0.34849951597289447;0.17424975798644723;0.5227492739593417;0.0
531624;924725;Santiago Arias;2024_2025;0.5994291151284491;6.764985727878211;2.440532825880114;78.18599311136624;0.5137963843958135;0.0;0.5566127497621314;0.9847764034253093;0;0.8135109419600381;29;1.8411037107516652;0.0;0.0;1.3273073263558517;2102.0;0;0;0;1;0.0428163653663178;0.0;0;1;0;1;0.3425309229305424;0.3425309229305424;0.47098001902949577;2.14081826831589;0.38534728829686016
537255;895364;Gaspar Gentile;2024_2025;0.9239543726235742;6.775665399239544;1.129277566539924;71.2624584717608;0.13688212927756654;0.13688212927756654;0.5133079847908746;0.20532319391634982;0;0.6501901140684411;29;0.9239543726235742;6.41025641025641;0.17110266159695817;1.8136882129277567;2630.0;1;0;0;0;0.7186311787072244;0.0;1;0;0;1;1.0950570342205324;1.0608365019011408;0.8555133079847909;1.1634980988593155;0.10266159695817491
540304;897102;Nicolás Gómez;2024_2025;0.0;4.278238116005233;3.061491495856956;75.59748427672956;1.452245965983428;0.07849978194505015;0.27474923680767555;1.3737461840383776;0;2.904491931966856;28;1.6484954208460532;7.6923076923076925;0.03924989097252508;0.3139991277802006;2293.0;1;0;0;0;0.03924989097252508;0.0;0;1;0;1;0.0;0.19624945486262538;1.2952464020933274;1.8054949847361534;0.3532490187527257
547021;949793;Alessandro Milesi;2024_2025;0.8429752066115702;5.305785123966942;1.140495867768595;69.48453608247422;1.0413223140495866;0.09917355371900825;0.1983471074380165;2.0330578512396693;0;0.24793388429752064;24;1.487603305785124;0.0;0.0;0.9917355371900826;1815.0;0;0;1;0;0.0;0.0;0;0;0;1;0.4958677685950413;0.24793388429752064;0.4958677685950413;0.5950413223140496;0.24793388429752064
566698;1085447;Emiliano Villar;2024_2025;0.0;1.2698412698412698;0.9523809523809524;63.63636363636363;0.7936507936507937;0.31746031746031744;0.31746031746031744;0.15873015873015872;0;1.2698412698412698;24;0.6349206349206349;20.0;0.15873015873015872;0.9523809523809524;567.0;0;0;0;1;0.31746031746031744;0.0;1;0;0;1;0.0;0.4761904761904762;2.0634920634920637;1.4285714285714286;0.15873015873015872
579734;924574;Carlos López;2024_2025;2.632135306553911;11.226215644820295;1.20507399577167;74.8995983935743;0.2219873150105708;0.3488372093023256;0.15856236786469344;0.5391120507399577;0;0.5708245243128964;29;0.47568710359408034;28.205128205128204;0.3488372093023256;3.107822410147991;2838.0;0;1;0;0;0.12684989429175475;100.0;1;0;0;1;0.47568710359408034;0.602536997885835;1.1733615221987315;1.20507399577167;0.12684989429175475
610563;943177;Cristian García;2024_2025;0.162016201620162;5.913591359135913;2.511251125112511;69.08665105386417;2.673267326732673;0.0;0.081008100810081;1.134113411341134;0;0.8910891089108911;27;2.511251125112511;0.0;0.0;0.40504050405040504;1111.0;1;0;0;0;0.081008100810081;0.0;0;1;0;1;0.0;0.0;0.324032403240324;1.3771377137713772;0.729072907290729
621028;980889;Dylan Caro;2024_2025;0.8035714285714286;3.3928571428571432;1.830357142857143;77.77777777777779;0.9375000000000001;0.044642857142857144;0.22321428571428573;2.142857142857143;0;0.26785714285714285;25;1.205357142857143;5.555555555555555;0.044642857142857144;0.7142857142857143;2016.0;0;0;1;0;0.044642857142857144;0.0;0;0;0;1;0.35714285714285715;0.22321428571428573;0.26785714285714285;1.7857142857142858;0.22321428571428573
621036;973653;Jonathan Bilbao;2024_2025;0.0;1.3851913477537436;4.305324459234609;88.6094674556213;2.0965058236272878;0.0;0.0;4.1930116472545755;0;0.41181364392678865;24;1.235440931780366;0.0;0.0;0.1497504159733777;2404.0;0;0;1;0;0.0;0.0;0;0;0;0;0.26206322795341097;0.03743760399334443;0.03743760399334443;0.41181364392678865;0.11231281198003328
626179;927690;Matías Succar;2024_2025;0.2085747392815759;5.005793742757822;0.3650057937427578;72.29299363057325;1.3557358053302433;0.10428736964078796;0.3128621089223639;0.9385863267670915;1;0.3650057937427578;25;1.929316338354577;8.16326530612245;0.2085747392815759;0.7300115874855156;1726.0;0;0;1;0;0.3128621089223639;100.0;1;0;0;1;1.1993047508690615;1.0428736964078795;0.15643105446118194;1.981460023174971;0.10428736964078796
626916;960016;Lautaro Guzmán;2024_2025;1.627659574468085;7.99468085106383;1.1968085106382977;73.06273062730627;0.3351063829787234;0.14361702127659573;0.3829787234042553;0.28723404255319146;1;1.4840425531914894;24;0.6702127659574468;5.263157894736842;0.09574468085106383;1.2446808510638299;1880.0;1;0;0;0;0.28723404255319146;50.0;1;0;0;1;0.8617021276595744;0.5744680851063829;1.9627659574468084;2.5851063829787235;0.09574468085106383
638929;957940;Manuel Ganoza;2024_2025;0.29801324503311255;3.4271523178807946;2.980132450331126;72.38095238095238;1.6390728476821192;0.0;0.0;3.129139072847682;0;0.7450331125827815;25;1.6390728476821192;0.0;0.0;0.29801324503311255;604.0;0;0;1;0;0.0;0.0;0;0;0;1;0.14900662251655628;0.14900662251655628;0.4470198675496689;0.0;0.14900662251655628
639763;965759;Rodrigo Vilca;2024_2025;0.4545454545454546;8.787878787878789;0.9090909090909092;80.0;0.15151515151515152;0.0;0.15151515151515152;0.7575757575757576;0;0.6060606060606061;25;1.9696969696969697;25.0;0.30303030303030304;1.3636363636363638;594.0;0;0;1;0;0.0;0.0;0;1;0;1;0.30303030303030304;0.7575757575757576;1.2121212121212122;4.545454545454546;0.15151515151515152
639764;965761;Piero Serra;2024_2025;0.0;4.416785206258891;4.608819345661451;76.86084142394822;0.7681365576102418;0.0;0.3840682788051209;2.880512091038407;0;0.5761024182076814;26;1.4722617354196301;0.0;0.0;0.3200568990042674;1406.0;0;0;1;0;0.0;0.0;0;1;0;1;0.3200568990042674;0.06401137980085349;0.12802275960170698;0.5120910384068279;0.25604551920341395
641820;933730;Brandon Palacios;2024_2025;0.5817174515235457;6.232686980609419;1.2465373961218837;73.78277153558052;0.7479224376731302;0.08310249307479224;0.41551246537396125;0.6648199445983379;0;1.4958448753462603;26;1.5789473684210527;9.090909090909092;0.16620498614958448;1.1634349030470914;1083.0;0;0;1;0;0.4986149584487535;0.0;1;0;0;1;0.8310249307479225;0.5817174515235457;0.997229916897507;2.0775623268698062;0.33240997229916897
653484;975241;Erick Perleche;2024_2025;0.5620608899297425;6.8149882903981265;1.2646370023419204;77.77777777777779;0.49180327868852464;0.0;0.0;1.7564402810304451;0;0.49180327868852464;23;1.4754098360655739;11.11111111111111;0.07025761124121781;0.9133489461358314;1281.0;0;0;1;0;0.0;0.0;0;0;0;1;0.4215456674473068;0.2107728337236534;0.4215456674473068;0.8430913348946136;0.28103044496487123
653688;973636;Paolo Méndez;2024_2025;1.0602094240837696;8.363874345549737;2.238219895287958;83.71335504885994;1.1780104712041886;0.0;0.11780104712041885;2.356020942408377;0;0.7068062827225131;25;1.2958115183246073;0.0;0.0;2.0026178010471205;764.0;0;0;1;0;0.35340314136125656;0.0;0;0;0;1;0.35340314136125656;0.0;0.35340314136125656;1.2958115183246073;0.11780104712041885
655639;976933;Paolo Reyna;2024_2025;0.5742935278030994;8.040109389243392;1.6408386508659982;76.17135207496653;1.1485870556061988;0.08204193254329992;0.20510483135824978;1.5998176845943484;1;0.45123062898814953;22;1.1896080218778486;7.142857142857142;0.04102096627164996;0.8614402917046491;2194.0;0;0;1;0;0.0;0.0;0;0;1;0;0.16408386508659983;0.20510483135824978;0.3691886964448496;0.6973564266180493;0.0
655641;976931;Carlos Gamarra;2024_2025;0.03497862417411582;2.0987174504469492;3.7427127866303924;75.23474178403757;1.6439953361834434;0.03497862417411582;0.03497862417411582;4.1974349008938985;0;0.6995724834823164;24;0.7345511076564322;10.0;0.03497862417411582;0.24485036921881073;2573.0;0;0;1;0;0.0;0.0;0;0;0;1;0.2098717450446949;0.10493587252234746;0.2098717450446949;0.384764865915274;0.2098717450446949
662695;984882;Arón Sánchez;2024_2025;0.14415376401494928;1.7778964228510412;3.075280298985585;70.99863201094391;1.825947677522691;0.09610250934329953;0.048051254671649765;3.5557928457020824;0;0.5766150560597971;21;0.8649225840896957;22.22222222222222;0.09610250934329953;0.19220501868659906;1873.0;0;0;1;0;0.09610250934329953;0.0;0;0;0;1;0.09610250934329953;0.28830752802989856;0.09610250934329953;0.7688200747463962;0.2402562733582488
662705;989259;Mathías Llontop;2024_2025;0.2703862660944206;4.24892703862661;1.1201716738197425;70.27027027027027;0.7339055793991416;0.03862660944206008;0.15450643776824033;2.703862660944206;1;0.7725321888412017;22;0.7339055793991416;0.0;0.0;0.6180257510729613;2330.0;0;0;1;0;0.03862660944206008;0.0;0;0;0;1;0.11587982832618025;0.03862660944206008;0.15450643776824033;0.6952789699570815;0.2703862660944206
662709;988298;Óscar Pinto;2024_2025;0.6213489113117366;4.492830589484865;0.6213489113117366;79.52127659574468;0.6213489113117366;0.09559214020180563;0.47796070100902815;0.2867764206054169;0;0.43016463090812534;22;1.6250663834306958;5.405405405405405;0.09559214020180563;0.8603292618162507;1883.0;0;0;1;0;0.04779607010090282;100.0;1;0;1;1;0.8125331917153479;0.47796070100902815;2.2942113648433353;1.816250663834307;0.09559214020180563
664362;931772;Francesco Cavagna;2024_2025;0.22959183673469388;2.2193877551020407;2.295918367346939;71.34986225895317;1.1479591836734695;0.0;0.07653061224489796;3.826530612244898;0;0.15306122448979592;23;0.5357142857142857;0.0;0.0;0.22959183673469388;1176.0;0;0;1;0;0.15306122448979592;0.0;0;0;0;1;0.07653061224489796;0.0;0.22959183673469388;0.5357142857142857;0.22959183673469388
664841;1089808;Kenyi Barrios;2024_2025;0.7985803016858918;3.3540372670807455;2.3158828748890863;80.0;0.3992901508429459;0.15971606033717836;0.15971606033717836;1.756876663708962;0;0.47914818101153506;28;1.277728482697427;0.0;0.0;0.878438331854481;1127.0;0;0;1;0;0.0;0.0;1;0;0;1;0.3194321206743567;0.15971606033717836;0.23957409050576753;0.7985803016858918;0.3194321206743567
665113;975919;Percy Liza;2024_2025;0.16468435498627632;5.022872827081428;0.49405306495882895;76.0;1.564501372369625;0.24702653247941447;0.0;0.4117108874656908;1;0.16468435498627632;24;2.552607502287283;5.555555555555555;0.08234217749313816;1.3174748398902105;1093.0;0;0;1;0;0.08234217749313816;0.0;1;0;0;1;0.9057639524245197;0.576395242451967;0.9057639524245197;2.140896614821592;0.16468435498627632
671879;1049088;Erick Gonzales;2024_2025;0.07537688442211055;3.467336683417085;2.1105527638190953;69.43620178041543;0.829145728643216;0.07537688442211055;0.07537688442211055;1.2814070351758793;0;0.3015075376884422;28;2.2613065326633164;0.0;0.0;0.22613065326633164;1194.0;0;0;1;0;0.07537688442211055;0.0;0;1;0;1;0.37688442211055273;0.1507537688442211;0.3015075376884422;0.829145728643216;0.37688442211055273
672132;1121321;Cristhian Tizón;2024_2025;1.104589114194237;1.584845250800427;1.152614727854856;66.17954070981212;0.768409818569904;0.048025613660619;0.096051227321238;0.5282817502668089;0;0.816435432230523;28;1.104589114194237;11.363636363636363;0.24012806830309497;1.104589114194237;1874.0;0;0;0;1;0.5282817502668089;0.0;1;0;0;1;0.048025613660619;0.576307363927428;0.6723585912486659;1.0565635005336178;0.24012806830309497
686758;989460;Gustavo Machado;2024_2025;0.7079646017699115;1.415929203539823;1.5044247787610618;64.56692913385827;1.1504424778761062;0.08849557522123894;0.08849557522123894;0.44247787610619466;0;1.238938053097345;23;1.5929203539823007;0.0;0.0;0.35398230088495575;1017.0;0;0;0;1;0.17699115044247787;0.0;0;1;0;1;0.0;0.5309734513274336;2.743362831858407;1.5044247787610618;0.08849557522123894
68747;249137;Diego Churín;2024_2025;0.1680672268907563;6.050420168067227;0.5882352941176471;60.61538461538461;3.949579831932773;0.0;0.3361344537815126;0.6722689075630252;1;0.08403361344537814;34;2.857142857142857;5.88235294117647;0.08403361344537814;0.6722689075630252;1071.0;1;0;0;0;0.5042016806722689;0.0;1;0;1;1;0.6722689075630252;0.42016806722689076;0.6722689075630252;2.857142857142857;0.6722689075630252
687933;906816;Nahuel Tecilla;2024_2025;0.0;6.009104704097117;6.282245827010622;74.609375;3.960546282245827;0.0;0.8194233687405159;3.550834597875569;0;2.04855842185129;29;1.2291350531107739;0.0;0.0;0.13657056145675267;659.0;1;0;0;0;0.0;0.0;0;0;0;1;0.0;0.0;0.5462822458270107;1.0925644916540214;0.13657056145675267
696726;1018388;Emanuel Ibáñez;2024_2025;0.2913968547641073;4.495837187789085;1.6651248843663276;80.46398046398046;2.1230342275670675;0.041628122109158186;0.08325624421831637;1.1655874190564293;0;2.4976873265494914;30;1.8316373728029602;9.090909090909092;0.041628122109158186;0.3330249768732655;2162.0;1;0;0;0;0.08325624421831637;0.0;0;1;0;1;0.0;0.08325624421831637;1.2072155411655874;1.8316373728029602;0.4162812210915819
723853;1020375;Erick Noriega;2024_2025;0.1329394387001477;5.550221565731167;4.519940915805022;79.51612903225806;1.4290989660265878;0.03323485967503693;0.09970457902511079;2.9246676514032495;1;0.2658788774002954;22;1.4623338257016247;4.545454545454546;0.03323485967503693;0.3655834564254062;2708.0;0;0;1;0;0.09970457902511079;0.0;0;0;0;1;0.33234859675036926;0.29911373707533234;0.7976366322008863;0.7311669128508124;0.2326440177252585
725453;991108;Héctor González;2024_2025;0.026501766784452298;3.4717314487632507;4.558303886925795;82.64689730917078;4.372791519434629;0.0;0.31802120141342755;3.8692579505300353;0;2.0936395759717312;31;0.8215547703180212;11.11111111111111;0.026501766784452298;0.13250883392226148;3396.0;1;0;0;0;0.026501766784452298;0.0;0;0;0;1;0.0;0.026501766784452298;0.42402826855123676;0.7950530035335689;0.18551236749116606
729032;1017480;José Carabalí;2024_2025;0.8626198083067093;8.396166134185304;0.7476038338658146;76.19047619047619;1.3801916932907348;0.0;0.3450479233226837;0.28753993610223644;1;0.5750798722044729;27;0.7476038338658146;4.0;0.05750798722044728;1.610223642172524;1565.0;0;0;0;0;0.5175718849840255;0.0;0;0;0;1;0.5750798722044729;0.5175718849840255;2.415335463258786;1.3801916932907348;0.23003194888178913
738291;992004;Kevin Peña;2024_2025;0.18556701030927833;6.494845360824741;3.8969072164948453;82.2429906542056;0.0;0.0;0.0;0.556701030927835;0;1.11340206185567;26;2.5979381443298966;0.0;0.0;0.9278350515463917;485.0;0;0;1;0;0.18556701030927833;0.0;0;1;0;1;0.7422680412371133;0.18556701030927833;0.18556701030927833;2.5979381443298966;0.7422680412371133
738469;1020855;Leonardo Rugel;2024_2025;0.0;2.7445997458703943;5.832274459974587;80.49382716049382;2.401524777636595;0.0;0.11435832274459976;5.031766200762389;0;0.3430749682337993;23;0.8005082592121983;0.0;0.0;0.0;787.0;0;0;1;0;0.11435832274459976;0.0;0;0;0;1;0.914866581956798;0.0;0.11435832274459976;0.3430749682337993;0.457433290978399
738710;1016982;Marlon Ruidías;2024_2025;0.2993762993762994;8.869022869022869;2.769230769230769;80.50847457627118;0.2993762993762994;0.11226611226611227;0.26195426195426197;1.16008316008316;0;0.8981288981288982;25;1.496881496881497;16.666666666666664;0.1496881496881497;0.5987525987525988;2405.0;0;0;1;0;0.037422037422037424;0.0;0;0;0;1;0.22453222453222454;0.41164241164241167;0.5613305613305614;0.7110187110187111;0.18711018711018712
739725;1001106;Mathías Carpio;2024_2025;0.0;11.626139817629179;1.3677811550151977;77.63157894736842;0.547112462006079;0.0;0.547112462006079;0.13677811550151975;0;0.547112462006079;21;0.547112462006079;0.0;0.0;0.6838905775075989;658.0;0;0;1;0;0.0;0.0;1;0;0;1;0.13677811550151975;0.0;1.5045592705167175;2.462006079027356;0.2735562310030395
740319;1016974;Ayrthon Quintana;2024_2025;0.6448311156601843;5.573183213920164;2.0266120777891503;76.48648648648648;0.36847492323439096;0.04605936540429887;0.0;0.9672466734902763;0;1.0133060388945752;23;1.2896622313203685;0.0;0.0;1.0133060388945752;1954.0;0;0;1;0;0.13817809621289662;0.0;0;0;0;1;0.7369498464687819;0.3224155578300921;0.9211873080859775;1.3357215967246674;0.27635619242579323
741727;1018255;Orlando Núñez;2024_2025;0.5562422744128553;5.228677379480841;2.0024721878862795;77.77777777777779;0.11124845488257107;0.11124845488257107;0.11124845488257107;1.1124845488257107;0;0.6674907292954264;24;0.5562422744128553;0.0;0.0;0.7787391841779975;809.0;0;0;1;0;0.22249690976514214;0.0;0;0;0;1;0.0;0.0;0.7787391841779975;2.781211372064277;0.11124845488257107
747666;1464243;Alex Custodio;2024_2025;0.11563169164882228;4.740899357601713;2.505353319057816;82.90598290598291;1.2334047109207709;0.03854389721627409;0.0;2.7366167023554606;0;0.3468950749464668;20;1.194860813704497;40.0;0.15417558886509636;0.23126338329764456;2335.0;0;0;0;0;0.0;0.0;0;0;0;1;0.23126338329764456;0.15417558886509636;0.07708779443254818;0.8865096359743041;0.19271948608137046
752551;1103492;Gustavo Navarro;2024_2025;0.0;3.0326086956521743;3.423913043478261;60.10362694300518;2.5434782608695654;0.0;0.29347826086956524;4.304347826086957;0;2.4456521739130435;27;0.8804347826086957;0.0;0.0;0.0;920.0;0;0;0;0;0.0;0.0;0;0;0;1;0.0;0.09782608695652174;0.09782608695652174;0.782608695652174;0.391304347826087
752977;878754;Ademar Robles;2024_2025;1.6757940854326396;14.096385542168676;6.506024096385542;82.70270270270271;0.4928806133625411;0.29572836801752467;0.29572836801752467;0.6900328587075575;0;1.1829134720700987;29;0.7886089813800657;9.090909090909092;0.09857612267250822;2.3658269441401973;913.0;0;0;1;0;0.09857612267250822;0.0;0;1;0;1;0.4928806133625411;0.29572836801752467;0.6900328587075575;0.887185104052574;0.09857612267250822
764367;1017778;Williams Guzmán;2024_2025;0.19282271023031602;2.940546331012319;2.6995179432244245;74.76190476190476;1.253347616497054;0.0;0.09641135511515801;3.7118371719335834;0;0.33743974290305306;23;1.4461703267273702;0.0;0.0;0.19282271023031602;1867.0;0;0;1;0;0.09641135511515801;0.0;0;0;0;1;0.626673808248527;0.048205677557579006;0.6748794858061061;0.6748794858061061;0.38564542046063205
789198;1017747;Benjamín Ampuero;2024_2025;0.0;2.6679841897233203;3.379446640316206;78.28571428571428;1.4229249011857708;0.0;0.17786561264822134;2.8458498023715415;0;0.5335968379446641;23;1.6007905138339922;0.0;0.0;0.5335968379446641;506.0;0;0;1;0;0.0;0.0;0;0;0;1;0.0;0.17786561264822134;0.0;0.5335968379446641;0.17786561264822134
822523;1083668;Fabrizio Roca;2024_2025;0.5341246290801187;5.074183976261128;0.40059347181008903;73.23943661971832;2.8041543026706233;0.0;0.26706231454005935;0.8011869436201781;0;0.5341246290801187;22;0.9347181008902077;25.0;0.5341246290801187;0.6676557863501483;674.0;0;0;1;0;0.40059347181008903;100.0;1;0;0;1;0.8011869436201781;1.0682492581602374;0.6676557863501483;0.40059347181008903;0.13353115727002968
830848;1087004;Ignacio Gariglio;2024_2025;0.0;1.9473684210526316;2.4210526315789473;70.32136105860114;1.7894736842105263;0.0;0.05263157894736842;5.105263157894737;0;0.42105263157894735;26;0.8421052631578947;14.285714285714285;0.10526315789473684;0.05263157894736842;1710.0;1;0;0;0;0.10526315789473684;0.0;0;0;0;1;0.42105263157894735;0.2631578947368421;0.3157894736842105;0.5789473684210527;0.21052631578947367
832217;1086281;Yimy Gamero;2024_2025;0.3496843127731909;9.660029140359399;2.31665857212239;77.2032902467685;0.5682370082564352;0.17484215638659545;0.4371053909664886;0.8305002428363284;0;1.0490529383195726;22;0.6993686255463818;3.7037037037037033;0.04371053909664886;1.7484215638659544;2059.0;0;0;1;0;0.04371053909664886;0.0;0;1;1;0;0.39339485186983975;0.3496843127731909;0.39339485186983975;1.4424477901894124;0.08742107819329772
836494;1084961;Alan Cantero;2024_2025;0.0;5.35077288941736;0.4280618311533888;72.75280898876404;1.1236623067776457;0.1605231866825208;0.4815695600475624;0.8561236623067776;1;0.4815695600475624;26;0.6956004756242568;13.88888888888889;0.267538644470868;1.1236623067776457;1682.0;1;0;0;0;0.0;0.0;1;0;0;1;0.802615933412604;0.6420927467300832;2.67538644470868;2.6218787158145065;0.1070154577883472
839993;1092343;Enzo Fernández;2024_2025;1.0865191146881288;5.432595573440644;1.7203219315895373;67.23404255319149;0.9959758551307847;0.0;0.2716297786720322;0.6338028169014085;0;1.0865191146881288;32;1.9014084507042255;21.428571428571427;0.5432595573440644;1.7203219315895373;994.0;1;0;0;0;0.2716297786720322;100.0;1;0;0;1;0.8148893360160966;1.448692152917505;1.267605633802817;1.0865191146881288;0.36217303822937624
842604;1095031;Santiago Torres González;2024_2025;1.3307392996108949;4.062256809338521;1.961089494163424;64.39169139465875;0.0;0.14007782101167315;0.2101167315175097;2.0311284046692606;0;0.7704280155642023;24;0.7704280155642023;0.0;0.0;1.2607003891050583;1285.0;0;0;1;0;0.14007782101167315;0.0;0;0;0;1;0.490272373540856;0.2101167315175097;0.6303501945525292;0.490272373540856;0.07003891050583658
84506;47439;Christian Ramos;2024_2025;0.0;2.530755711775044;4.033391915641476;77.55610972568579;1.4235500878734624;0.0;0.15817223198594024;5.6942003514938495;0;0.23725834797891038;35;0.5536028119507909;0.0;0.0;0.15817223198594024;1138.0;0;0;1;0;0.0;0.0;0;0;1;1;0.07908611599297012;0.0;0.23725834797891038;0.5536028119507909;0.15817223198594024
851121;1096363;Agustín Graneros;2024_2025;0.8151155527795129;6.549031855090568;0.5621486570893192;73.22946175637394;0.5621486570893192;0.1405371642723298;0.4497189256714554;0.5902560899437852;0;0.25296689569019365;28;1.3772642098688321;13.043478260869565;0.4216114928169894;2.023735165521549;3202.0;1;0;0;0;0.8713304184884447;66.66666666666666;1;0;0;1;1.2367270455965023;1.5459088069956277;0.8994378513429108;1.6583385384134917;0.1405371642723298
857805;1107889;Jimmy Pérez;2024_2025;0.6524694154961487;7.8704123244222925;1.264159492523788;84.14322250639387;0.12233801540552787;0.04077933846850929;0.4077933846850929;0.4077933846850929;0;0.5301314000906208;23;0.8971454463072044;10.0;0.16311735387403717;1.14182147711826;2207.0;0;0;1;0;0.04077933846850929;0.0;0;1;0;1;0.7340280924331672;0.4893520616221115;0.6524694154961487;1.7535115541458994;0.12233801540552787
871653;1107917;Piero Guzmán;2024_2025;0.0;1.1722141823444283;3.907380607814761;84.78260869565217;1.8234442836468885;0.0;0.13024602026049203;5.7308248914616495;0;0.13024602026049203;24;0.5209840810419681;20.0;0.13024602026049203;0.13024602026049203;691.0;0;0;1;0;0.13024602026049203;0.0;0;0;1;1;0.3907380607814761;0.13024602026049203;0.26049204052098407;0.3907380607814761;0.13024602026049203
873510;1098306;Franco Torres;2024_2025;0.6247589664481296;2.290782876976475;0.8677207867335134;68.50507982583454;0.4165059776320864;0.1041264944080216;0.13883532587736214;0.4512148091014269;0;1.0065561126108755;27;1.8395680678750483;6.0606060606060606;0.13883532587736214;1.4577709217123025;2593.0;1;0;0;0;0.34708831469340534;33.33333333333333;0;1;0;1;0.0;0.9024296182028538;2.8461241804859236;2.950250674893945;0.17354415734670267
874831;1411422;Piero Magallanes;2024_2025;0.4547221142635056;6.925767586474932;1.7839098328799068;75.70469798657719;0.2098717450446949;0.10493587252234746;0.5596579867858531;0.24485036921881073;0;0.1748931208705791;23;1.7139525845316752;10.256410256410255;0.13991449669646328;1.2242518460940537;2573.0;0;0;1;0;0.0;100.0;1;0;0;1;0.48970073843762146;0.31480761756704234;1.2942090944422853;2.273610571317528;0.2098717450446949
87508;991202;Pablo Bueno;2024_2025;0.03826530612244898;3.5969387755102042;0.45918367346938777;57.45967741935484;2.9464285714285716;0.03826530612244898;0.45918367346938777;1.2627551020408163;0;0.26785714285714285;34;1.3392857142857144;16.176470588235293;0.42091836734693877;0.5739795918367347;2352.0;1;0;0;0;0.26785714285714285;100.0;1;0;0;1;1.1479591836734695;0.9948979591836735;0.3826530612244898;1.7984693877551021;0.15306122448979592
891814;1120472;Flavio Alcedo;2024_2025;0.0;3.442622950819672;3.169398907103825;71.42857142857143;1.6939890710382512;0.0546448087431694;0.0;3.169398907103825;0;0.27322404371584696;21;1.4754098360655736;0.0;0.0;0.16393442622950818;1647.0;0;0;1;0;0.0546448087431694;0.0;0;0;1;1;0.2185792349726776;0.0546448087431694;0.27322404371584696;0.6557377049180327;0.16393442622950818
894212;1131133;Otavio Gut;2024_2025;0.0;4.441398217957505;2.1590130226182316;82.29508196721311;1.912268677176148;0.0616860863605209;0.2467443454420836;2.5291295407813568;0;0.2467443454420836;28;1.233721727210418;0.0;0.0;0.5551747772446881;1459.0;0;0;0;0;0.0616860863605209;0.0;0;0;0;0;0.1850582590815627;0.2467443454420836;0.3701165181631254;0.9869773817683344;0.3084304318026045
894880;1415941;André Vasquez;2024_2025;0.7370336669699727;10.154686078252958;1.3102820746132848;79.48164146868251;0.6551410373066424;0.1637852593266606;0.7370336669699727;0.4913557779799818;0;0.4913557779799818;21;1.4740673339399455;0.0;0.0;1.3102820746132848;1099.0;0;0;1;0;0.1637852593266606;0.0;0;1;1;0;0.9008189262966334;0.3275705186533212;0.3275705186533212;1.6378525932666061;0.3275705186533212
906422;1173448;Isaac Camargo;2024_2025;0.0;4.190283400809717;0.3643724696356275;78.8135593220339;0.9109311740890689;0.18218623481781376;0.728744939271255;0.5465587044534413;0;0.9109311740890689;24;1.0931174089068827;11.11111111111111;0.18218623481781376;1.0931174089068827;494.0;0;1;0;0;0.18218623481781376;100.0;1;0;0;1;0.728744939271255;0.18218623481781376;0.9109311740890689;0.3643724696356275;0.0
908300;1018414;Gregorio Rodríguez;2024_2025;1.3333333333333333;5.037037037037037;0.07407407407407407;76.74418604651163;0.8148148148148148;0.07407407407407407;0.6666666666666666;0.2222222222222222;1;0.5925925925925926;24;0.5185185185185185;13.793103448275861;0.2962962962962963;1.4814814814814814;1215.0;1;0;0;0;0.2222222222222222;0.0;1;0;0;1;0.7407407407407407;0.7407407407407407;1.4074074074074074;0.5925925925925926;0.14814814814814814
909314;1129485;Ezequiel Naya;2024_2025;0.12517385257301808;3.379694019471488;0.25034770514603616;59.411764705882355;4.631432545201669;0.0;0.12517385257301808;0.7510431154381085;0;0.37552155771905427;22;2.878998609179416;7.6923076923076925;0.12517385257301808;1.0013908205841446;719.0;1;0;0;0;1.376912378303199;0.0;1;0;0;1;0.8762169680111266;0.6258692628650904;0.37552155771905427;2.0027816411682893;0.12517385257301808
909475;1159659;Sebastián Aranda;2024_2025;0.12178619756427606;3.1664411366711778;1.5832205683355889;76.4;1.5832205683355889;0.0;0.0;2.070365358592693;0;0.6089309878213803;20;1.2178619756427607;0.0;0.0;0.12178619756427606;739.0;0;0;1;0;0.2435723951285521;0.0;0;0;1;1;0.12178619756427606;0.12178619756427606;0.4871447902571042;2.070365358592693;0.2435723951285521
936044;1526674;Matías Almirón;2024_2025;0.0;2.3248686514886168;4.689141856392294;72.96380090497738;2.009632224168126;0.0;0.0788091068301226;5.280210157618214;0;0.35464098073555167;28;0.8669001751313485;6.25;0.0394045534150613;0.1970227670753065;2284.0;0;0;0;1;0.0788091068301226;0.0;0;0;0;1;0.4728546409807356;0.0788091068301226;0.1182136602451839;0.788091068301226;0.3152364273204904
94761;883299;Janio Pósito;2024_2025;0.05639097744360902;4.680451127819548;0.39473684210526316;71.26865671641791;1.0714285714285714;0.0;0.39473684210526316;0.39473684210526316;0;0.11278195488721804;34;0.9022556390977443;23.809523809523807;0.5639097744360902;0.7330827067669172;1596.0;0;0;1;0;0.8458646616541353;100.0;1;0;0;1;0.6766917293233082;1.2969924812030074;0.16917293233082706;0.7894736842105263;0.16917293233082706
953990;943712;Guillermo Enrique;2024_2025;0.9608540925266904;4.1637010676156585;1.601423487544484;58.59872611464968;1.9217081850533808;0.0;0.1601423487544484;3.3629893238434163;1;0.800711743772242;24;0.6405693950177936;0.0;0.0;1.1209964412811388;562.0;1;0;0;0;0.0;0.0;0;0;0;1;0.3202846975088968;0.1601423487544484;0.9608540925266904;0.800711743772242;0.3202846975088968
95852;123238;Luis Álvarez;2024_2025;0.27777777777777773;6.944444444444444;2.4074074074074074;81.941309255079;1.2037037037037037;0.09259259259259259;0.27777777777777773;1.111111111111111;0;0.5555555555555555;34;1.4814814814814814;0.0;0.0;0.6481481481481481;972.0;0;0;1;0;0.0;0.0;0;1;0;1;0.18518518518518517;0.18518518518518517;0.09259259259259259;0.6481481481481481;0.0
965449;1170641;Jorge Palomino;2024_2025;0.059249506254114556;5.036208031599737;1.718235681369322;80.0;0.8294930875576038;0.11849901250822911;0.0;0.8887425938117183;0;0.9479921000658329;28;2.9624753127057275;16.666666666666664;0.059249506254114556;1.1257406188281764;1519.0;0;0;1;0;0.059249506254114556;0.0;0;1;0;1;0.23699802501645822;0.11849901250822911;0.4147465437788019;0.8887425938117183;0.4147465437788019
965846;1170640;César Inga;2024_2025;0.42875703767864876;6.938068427890862;2.0658293633607623;76.47058823529412;0.779558250324816;0.194889562581204;0.6626245127760936;1.4032048505846688;1;0.5456907752273712;22;0.2728453876136856;0.0;0.0;0.9354699003897792;2309.0;0;0;1;0;0.0;0.0;0;0;0;1;0.5456907752273712;0.2728453876136856;0.9744478129060199;0.5846686877436119;0.0
97013;143886;Marlon de Jesús;2024_2025;0.16353725015142337;3.979406420351302;0.49061175045427013;67.56756756756756;2.0714718352513626;0.10902483343428225;1.1992731677771047;0.7631738340399757;0;0.2725620835857056;32;1.1447607510599636;12.5;0.436099333737129;1.1992731677771047;1651.0;0;0;0;0;0.49061175045427013;100.0;1;0;0;1;1.2537855844942458;1.0357359176256813;0.7086614173228346;1.6898849182313749;0.054512416717141125
981411;1199271;Juan Carlos Gonzáles;2024_2025;0.9677419354838709;10.806451612903226;0.9677419354838709;82.30563002680965;0.564516129032258;0.24193548387096772;0.6451612903225806;0.4032258064516129;0;0.3225806451612903;20;1.0483870967741935;14.285714285714285;0.3225806451612903;1.4516129032258065;1116.0;0;0;1;0;0.0;0.0;1;0;0;1;0.48387096774193544;1.129032258064516;1.129032258064516;2.096774193548387;0.0
981804;1408186;Gabriel Alfaro;2024_2025;0.3010033444816053;2.25752508361204;1.5050167224080266;78.98089171974523;0.451505016722408;0.0;0.0;1.5050167224080266;0;0.3010033444816053;21;0.903010033444816;0.0;0.0;0.3010033444816053;598.0;0;0;1;0;0.15050167224080266;0.0;0;0;1;1;0.3010033444816053;0.0;0.903010033444816;0.15050167224080266;0.0
996587;1650465;Misael Sosa;2024_2025;1.719324026451139;0.49595885378398236;0.56208670095518;56.61605206073753;0.16531961792799413;0.06612784717119766;0.0;0.19838354151359294;1;0.5951506245407788;22;0.8927259368111683;28.888888888888886;0.4298310066127847;1.0911094783247612;2722.0;1;0;0;0;0.7274063188831742;100.0;0;1;0;1;0.0;0.7935341660543718;5.157972079353417;1.2564290962527553;0.1322556943423953
